eva,code,source
1000101,XHT,wikidata
2400008,ZLV,wikidata
2500009,ZTR,wikidata
5100007,XPC,wikidata
5100009,XPG,wikidata
5100010,XPGD,wikidata
5100020,XPKA,wikidata
5100028,XPKR,wikidata
5100057,XPSG,wikidata
5100065,XPWC,wikidata
5100066,XPWW,wikidata
5100067,XPWZ,wikidata
5100069,XPWR,wikidata
5100081,XPPG,wikidata
5100082,XPR,wikidata
5100083,XPKU,wikidata
5100084,XPTE,wikidata
5100085,XPZG,wikidata
5100133,XPSI,wikidata
5100145,XPSU,wikidata
5100172,XPWG,wikidata
5100231,XPZW,wikidata
5100244,XPKZG,wikidata
5100250,XPDGO,wikidata
5102756,XPPN,wikidata
5189954,XPSM,wikidata
5193610,XPSLB,wikidata
5300002,XUA,wikidata
5300008,XUCO,wikidata
5300050,XUTN,wikidata
5400001,XTBR,wikidata
5400002,XTTR,wikidata
5400003,XTD,wikidata
5400004,XTCH,wikidata
5400005,XTCO,wikidata
5400006,XTKV,wikidata
5400008,XTLI,wikidata
5400014,XTP,wikidata
5400017,XTCB,wikidata
5400019,XTU,wikidata
5400022,XTKI,wikidata
5400033,XTBNJ,wikidata
5400035,XTBP,wikidata
5400045,XTCL,wikidata
5400051,XTDU,wikidata
5400066,XTJP,wikidata
5400097,XTSI,wikidata
5400101,XTTV,wikidata
5400119,XTZY,wikidata
5400122,XTAS,wikidata
5400129,XTNS,wikidata
5400130,XTPL,wikidata
5400133,XTTN,wikidata
5400140,XTMM,wikidata
5400141,XTMB,wikidata
5400158,XTOS,wikidata
5400161,XTPAR,wikidata
5400176,XTLO,wikidata
5400188,XTV,wikidata
5400197,XTF,wikidata
5400198,XTL,wikidata
5400199,XTSO,wikidata
5400201,XTPH,wikidata
5400202,XTBE,wikidata
5400203,XTMO,wikidata
5400204,XTPM,wikidata
5400205,XTHR,wikidata
5400206,XTPMN,wikidata
5400208,XTBI,wikidata
5400220,XTVD,wikidata
5400225,XTNJ,wikidata
5400226,XTNR,wikidata
5400227,XTRU,wikidata
5400229,XTCD,wikidata
5400231,XTHB,wikidata
5400232,XTPEK,wikidata
5400253,XTBPB,wikidata
5400255,XTRY,wikidata
5400261,XTTA,wikidata
5400271,XTCKA,wikidata
5400275,XTPV,wikidata
5400282,XTJL,wikidata
5400296,XTKN,wikidata
5400478,XTBKN,wikidata
5400783,XTDV,wikidata
5400890,XTDL,wikidata
5401284,XTCR,wikidata
5401285,XTCA,wikidata
5401447,XTKVV,wikidata
5401597,XTKLP,wikidata
5401791,XTLM,wikidata
5401888,XTMC,wikidata
5401889,XTMR,wikidata
5402380,XTPLA,wikidata
5402490,XTPBU,wikidata
5402515,XTPU,wikidata
5402519,XTPZL,wikidata
5402744,XTRE,wikidata
5402772,XTSBZ,wikidata
5402925,XTSSY,wikidata
5403254,XTUZ,wikidata
5403255,XTUS,wikidata
5403721,XTBRI,wikidata
5454532,XTVK,wikidata
5500003,XMBK,wikidata
5500007,XMBD,wikidata
5500008,XMBL,wikidata
5500017,XMHY,wikidata
5500728,XMBN,wikidata
5500913,XMNV,wikidata
5501413,XMV,wikidata
5600007,XYK,wikidata
5600020,XYZ,wikidata
5600025,XYNZ,wikidata
5600081,XYKU,wikidata
5600137,XYMC,wikidata
5600207,XYB,wikidata
5603745,XYST,wikidata
7000004,XKDP,wikidata
7000007,XKLC,wikidata
7000008,XKLL,wikidata
7000009,XKLLB,wikidata
7000010,XKLV,wikidata
7001444,XKLW,wikidata
7002842,XKLVC,wikidata
7004419,XKEI,wikidata
7004428,XKLP,wikidata
7100017,XEMC,wikidata
7100079,XEPB,wikidata
7100384,XECV,wikidata
7300001,XGA,wikidata
7400003,XVGB,wikidata
7500003,XQIS,wikidata
7600338,XONO,wikidata
7800006,XRK,wikidata
7800020,XRZ,wikidata
7800032,XRIG,wikidata
7900003,XZL,wikidata
7900004,XZZM,wikidata
7900006,XZM,wikidata
7900017,XZD,wikidata
7900027,XZP,wikidata
8000001,KA,openstation
8000002,TA,openstation
8000004,HA,openstation
8000007,FALZ,openstation
8000009,NAN,openstation
8000010,NAH,openstation
8000011,AAG,openstation
8000012,KAU,openstation
8000013,MA,openstation
8000014,TAU,openstation
8000015,FBA,openstation
8000016,TB,openstation
8000017,TBF,openstation
8000019,HBHA,openstation
8000020,FBHF,openstation
8000021,SBKN,openstation
8000022,HNDF,openstation
8000023,AO,openstation
8000025,NBA,openstation
8000026,RB,wikidata
8000027,NSCH,openstation
8000028,NBY,openstation
8000029,FB,openstation
8000030,KBE,openstation
8000031,FBH,openstation
8000032,NS,openstation
8000033,KSWE,openstation
8000034,EBZ,openstation
8000036,EBIL,openstation
8000037,ESRT,openstation
8000038,TBM,openstation
8000039,FBGK,openstation
8000040,EBCH,openstation
8000041,EBO,openstation
8000042,RSE,openstation
8000043,HSSN,openstation
8000044,KB,openstation
8000045,KBOP,openstation
8000046,ESIE,openstation
8000047,EBTH,openstation
8000048,EBWE,openstation
8000049,HBS,openstation
8000050,HB,openstation
8000051,HBH,openstation
8000053,RBT,openstation
8000054,EBRW,openstation
8000055,RBR,openstation
8000056,ABLZ,openstation
8000057,MBU,openstation
8000058,ABCH,openstation
8000059,HBDE,openstation
8000060,KSIH,openstation
8000061,FBNG,openstation
8000062,EBFT,openstation
8000063,TCW,openstation
8000064,HC,openstation
8000065,FCOE,openstation
8000066,ECMF,openstation
8000067,TC,openstation
8000068,FD,openstation
8000069,TSIG,openstation
8000070,HD,openstation
8000071,HDBG,openstation
8000072,MSBI,wikidata
8000073,RSI,openstation
8000074,FDIL,openstation
8000075,SDL,openstation
8000076,ESOT,openstation
8000077,RDO,openstation
8000078,MDT,openstation
8000080,EDO,openstation
8000081,EDDP,openstation
8000082,KDFF,openstation
8000083,EDUL,openstation
8000084,KDN,openstation
8000085,KD,openstation
8000086,EDG,openstation
8000087,KSO,openstation
8000088,HSO,openstation
8000089,AST,openstation
8000090,HEBG,openstation
8000091,NSTN,openstation
8000092,AEL,openstation
8000093,HELZ,openstation
8000094,KENR,openstation
8000095,NST,openstation
8000096,TS,openstation
8000098,EE,openstation
8000099,EEST,openstation
8000100,KEU,openstation
8000101,TET,openstation
8000102,EFP,openstation
8000103,AF,openstation
8000105,FF,openstation
8000106,FHOE,openstation
8000107,RF,openstation
8000108,MFL,openstation
8000110,TFS,openstation
8000111,FFG,openstation
8000112,TF,openstation
8000113,EFOE,openstation
8000114,NF,openstation
8000115,FFU,openstation
8000116,MTS,openstation
8000117,FGEL,openstation
8000118,EG,openstation
8000119,MGE,openstation
8000120,NGM,openstation
8000121,FGHO,openstation
8000122,MTL,openstation
8000123,SGR,openstation
8000124,FG,openstation
8000125,EGBW,openstation
8000126,FGE,openstation
8000127,TGO,openstation
8000128,HG,openstation
8000129,FTS,openstation
8000130,HGS,openstation
8000131,RGN,openstation
8000133,KGRB,openstation
8000134,STR,openstation
8000135,KT,openstation
8000136,FGER,openstation
8000137,RGR,openstation
8000138,KGUA,openstation
8000139,MGZB,openstation
8000140,FGTH,openstation
8000141,TT,openstation
8000142,EHG,openstation
8000143,RWGA,openstation
8000144,MTHB,openstation
8000145,EHLT,openstation
8000146,RWPF,openstation
8000147,AHAR,openstation
8000148,HHM,openstation
8000149,EHM,openstation
8000150,FH,openstation
8000152,HH,openstation
8000154,STM,openstation
8000155,AHI,openstation
8000156,RH,openstation
8000157,TH,openstation
8000158,FHWD,openstation
8000159,HHLM,openstation
8000160,THT,openstation
8000161,FHRB,openstation
8000162,EHFD,openstation
8000163,TTU,openstation
8000164,EHER,openstation
8000165,EHDT,openstation
8000166,HHB,openstation
8000167,HHES,openstation
8000168,HU,openstation
8000169,HHI,openstation
8000170,TU,openstation
8000171,EUN,openstation
8000172,FHT,openstation
8000173,NHOB,openstation
8000174,KV,openstation
8000175,SVL,openstation
8000176,SHO,openstation
8000177,THB,openstation
8000178,KHR,openstation
8000180,TWN,openstation
8000181,AHM,openstation
8000182,RIM,openstation
8000183,MIH,openstation
8000185,HGI,openstation
8000186,EIL,openstation
8000189,SKL,openstation
8000190,KKAK,openstation
8000191,RK,openstation
8000192,EWAN,openstation
8000193,FK,openstation
8000194,MKFB,openstation
8000195,MKFG,openstation
8000196,HWAR,openstation
8000197,MKP,openstation
8000198,EKG,openstation
8000199,AK,openstation
8000201,NKL,openstation
8000203,TKG,openstation
8000204,NWDO,openstation
8000205,KKLV,openstation
8000206,KKO,openstation
8000207,KK,openstation
8000208,KKER,openstation
8000209,KKM,openstation
8000211,KKR,openstation
8000212,KKRO,openstation
8000213,HK,openstation
8000214,EKT,openstation
8000215,ELAG,openstation
8000216,RLA,openstation
8000217,MLA,openstation
8000218,FWG,openstation
8000220,MWH,openstation
8000221,TL,openstation
8000222,FLAU,openstation
8000225,HLEE,openstation
8000226,HLER,openstation
8000227,ELE,openstation
8000228,NLF,openstation
8000229,FL,openstation
8000230,MLI,openstation
8000231,TWT,wikidata
8000233,HL,openstation
8000234,FLOL,openstation
8000235,TLU,openstation
8000236,RL,openstation
8000237,AL,openstation
8000238,ALBG,openstation
8000239,ELUE,openstation
8000240,FMZ,openstation
8000241,FMB,openstation
8000242,EWES,openstation
8000243,FMFH,openstation
8000244,RM,openstation
8000245,FWBG,openstation
8000247,NMR,openstation
8000248,KMYO,openstation
8000249,MM,openstation
8000250,FW,openstation
8000251,EWIT,openstation
8000252,HM,openstation
8000253,KM,openstation
8000254,RWRT,openstation
8000255,HWOH,openstation
8000256,MRBI,openstation
8000257,FWOR,openstation
8000258,MMF,wikidata
8000259,EMLR,openstation
8000260,NWH,openstation
8000261,MH,openstation
8000262,MOP,openstation
8000263,EMST,openstation
8000264,RNZ,openstation
8000265,RNM,openstation
8000266,KW,openstation
8000267,NNE,openstation
8000268,HWUN,openstation
8000269,NNS,openstation
8000271,AN,openstation
8000272,SNK,openstation
8000273,DMBH,openstation
8000274,KN,openstation
8000275,RN,openstation
8000276,KNE,openstation
8000277,FND,openstation
8000278,KNL,openstation
8000279,HNBG,openstation
8000280,MNL,openstation
8000281,FFLF,wikidata
8000282,HNOS,openstation
8000283,HN,openstation
8000284,NN,openstation
8000285,FORD,openstation
8000286,EOB,openstation
8000287,NOKP,openstation
8000288,FWB,openstation
8000289,DZWM,wikidata
8000290,RO,openstation
8000291,HOLD,openstation
8000292,DZWG,wikidata
8000294,HO,openstation
8000295,TO,openstation
8000297,EPD,openstation
8000298,NPA,openstation
8000299,TPH,openstation
8000301,NPL,openstation
8000302,TP,openstation
8000304,HQ,openstation
8000306,RRA,openstation
8000307,ERE,openstation
8000308,RLBM,wikidata
8000309,NRH,openstation
8000310,KRE,openstation
8000311,KRL,openstation
8000312,AR,openstation
8000313,TRX,openstation
8000314,TRE,openstation
8000315,ERDW,openstation
8000316,HR,openstation
8000317,KRH,openstation
8000318,KRY,openstation
8000319,SRO,openstation
8000320,MRO,openstation
8000321,AROG,openstation
8000322,TR,openstation
8000323,SSH,openstation
8000324,KBPS,openstation
8000325,HSRI,openstation
8000326,RSD,openstation
8000327,FWHM,wikidata
8000328,NSAW,openstation
8000329,TSG,openstation
8000330,TSHT,openstation
8000331,KAND,openstation
8000332,RFT,openstation
8000333,RHA,openstation
8000334,AJ,openstation
8000335,HLST,openstation
8000336,TLK,openstation
8000337,FMBG,openstation
8000338,MMH,openstation
8000339,TM,openstation
8000340,FFRH,wikidata
8000342,HWEZ,openstation
8000343,DSCF,openstation
8000344,HWTT,openstation
8000346,EBK,openstation
8000347,FSTM,openstation
8000348,KST,openstation
8000349,FO,openstation
8000350,FAFD,openstation
8000351,KAK,openstation
8000352,HBGM,openstation
8000353,TBG,openstation
8000354,HBAS,openstation
8000355,KBEE,openstation
8000356,RVLE,openstation
8000357,SBI,openstation
8000358,EBP,openstation
8000359,FBOD,openstation
8000362,FDI,openstation
8000363,KDI,openstation
8000364,HVBG,openstation
8000365,NDB,openstation
8000366,RVL,openstation
8000367,EDME,openstation
8000368,FWAB,openstation
8000369,REA,openstation
8000370,SEG,wikidata
8000371,SEI,openstation
8000372,SENK,openstation
8000373,REP,wikidata
8000374,RFHM,openstation
8000375,FGAL,openstation
8000376,RGE,openstation
8000377,RWE,openstation
8000378,SWR,openstation
8000379,SWIH,openstation
8000380,TGL,openstation
8000381,RGZ,wikidata
8000382,EGRN,openstation
8000383,FWR,openstation
8000384,FWH,openstation
8000385,NGUN,openstation
8000386,FHG,openstation
8000387,MHGZ,openstation
8000388,KHI,openstation
8000389,THF,openstation
8000390,KHOK,openstation
8000391,HHZM,openstation
8000392,EHZW,openstation
8000393,RVLH,openstation
8000400,FHUG,openstation
8000402,SKU,openstation
8000404,KAW,openstation
8000406,KARE,openstation
8000409,KKEM,openstation
8000410,MABG,openstation
8000412,RAH,openstation
8000413,HACH,openstation
8000414,HAMR,openstation
8000416,AACW,openstation
8000418,HADB,openstation
8000419,MAD,openstation
8000420,NADM,openstation
8000423,RADN,openstation
8000424,TAD,openstation
8000427,EKIR,openstation
8000431,TAF,openstation
8000433,MAGD,openstation
8000434,AABG,openstation
8000435,FKIH,openstation
8000436,RA,openstation
8000437,EAHS,openstation
8000440,HSCG,openstation
8000441,EAHL,openstation
8000442,HAHO,openstation
8000443,HALT,openstation
8000445,HSDK,openstation
8000446,AAHR,openstation
8000448,KAH,openstation
8000449,KAHM,openstation
8000452,MAI,openstation
8000453,RFMU,openstation
8000454,TAI,openstation
8000456,TTUN,openstation
8000457,FATC,wikidata
8000459,MAIN,openstation
8000462,EABT,openstation
8000463,RAL,openstation
8000464,AAL,openstation
8000466,RAR,openstation
8000468,FAG,openstation
8000471,FALS,openstation
8000473,TAE,openstation
8000474,TALO,openstation
8000475,TALT,openstation
8000477,KALK,openstation
8000479,NKN,openstation
8000480,AAHG,openstation
8000481,TALD,openstation
8000482,MALH,openstation
8000483,HALF,openstation
8000488,HALG,openstation
8000489,HALI,openstation
8000491,SALG,openstation
8000492,FADD,openstation
8000495,KALI,openstation
8000496,RAB,openstation
8000498,NALB,openstation
8000499,TALL,openstation
8000500,KALP,openstation
8000501,RALP,openstation
8000503,FBL,openstation
8000504,NADW,openstation
8000505,SAZ,openstation
8000506,FAHM,openstation
8000508,TACH,openstation
8000509,NAD,openstation
8000511,NAVE,openstation
8000512,AAW,openstation
8000513,EALN,openstation
8000514,KALT,openstation
8000515,MALT,openstation
8000517,SAB,openstation
8000518,EABG,openstation
8000520,FABL,openstation
8000522,HHUD,openstation
8000524,MANE,openstation
8000525,FATF,openstation
8000526,AAT,openstation
8000530,FAHN,wikidata
8000532,EA,openstation
8000533,MATM,wikidata
8000534,NMS,openstation
8000537,EASE,openstation
8000538,FAST,openstation
8000539,MASI,openstation
8000540,NALW,openstation
8000544,RAT,openstation
8000545,MAHB,openstation
8000546,FAT,openstation
8000547,SLKG,openstation
8000553,FAMO,openstation
8000556,MAMT,openstation
8000558,FAZS,openstation
8000559,TAT,openstation
8000561,MATS,openstation
8000562,TATN,openstation
8000563,SLCH,openstation
8000566,NAM,openstation
8000569,EAML,openstation
8000571,ELPP,openstation
8000575,NAMB,wikidata
8000576,MAPF,openstation
8000577,TAM,openstation
8000578,HAMI,openstation
8000579,KANM,openstation
8000580,FANG,openstation
8000582,RAN,openstation
8000584,KANR,openstation
8000585,SLN,openstation
8000586,HLGW,openstation
8000588,NAWN,openstation
8000589,FAZ,openstation
8000590,MAK,wikidata
8000595,EAPH,openstation
8000596,RAP,openstation
8000597,EARE,openstation
8000599,FAF,openstation
8000601,KARL,openstation
8000602,FARM,openstation
8000603,MANB,openstation
8000605,EARB,openstation
8000606,NARG,openstation
8000609,FAR,wikidata
8000611,KARS,openstation
8000613,NAZ,openstation
8000615,FMK,openstation
8000618,NAHF,openstation
8000619,NASU,openstation
8000621,MASC,openstation
8000623,EASB,openstation
8000624,HASD,openstation
8000625,RASH,openstation
8000627,AASN,openstation
8000630,TAX,openstation
8000631,RMF,openstation
8000632,FAS,openstation
8000633,FAL,openstation
8000634,MAG,openstation
8000635,FAH,openstation
8000638,EAT,openstation
8000640,NM,wikidata
8000643,RWSA,wikidata
8000644,KMO,openstation
8000647,EAWN,openstation
8000649,RACH,openstation
8000652,FKIR,wikidata
8000653,MAFE,openstation
8000655,TAUF,openstation
8000657,RAUG,openstation
8000658,MAHA,openstation
8000659,MAGM,openstation
8000660,MAMS,openstation
8000661,MAHZ,openstation
8000662,MAOB,openstation
8000663,FMSH,openstation
8000664,HAUG,openstation
8000667,FMT,openstation
8000668,FAUM,openstation
8000669,AAH,openstation
8000671,FAM,openstation
8000672,NAUR,openstation
8000674,SAUW,openstation
8000675,MAY,openstation
8000677,KBA,openstation
8000678,MBAE,openstation
8000681,RBST,openstation
8000683,FBCH,openstation
8000685,MBCN,openstation
8000686,RBH,openstation
8000687,EMRY,openstation
8000688,MNFR,openstation
8000689,NBAB,openstation
8000690,MBAI,openstation
8000691,RBZB,openstation
8000694,KBRE,openstation
8000696,MBAK,openstation
8000697,HBDG,openstation
8000698,RBDH,openstation
8000701,FEMS,openstation
8000702,FEMW,openstation
8000704,TBK,openstation
8000706,TBWT,openstation
8000707,RBGR,openstation
8000708,RBDT,openstation
8000710,MBHT,wikidata
8000711,KHGB,openstation
8000712,FHO,openstation
8000713,KHBD,openstation
8000714,NBKI,openstation
8000715,FKI,openstation
8000716,MBKG,openstation
8000717,MBKK,openstation
8000718,RBKR,openstation
8000720,MNR,wikidata
8000721,TBLI,openstation
8000724,TBMR,wikidata
8000725,HMDD,openstation
8000726,SBMS,openstation
8000727,KMUE,openstation
8000728,FBNA,openstation
8000729,KNEB,openstation
8000730,NBNE,openstation
8000731,TBN,openstation
8000732,HOY,openstation
8000733,HBOE,openstation
8000734,RBPL,openstation
8000735,HPRT,openstation
8000736,RBRA,openstation
8000737,MBRL,openstation
8000738,MBRK,openstation
8000739,HSCH,openstation
8000740,HBSA,openstation
8000741,FBSH,openstation
8000742,KSAL,openstation
8000743,FSF,openstation
8000744,EBSU,openstation
8000745,EBSA,openstation
8000746,TBSC,openstation
8000749,ASCH,openstation
8000750,TBSB,openstation
8000751,ASB,openstation
8000752,FBSO,openstation
8000753,FBSD,openstation
8000754,APSD,openstation
8000755,APO,openstation
8000756,NBST,openstation
8000757,TBT,openstation
8000758,MBT,openstation
8000759,HBSK,openstation
8000760,FVL,openstation
8000761,FVLS,openstation
8000763,TBWA,openstation
8000764,FBWD,wikidata
8000765,RBWF,openstation
8000766,RBWH,openstation
8000767,NBWI,openstation
8000768,MBWH,openstation
8000770,HZWI,openstation
8000771,RHEB,openstation
8000772,HBAD,openstation
8000773,HBDV,openstation
8000774,RBB,openstation
8000775,RBBL,openstation
8000777,RBPK,openstation
8000778,MBHM,openstation
8000779,AALH,openstation
8000780,ABAF,openstation
8000781,MBAB,openstation
8000782,RBSN,wikidata
8000783,NBD,openstation
8000784,NBAF,openstation
8000785,MBDH,openstation
8000786,FBAD,openstation
8000787,TBLH,openstation
8000788,TBGS,openstation
8000789,RBSS,wikidata
8000792,SBAL,openstation
8000793,EBAV,openstation
8000794,RBAM,openstation
8000796,HBAN,openstation
8000797,HBTF,openstation
8000800,HNN,openstation
8000801,ABAD,openstation
8000802,RBRT,openstation
8000804,ABAE,openstation
8000805,ABAG,openstation
8000807,HBNF,openstation
8000808,HBNT,openstation
8000810,HBAR,openstation
8000812,HBGH,openstation
8000815,AHEM,openstation
8000818,NOF,openstation
8000821,RBZE,openstation
8000822,NBH,openstation
8000823,RBBC,wikidata
8000826,NBAU,openstation
8000827,ABF,openstation
8000828,MBYB,wikidata
8000830,NBEI,openstation
8000831,MBGM,openstation
8000832,KBAY,openstation
8000834,MBZ,openstation
8000840,SBE,openstation
8000842,KBH,openstation
8000846,EBEE,openstation
8000850,NBEH,openstation
8000851,FBEI,openstation
8000853,KOPL,openstation
8000858,TBS,openstation
8000859,FBEF,openstation
8000860,ABE,openstation
8000861,RBLN,openstation
8000862,MBNB,openstation
8000863,RBLH,openstation
8000864,RBEL,openstation
8000865,TBEM,openstation
8000869,MBEN,openstation
8000870,SBG,openstation
8000871,HBML,openstation
8000872,HBEN,openstation
8000873,TBEN,openstation
8000875,SOTW,openstation
8000876,SPSN,openstation
8000877,FBAU,openstation
8000879,HBTH,openstation
8000880,RRZ,openstation
8000882,NBE,openstation
8000885,MBG,openstation
8000887,ERES,openstation
8000888,MBE,openstation
8000889,TBER,openstation
8000890,RBRG,openstation
8000891,FSUE,openstation
8000892,EBGA,openstation
8000893,RBGB,wikidata
8000894,RBGP,openstation
8000899,KBGG,openstation
8000901,RBEF,wikidata
8000902,NBHM,openstation
8000903,RBE,wikidata
8000904,EBRH,openstation
8000905,ABGS,openstation
8000907,EBLB,openstation
8000908,ABTS,openstation
8000909,RBAH,openstation
8000911,MBN,openstation
8000913,HBER,openstation
8000918,MBER,openstation
8000919,HBBR,openstation
8000921,FBEZ,openstation
8000923,SBS,openstation
8000925,TBE,openstation
8000926,SBES,openstation
8000927,EBWG,openstation
8000928,NBMS,openstation
8000932,RBEU,openstation
8000933,TBEU,openstation
8000934,TBTB,openstation
8000935,ABVS,openstation
8000941,SBX,openstation
8000942,RBI,openstation
8000943,TBI,openstation
8000944,TBIB,openstation
8000945,MBIC,openstation
8000946,MBID,wikidata
8000948,FBI,openstation
8000951,FBBM,openstation
8000952,FBIK,wikidata
8000953,EBIO,openstation
8000954,FBIZ,wikidata
8000955,ABIL,openstation
8000956,EBIS,openstation
8000957,HROE,openstation
8000959,TBIE,openstation
8000961,EDH,openstation
8000962,MBIH,openstation
8000963,RBIE,openstation
8000965,RBGN,openstation
8000966,EBIG,openstation
8000967,SBDS,openstation
8000968,TBIL,wikidata
8000969,MBIN,openstation
8000970,EBB,openstation
8000971,ABWM,openstation
8000973,RBIN,openstation
8000974,NBI,openstation
8000975,FBGG,openstation
8000976,FBGN,openstation
8000977,EHGV,openstation
8000978,EBIN,openstation
8000983,EBKB,openstation
8000984,RBRK,openstation
8000985,FBBH,wikidata
8000986,TBIR,wikidata
8000988,MBIB,wikidata
8000989,SBRB,openstation
8000996,FBMR,openstation
8000997,MBI,openstation
8000998,RBIS,wikidata
8000999,TBIS,openstation
8001000,HBSS,openstation
8001002,TBIT,openstation
8001003,NBLA,openstation
8001004,MBLH,openstation
8001005,TBIF,openstation
8001006,KBLB,openstation
8001007,AB,openstation
8001008,KBLH,openstation
8001009,RBAN,openstation
8001013,TBL,openstation
8001014,TBLF,wikidata
8001015,TBLS,openstation
8001017,RBLB,openstation
8001018,FBLH,openstation
8001027,SBKL,openstation
8001028,MBLM,openstation
8001029,RRD,wikidata
8001030,EBKP,openstation
8001032,RBOB,openstation
8001033,MBOB,openstation
8001034,FBST,openstation
8001035,EBGZ,openstation
8001038,EBDA,openstation
8001039,EBOE,openstation
8001043,RBOK,openstation
8001045,EBCK,openstation
8001046,MBOD,openstation
8001047,TBOD,openstation
8001048,HBBU,openstation
8001049,KBOD,openstation
8001050,HBOF,openstation
8001051,NBMA,openstation
8001052,HBOD,openstation
8001054,NBOE,openstation
8001055,TBO,openstation
8001057,RBOE,openstation
8001058,NBHF,openstation
8001059,RBER,openstation
8001061,EBEO,openstation
8001063,HBSM,openstation
8001065,EBSL,openstation
8001066,EBSP,openstation
8001069,NBO,openstation
8001071,HBOM,openstation
8001072,KBOI,openstation
8001080,TBD,openstation
8001081,KBHH,openstation
8001082,KBBG,openstation
8001083,KBB,openstation
8001084,KBD,openstation
8001085,KBM,openstation
8001086,KBO,openstation
8001088,KBEC,openstation
8001089,HBHB,openstation
8001090,TBP,openstation
8001091,KBUN,openstation
8001092,ABRD,openstation
8001093,EBOR,openstation
8001095,EBHS,openstation
8001096,EBGO,openstation
8001097,EBOK,openstation
8001098,FBOK,openstation
8001104,FBO,openstation
8001106,FBOS,openstation
8001107,EBTB,openstation
8001108,EBTV,openstation
8001110,SBO,openstation
8001111,TBOX,openstation
8001112,EBRB,openstation
8001113,KBRC,openstation
8001118,EBRA,openstation
8001119,RBRN,wikidata
8001120,HBKE,openstation
8001121,HBKH,openstation
8001122,HBRM,openstation
8001123,HBRA,openstation
8001126,FBRD,wikidata
8001129,MBB,openstation
8001130,KBRB,openstation
8001131,RBTI,openstation
8001132,FBFS,openstation
8001134,HGLI,openstation
8001136,ABRB,openstation
8001137,EBDL,openstation
8001138,RBTN,openstation
8001139,ABST,openstation
8001143,RBRS,openstation
8001144,RBTS,wikidata
8001147,MBRN,openstation
8001148,NBRE,wikidata
8001149,NBG,openstation
8001152,RBTM,wikidata
8001153,KBRS,openstation
8001155,HBN,openstation
8001156,HBB,openstation
8001157,HBHM,openstation
8001159,HBL,openstation
8001160,HBM,openstation
8001161,HBON,openstation
8001162,HBOS,openstation
8001163,HBSC,openstation
8001164,HBHS,openstation
8001165,HBMG,openstation
8001166,HBV,openstation
8001167,HBWA,openstation
8001168,HBHL,openstation
8001170,HBWU,openstation
8001174,RBN,openstation
8001176,HBRT,openstation
8001177,SBRH,openstation
8001178,TBZ,openstation
8001179,MKRS,openstation
8001180,KBRY,openstation
8001182,EBRS,openstation
8001183,EBRO,openstation
8001185,HBRO,openstation
8001186,KBRO,openstation
8001188,HBST,openstation
8001190,ABRS,openstation
8001191,RBRM,openstation
8001196,FBB,openstation
8001197,RBRZ,wikidata
8001198,RBRH,openstation
8001199,FBK,openstation
8001200,SBUM,openstation
8001201,HBUE,openstation
8001203,MBR,openstation
8001205,TBRU,openstation
8001207,MBRM,openstation
8001209,KBRU,openstation
8001212,RBRP,openstation
8001213,EBRU,openstation
8001214,RBMT,openstation
8001215,KBR,openstation
8001221,SBB,openstation
8001223,NBTH,openstation
8001225,NBM,openstation
8001227,RBUN,wikidata
8001228,FBNU,wikidata
8001229,MBAU,openstation
8001231,MBHA,openstation
8001234,RBU,openstation
8001235,KBZ,openstation
8001236,FBUS,openstation
8001237,FBUD,openstation
8001242,NBUE,openstation
8001244,FBDH,openstation
8001245,HBKB,openstation
8001248,FBHM,openstation
8001249,FBDW,openstation
8001250,FBDG,openstation
8001252,RBUE,openstation
8001256,FBRG,openstation
8001258,ABUS,openstation
8001259,ABSM,openstation
8001261,KBUT,openstation
8001262,RBGG,openstation
8001264,KBUH,openstation
8001265,MBRU,openstation
8001266,EBUD,openstation
8001267,SBY,openstation
8001268,EBUR,openstation
8001271,FBUN,openstation
8001273,ABR,openstation
8001274,ABUF,wikidata
8001276,MBGU,openstation
8001277,NBUM,openstation
8001278,NBUW,openstation
8001279,HBGD,openstation
8001283,FBUH,openstation
8001284,MBUH,wikidata
8001285,MBGH,openstation
8001287,FBGH,openstation
8001288,MBGK,wikidata
8001289,NBK,openstation
8001290,NBUR,openstation
8001293,NBN,openstation
8001296,TBU,openstation
8001297,NBUT,openstation
8001298,NBWH,openstation
8001301,HBUR,openstation
8001302,SSHI,openstation
8001308,KDEM,openstation
8001310,NBT,openstation
8001312,FBZ,openstation
8001315,ABX,openstation
8001316,ACD,openstation
8001317,NCA,openstation
8001318,HCAL,openstation
8001319,FCLD,wikidata
8001320,TCA,wikidata
8001322,FCA,openstation
8001323,ECP,openstation
8001327,ECA,openstation
8001328,ECAS,openstation
8001329,ECME,openstation
8001330,NCH,openstation
8001331,NCHA,openstation
8001334,NCN,openstation
8001335,ECOH,openstation
8001337,HCLP,openstation
8001338,NC,openstation
8001339,NCNS,openstation
8001340,SCOC,openstation
8001341,SCN,openstation
8001342,HCOP,openstation
8001343,ECFS,openstation
8001347,NCR,openstation
8001348,NCRE,openstation
8001352,ACV,openstation
8001354,MDA,openstation
8001355,MDAS,openstation
8001357,EDHL,openstation
8001358,EDAB,openstation
8001359,KDAM,openstation
8001360,ADL,openstation
8001362,EDAK,openstation
8001365,KDAL,openstation
8001366,RDL,openstation
8001372,ADB,openstation
8001373,MDAR,openstation
8001375,FDN,openstation
8001376,FDO,openstation
8001377,FDS,openstation
8001378,FDA,openstation
8001379,FDE,openstation
8001380,FDK,openstation
8001382,MDAG,openstation
8001384,KDAT,openstation
8001386,FDAL,openstation
8001387,ADH,openstation
8001388,SDF,openstation
8001389,FDSU,openstation
8001390,EDVB,openstation
8001392,HDEH,openstation
8001393,HDED,openstation
8001394,EDED,openstation
8001397,NDG,openstation
8001399,RDM,openstation
8001400,NDE,openstation
8001404,MDS,openstation
8001405,TDLM,openstation
8001406,SDE,openstation
8001407,SDEO,openstation
8001414,SDBO,openstation
8001415,RDZ,openstation
8001416,KDEK,openstation
8001417,KDEA,openstation
8001418,KDEB,openstation
8001420,EDTM,openstation
8001421,NDEB,openstation
8001422,TDTUL,wikidata
8001424,TDTUF,wikidata
8001426,TDTUG,wikidata
8001427,FDET,openstation
8001428,TDT,openstation
8001429,HDEM,openstation
8001430,NDN,openstation
8001432,EDEU,openstation
8001435,NDIE,openstation
8001438,ADT,openstation
8001439,MDID,openstation
8001443,HDIP,openstation
8001447,MDIN,openstation
8001448,FDHM,openstation
8001450,NDT,openstation
8001454,MDRD,openstation
8001455,FDZM,openstation
8001456,FDZ,openstation
8001457,FDIZ,openstation
8001458,FDIO,openstation
8001459,FDZS,openstation
8001460,FDBT,openstation
8001463,MDIL,openstation
8001465,EDGD,openstation
8001466,MDIF,openstation
8001468,MDKS,openstation
8001469,EDIN,openstation
8001470,SDIR,openstation
8001471,HDBR,openstation
8001474,TDM,wikidata
8001476,TDI,openstation
8001479,RDOA,openstation
8001480,RDGN,openstation
8001481,NDAU,wikidata
8001482,RDOF,openstation
8001483,RDOG,openstation
8001484,NDOE,openstation
8001485,RDOM,openstation
8001486,HDOP,openstation
8001489,HDVD,openstation
8001491,RDRN,openstation
8001492,HDOG,openstation
8001493,ADR,openstation
8001495,MDO,openstation
8001499,MDFN,openstation
8001502,HDMK,openstation
8001503,NDP,wikidata
8001504,FDH,openstation
8001505,EDOH,openstation
8001506,KDO,openstation
8001507,KDBW,openstation
8001510,TDSA,openstation
8001511,FDOH,openstation
8001512,TDS,openstation
8001514,FDW,openstation
8001515,EDSH,openstation
8001516,EDLS,openstation
8001517,EDKK,openstation
8001518,EDMB,openstation
8001519,EDOO,openstation
8001520,EDST,openstation
8001521,EDTP,openstation
8001522,EDWH,openstation
8001523,EDAP,openstation
8001524,EDAU,openstation
8001525,EDOF,openstation
8001526,EDAM,openstation
8001527,EDBA,openstation
8001528,EDBH,openstation
8001529,EDBK,openstation
8001530,EDD,openstation
8001531,EDOL,openstation
8001532,EDHU,openstation
8001533,EDKD,openstation
8001534,EDKH,openstation
8001535,EDKO,openstation
8001536,EDKR,openstation
8001537,EDKU,openstation
8001538,EDLH,openstation
8001539,EDLN,openstation
8001540,EDGM,openstation
8001541,EDMR,openstation
8001542,EDMS,openstation
8001543,EDMG,openstation
8001544,EDRA,openstation
8001545,EDSO,openstation
8001546,EDWI,openstation
8001547,ADO,openstation
8001548,NDM,openstation
8001549,EDSM,openstation
8001554,FDCH,openstation
8001558,EDRS,openstation
8001561,HDRY,openstation
8001566,KDUK,openstation
8001567,FDU,openstation
8001570,SDUW,openstation
8001571,KDUL,openstation
8001576,RDBG,wikidata
8001578,MDHR,openstation
8001579,KDFS,openstation
8001580,KDF,openstation
8001581,KDV,openstation
8001582,KDW,openstation
8001583,KDZ,openstation
8001584,KDBE,openstation
8001585,KDBH,openstation
8001586,KDD,openstation
8001587,KDE,openstation
8001588,KDES,openstation
8001589,KDGA,openstation
8001590,KDGE,openstation
8001591,KDOB,openstation
8001592,KDR,openstation
8001593,KDRM,openstation
8001594,KDRA,openstation
8001595,KDU,openstation
8001596,EDSL,openstation
8001597,KDHA,openstation
8001598,KDFL,openstation
8001600,EDBU,openstation
8001602,EDGR,openstation
8001603,KDVS,openstation
8001605,EDHD,openstation
8001607,EDMO,openstation
8001608,EDOM,openstation
8001609,EDRM,openstation
8001611,EDRU,openstation
8001614,MDUH,openstation
8001616,RDRM,openstation
8001617,TDU,openstation
8001618,FDTH,openstation
8001619,NEE,openstation
8001620,NEBH,openstation
8001621,MEBS,openstation
8001622,MEBH,openstation
8001623,NED,openstation
8001627,NEBM,openstation
8001628,MEBM,openstation
8001629,NEB,openstation
8001632,TEC,openstation
8001634,MEG,openstation
8001636,NEC,openstation
8001638,RET,openstation
8001640,NEG,openstation
8001643,REBR,openstation
8001645,HEBS,openstation
8001646,AECH,openstation
8001647,MEC,openstation
8001648,FEZL,openstation
8001650,TETD,openstation
8001651,TEI,openstation
8001654,AEC,openstation
8001655,NEMN,openstation
8001659,FED,openstation
8001663,REK,openstation
8001665,REH,openstation
8001666,SEE,openstation
8001668,FEDI,openstation
8001669,MEDL,wikidata
8001670,FEF,openstation
8001671,REF,openstation
8001672,FEGB,openstation
8001674,NEGE,openstation
8001675,HEGT,openstation
8001676,MEFM,wikidata
8001677,MEGF,wikidata
8001678,MEGK,wikidata
8001679,MEGM,openstation
8001680,NEO,openstation
8001682,MEGL,openstation
8001683,MELG,openstation
8001684,TEH,openstation
8001686,EELB,openstation
8001687,HELH,openstation
8001688,SEGO,openstation
8001689,TEHN,openstation
8001690,KEHR,openstation
8001692,EERI,openstation
8001693,FEHH,openstation
8001694,FEHR,openstation
8001700,EEHS,openstation
8001701,FECH,openstation
8001702,MEIC,openstation
8001704,FEIZ,openstation
8001706,EEHG,openstation
8001707,REM,openstation
8001708,MEB,openstation
8001709,MEST,openstation
8001712,KEIL,openstation
8001713,HEIV,openstation
8001715,REI,openstation
8001718,AEF,openstation
8001720,SEF,openstation
8001725,MEZT,wikidata
8001727,SEMA,openstation
8001728,REIS,openstation
8001729,EEFD,openstation
8001731,TEF,openstation
8001732,REIW,openstation
8001734,MEI,openstation
8001736,KEIT,openstation
8001739,AEGS,openstation
8001741,HELV,openstation
8001742,NELF,openstation
8001745,KML,openstation
8001746,TBME,openstation
8001747,TELL,openstation
8001749,NEL,openstation
8001751,TEL,openstation
8001752,MELZ,openstation
8001760,HELS,openstation
8001762,NEF,openstation
8001763,FELT,openstation
8001764,FELZ,openstation
8001765,FELS,openstation
8001766,RELZ,openstation
8001767,HEA,wikidata
8001768,HE,openstation
8001770,KEMM,openstation
8001771,REMM,openstation
8001773,EEM,openstation
8001775,HEMK,openstation
8001777,HEMT,openstation
8001780,EEMP,openstation
8001781,HEMP,openstation
8001782,EEDT,openstation
8001783,NEK,openstation
8001785,TEN,openstation
8001787,MBEF,openstation
8001789,KENL,openstation
8001790,RENG,openstation
8001792,MEGH,wikidata
8001794,TENG,openstation
8001795,EENP,openstation
8001799,SEN,openstation
8001801,FENS,openstation
8001802,TENT,wikidata
8001803,TEZ,openstation
8001806,MENW,openstation
8001808,EEPE,openstation
8001811,FERN,openstation
8001812,SEP,openstation
8001813,FEPP,openstation
8001814,FER,openstation
8001815,FEP,openstation
8001816,FEPB,openstation
8001817,FERO,openstation
8001818,FERB,openstation
8001819,FERW,openstation
8001820,TER,openstation
8001825,MER,openstation
8001826,FEKW,openstation
8001827,TERD,openstation
8001828,SED,openstation
8001829,MEWG,openstation
8001833,TEG,openstation
8001835,MERB,openstation
8001836,EERG,openstation
8001838,TEK,openstation
8001839,KERZ,openstation
8001840,NERK,openstation
8001841,KER,openstation
8001844,NER,openstation
8001845,NERB,openstation
8001846,NERS,openstation
8001848,NERL,wikidata
8001851,EEK,openstation
8001853,MERG,openstation
8001854,FERH,wikidata
8001858,KERP,openstation
8001860,RERO,openstation
8001861,TERS,wikidata
8001864,FEZ,openstation
8001865,RERZ,openstation
8001867,HESH,openstation
8001870,FES,openstation
8001871,FESS,openstation
8001872,HESD,openstation
8001874,TESU,openstation
8001875,NESU,openstation
8001877,NESB,openstation
8001880,MECH,openstation
8001883,FEN,openstation
8001886,KE,openstation
8001887,KEW,wikidata
8001889,KEN,wikidata
8001890,HESO,openstation
8001894,HEKP,openstation
8001895,FONH,wikidata
8001896,EESA,openstation
8001897,EESD,openstation
8001898,EENW,openstation
8001899,HESN,openstation
8001900,EEAL,openstation
8001901,EEBE,openstation
8001902,EEBB,openstation
8001903,EEDL,openstation
8001904,EEDO,openstation
8001905,EEIB,openstation
8001906,EEFO,openstation
8001907,EEGE,openstation
8001908,EEHU,openstation
8001909,EEKB,openstation
8001910,EEKN,openstation
8001911,EEKS,openstation
8001912,EEKU,openstation
8001913,EESO,openstation
8001914,EEUE,openstation
8001915,EEWD,openstation
8001919,NEN,openstation
8001920,TE,openstation
8001921,TEME,openstation
8001922,MESH,openstation
8001924,HETL,openstation
8001925,NET,openstation
8001926,RETL,openstation
8001928,EEZB,openstation
8001929,NEW,openstation
8001933,TEU,openstation
8001935,NEU,openstation
8001941,AEU,openstation
8001942,TEB,openstation
8001943,EGVA,openstation
8001944,TETN,openstation
8001946,TEY,openstation
8001949,HETR,openstation
8001950,FFAN,openstation
8001953,AFK,openstation
8001954,RFN,openstation
8001957,HF,openstation
8001958,HFAL,openstation
8001961,MFCH,openstation
8001963,MFP,openstation
8001964,NFCH,wikidata
8001965,TFAU,openstation
8001966,MFOL,openstation
8001967,TFV,openstation
8001969,NFZ,openstation
8001970,MFA,openstation
8001971,RFB,openstation
8001972,EFEL,openstation
8001973,MFK,openstation
8001974,TFE,openstation
8001976,EFER,openstation
8001977,AFEB,openstation
8001978,NFT,openstation
8001982,TFI,openstation
8001983,FFI,openstation
8001984,TFIL,openstation
8001985,MFNS,openstation
8001986,MFIS,wikidata
8001988,NFTO,openstation
8001989,NFI,openstation
8001990,SFC,openstation
8001991,SFWB,openstation
8001992,MFBU,openstation
8001995,MFN,openstation
8001996,MESG,openstation
8001998,MFIN,openstation
8002004,KFLH,openstation
8002005,RFL,wikidata
8002010,FFD,openstation
8002011,AFT,openstation
8002012,MFLI,openstation
8002013,FFH,openstation
8002014,RFLO,openstation
8002018,SFOE,openstation
8002019,NFOE,openstation
8002020,NFDF,openstation
8002022,RFCH,wikidata
8002023,RFM,openstation
8002024,NFO,openstation
8002025,RFTS,openstation
8002026,TFB,openstation
8002027,KFOS,openstation
8002028,MFOS,wikidata
8002029,NFH,openstation
8002030,TFOS,openstation
8002034,FMUL,openstation
8002036,RFST,openstation
8002038,FLBF,openstation
8002039,FFO,openstation
8002040,FSP,openstation
8002041,FFS,openstation
8002042,FFW,openstation
8002043,FFBK,openstation
8002044,FFBS,openstation
8002045,FFES,openstation
8002046,FGM,openstation
8002047,FLS,openstation
8002048,FFMK,openstation
8002049,FFND,openstation
8002050,FNI,openstation
8002051,FFAW,openstation
8002052,FRH,openstation
8002053,FSIN,openstation
8002054,FSO,wikidata
8002055,FFZH,openstation
8002056,RLBS,wikidata
8002057,NFU,openstation
8002058,FOST,openstation
8002059,FSTL,openstation
8002063,HFRE,openstation
8002065,TFG,openstation
8002066,RFLW,openstation
8002067,RFHE,openstation
8002068,RFLT,openstation
8002069,RFSG,openstation
8002070,RFWI,openstation
8002071,RFZ,openstation
8002073,EFRE,openstation
8002074,MFHD,openstation
8002075,NFR,openstation
8002076,NFRE,openstation
8002077,RFK,openstation
8002078,MFR,openstation
8002080,HFST,openstation
8002083,SFF,openstation
8002085,MFLH,openstation
8002086,AFN,openstation
8002087,TFSI,wikidata
8002089,NFM,wikidata
8002090,TFSZ,wikidata
8002091,TFSS,wikidata
8002092,EFBU,openstation
8002095,FFRN,openstation
8002096,TFD,openstation
8002099,MFDB,openstation
8002100,FFN,openstation
8002101,FFRD,wikidata
8002102,HFRI,openstation
8002103,FFL,openstation
8002104,KFWH,openstation
8002105,FGS,openstation
8002106,AFBG,openstation
8002108,FFRI,openstation
8002109,EFFD,openstation
8002110,TFH,openstation
8002111,TFF,openstation
8002114,KFGN,openstation
8002115,AFD,openstation
8002116,RFTL,openstation
8002117,SFI,openstation
8002118,NFSB,wikidata
8002120,TFFL,openstation
8002122,TFLA,openstation
8002123,RFH,openstation
8002126,RFRT,wikidata
8002127,KFRI,openstation
8002129,FFZ,wikidata
8002130,EFRM,openstation
8002132,SFIM,openstation
8002133,TFR,openstation
8002134,FFRL,openstation
8002137,FFUR,openstation
8002141,MFB,openstation
8002146,MFZL,wikidata
8002149,NFWS,openstation
8002150,RFUE,openstation
8002152,NFBB,openstation
8002153,NFDB,openstation
8002154,NFKL,openstation
8002155,NFUF,openstation
8002156,MFSN,openstation
8002159,NFW,openstation
8002161,MFU,openstation
8002162,MGAL,openstation
8002165,TGT,openstation
8002166,TGFD,openstation
8002167,RGG,wikidata
8002168,TGAW,openstation
8002171,MGH,openstation
8002173,MGAI,openstation
8002175,SGSZ,openstation
8002179,HGKE,openstation
8002180,EGAR,openstation
8002182,FGA,openstation
8002185,AGD,openstation
8002187,MGP,openstation
8002188,MGHB,wikidata
8002189,MGS,wikidata
8002191,FGBM,openstation
8002195,TGRN,openstation
8002197,RGBA,wikidata
8002198,MGT,openstation
8002200,RGA,wikidata
8002203,HGEE,openstation
8002204,RGHA,wikidata
8002205,NGET,openstation
8002206,KGEK,openstation
8002207,KGEH,openstation
8002209,MGLG,openstation
8002210,MGIB,openstation
8002212,FGSM,openstation
8002213,RGK,wikidata
8002214,RGSN,openstation
8002215,RGL,wikidata
8002217,TGW,openstation
8002218,TG,openstation
8002220,MGEU,openstation
8002222,KGE,openstation
8002223,EGZO,openstation
8002224,EGBN,openstation
8002225,EGBS,openstation
8002226,EGHS,openstation
8002227,EGRO,openstation
8002228,TGEM,wikidata
8002233,MGKG,openstation
8002234,MGND,wikidata
8002235,RGB,openstation
8002236,FGEF,openstation
8002237,NGE,openstation
8002238,SGN,openstation
8002239,RGEH,openstation
8002240,TGES,openstation
8002241,RGES,openstation
8002242,TGEH,openstation
8002243,TGLH,openstation
8002244,MGLH,openstation
8002247,MGLD,openstation
8002248,RGS,wikidata
8002249,FGHM,openstation
8002250,RGSD,wikidata
8002251,TGN,openstation
8002254,FGFD,openstation
8002256,MGHF,openstation
8002259,FGTB,openstation
8002262,EGK,openstation
8002263,MGHN,openstation
8002265,FGGB,openstation
8002266,AGF,openstation
8002267,EGVH,openstation
8002268,KGVW,openstation
8002269,FGOG,openstation
8002272,TGB,openstation
8002274,HGIS,openstation
8002275,MGCH,openstation
8002278,TGI,openstation
8002280,FGIR,openstation
8002281,HGT,openstation
8002283,EGBO,openstation
8002284,EZK,openstation
8002286,SGM,openstation
8002287,NGLW,wikidata
8002288,FGBG,openstation
8002290,KGL,openstation
8002293,AGST,openstation
8002296,KGO,openstation
8002299,HGOH,openstation
8002300,RGOR,openstation
8002301,FGOE,openstation
8002304,AGH,openstation
8002306,RGOI,wikidata
8002307,RGOE,wikidata
8002312,NGOE,wikidata
8002315,FGOZ,openstation
8002319,AGK,openstation
8002320,HGOL,openstation
8002321,FGDH,openstation
8002326,RGO,wikidata
8002329,NGG,openstation
8002332,FGOF,wikidata
8002333,NGOD,openstation
8002334,RGH,openstation
8002335,NGZ,openstation
8002337,RG,openstation
8002339,MGFL,openstation
8002340,NGFG,openstation
8002341,NG,openstation
8002342,FGRK,openstation
8002343,MGRA,openstation
8002344,NGFU,openstation
8002345,RGNN,openstation
8002346,MGRL,openstation
8002347,MGB,openstation
8002348,MGRS,openstation
8002349,NGFA,openstation
8002351,MGF,openstation
8002358,FGSN,openstation
8002365,RGRZ,openstation
8002369,EGRV,openstation
8002370,EGVB,openstation
8002373,RGSS,openstation
8002374,FGRF,openstation
8002377,MGRZ,openstation
8002378,MGNB,openstation
8002380,RGM,openstation
8002382,FGRN,openstation
8002383,MGDF,openstation
8002386,FDG,openstation
8002388,FGKA,openstation
8002389,KFKO,openstation
8002391,FGRO,openstation
8002393,FGRU,openstation
8002399,NGRS,openstation
8002400,FGAU,openstation
8002402,KGBU,openstation
8002403,HGBW,openstation
8002405,HGDN,openstation
8002409,FGRB,openstation
8002410,FGL,openstation
8002411,AGRO,wikidata
8002412,HGRK,openstation
8002413,FGLR,openstation
8002416,NGRG,openstation
8002420,MGHD,openstation
8002422,MGOI,openstation
8002424,MGK,openstation
8002425,FGK,openstation
8002430,RGCH,openstation
8002432,NGRW,openstation
8002434,NGUF,openstation
8002435,MGRB,openstation
8002436,NGRU,openstation
8002439,FGRG,openstation
8002441,EGNO,openstation
8002442,EGNH,openstation
8002444,RGRN,openstation
8002445,TGRW,openstation
8002447,TGRS,openstation
8002448,TGC,openstation
8002454,SGS,openstation
8002457,MGKF,openstation
8002458,MGNZ,openstation
8002461,EGLO,openstation
8002462,KGU,openstation
8002465,RGDN,openstation
8002466,MGUF,openstation
8002467,NGD,openstation
8002468,NGU,openstation
8002470,RGUN,openstation
8002473,FGUH,openstation
8002474,FGUB,openstation
8002477,KGUS,openstation
8002478,RGTA,openstation
8002480,RGTF,openstation
8002484,FGX,openstation
8002489,RHAG,openstation
8002490,KHAN,openstation
8002491,MHR,openstation
8002494,KHAC,openstation
8002495,FHAD,openstation
8002496,AHNU,openstation
8002498,FHAE,openstation
8002499,HHAE,openstation
8002501,FHHF,openstation
8002504,AHAF,openstation
8002506,NHA,openstation
8002507,HHAG,openstation
8002509,KGVK,openstation
8002512,EHGI,openstation
8002514,EHGO,openstation
8002515,RHGB,openstation
8002517,NHBH,openstation
8002520,NFTM,openstation
8002523,NHAG,openstation
8002524,FHGO,openstation
8002526,FHME,openstation
8002528,FHHN,openstation
8002531,FHDT,openstation
8002532,FHAI,openstation
8002533,RHAM,openstation
8002534,MHMO,openstation
8002535,EOBG,openstation
8002536,EHAD,openstation
8002537,HHAL,openstation
8002539,EHAL,openstation
8002542,NHAH,openstation
8002545,AHKS,openstation
8002546,RHL,openstation
8002547,AAI,openstation
8002548,ADF,openstation
8002549,AH,openstation
8002550,AHST,openstation
8002553,AA,openstation
8002554,ABG,openstation
8002555,AE,openstation
8002556,AFIB,openstation
8002557,ANR,openstation
8002558,ARAL,openstation
8002559,ASTS,openstation
8002561,AWFS,openstation
8002565,AHAM,openstation
8002567,NHG,openstation
8002568,NHGO,openstation
8002570,MHAU,openstation
8002571,EHK,openstation
8002572,FHN,openstation
8002573,FHW,openstation
8002574,FHWB,openstation
8002575,AHAN,openstation
8002578,NHAP,openstation
8002580,HHBI,openstation
8002581,HHBO,openstation
8002584,HKL,openstation
8002585,HLEI,openstation
8002586,HLI,openstation
8002589,HLGF,openstation
8002592,AHA,openstation
8002593,MHRG,openstation
8002594,HHRD,openstation
8002596,NHHF,openstation
8002598,HHAR,openstation
8002600,HHLE,wikidata
8002605,NH,openstation
8002607,HHRS,openstation
8002609,NHAR,openstation
8002610,MHHS,openstation
8002612,NHS,openstation
8002615,HHSB,openstation
8002621,RHS,openstation
8002622,NHCH,wikidata
8002623,MHMR,openstation
8002625,SHSS,openstation
8002627,FHL,wikidata
8002628,AHSB,openstation
8002630,NHT,openstation
8002632,RHLO,openstation
8002633,RHAS,openstation
8002634,HHAS,openstation
8002635,FHAT,openstation
8002637,FHAS,openstation
8002638,KHAT,openstation
8002639,EHAT,openstation
8002640,EHTM,openstation
8002641,HHTF,openstation
8002643,SHZ,openstation
8002648,SHAM,openstation
8002649,SHAU,openstation
8002651,MHPH,openstation
8002655,SHPT,openstation
8002656,THAT,openstation
8002664,MHNS,openstation
8002666,RHSN,openstation
8002667,MHHM,openstation
8002670,EHBK,openstation
8002671,MHEF,wikidata
8002673,THCH,openstation
8002674,AHEN,openstation
8002675,FHEH,wikidata
8002677,FHED,openstation
8002678,NHED,openstation
8002680,EHE,openstation
8002681,RHBF,openstation
8002682,EHEG,openstation
8002683,RHGN,openstation
8002684,RHBO,openstation
8002685,RHKA,openstation
8002686,RHKM,openstation
8002687,RHBP,openstation
8002688,RHI,wikidata
8002689,THD,openstation
8002690,THDM,openstation
8002691,THDS,openstation
8002692,FHEI,openstation
8002694,HHEI,openstation
8002695,HHDM,openstation
8002696,NHEI,openstation
8002699,THST,openstation
8002700,TTPS,openstation
8002704,RHN,openstation
8002705,NHE,openstation
8002707,SHB,openstation
8002710,MHMK,openstation
8002711,KHEH,openstation
8002715,MHEM,openstation
8002716,FHEB,openstation
8002718,KHEBR,wikidata
8002719,KHEBH,wikidata
8002720,KHEBP,wikidata
8002722,TH,wikidata
8002723,THSTI,wikidata
8002724,SHZH,openstation
8002725,KHEBK,wikidata
8002726,TNSK,wikidata
8002727,RHE,openstation
8002733,NHB,openstation
8002734,RHSM,wikidata
8002737,EHEP,openstation
8002745,EHMD,openstation
8002746,SHEM,openstation
8002748,RHCH,openstation
8002751,NHD,openstation
8002753,KHEN,openstation
8002754,EHNE,openstation
8002757,FHP,openstation
8002760,THTO,openstation
8002761,MHEH,openstation
8002762,RHRB,wikidata
8002763,RHZ,openstation
8002764,THZ,openstation
8002766,THC,openstation
8002768,KHEC,openstation
8002769,EHCK,openstation
8002770,EHF,openstation
8002773,FHER,openstation
8002775,KHES,openstation
8002776,THMA,openstation
8002779,EHBO,openstation
8002782,NHER,openstation
8002783,NHEN,openstation
8002784,KHER,openstation
8002785,THE,openstation
8002786,TZWE,wikidata
8002789,THL,openstation
8002792,MHI,openstation
8002793,NHL,openstation
8002794,NHR,openstation
8002795,EHRM,openstation
8002797,RHRT,openstation
8002798,RHXB,openstation
8002800,HHBS,openstation
8002801,EHEZ,openstation
8002806,KHEZ,openstation
8002808,RHBA,wikidata
8002810,EHLN,openstation
8002812,HHSO,openstation
8002813,FHET,openstation
8002814,FHH,openstation
8002815,FHZ,openstation
8002817,SHR,openstation
8002820,MHEU,openstation
8002821,MHFM,openstation
8002822,FHEU,openstation
8002824,HHIS,openstation
8002826,EHIB,openstation
8002827,NHGN,openstation
8002828,KHIS,openstation
8002830,HHIO,openstation
8002835,EHIL,openstation
8002837,RHLT,wikidata
8002838,NHP,openstation
8002841,EHIT,openstation
8002843,AHPF,openstation
8002844,RHIM,openstation
8002845,NHIS,openstation
8002847,SHWP,openstation
8002848,RHIZ,openstation
8002850,MHRS,openstation
8002852,THI,openstation
8002853,NHI,openstation
8002856,MHFN,openstation
8002857,RHO,openstation
8002858,SHIH,openstation
8002861,KHIR,openstation
8002864,AHIF,openstation
8002865,AHZ,openstation
8002868,KHO,openstation
8002869,KHOM,openstation
8002872,FHM,openstation
8002873,AHPS,openstation
8002875,SHY,openstation
8002877,FHD,openstation
8002878,NHM,openstation
8002879,SHST,openstation
8002880,SHS,openstation
8002881,MHWG,openstation
8002883,RHK,openstation
8002884,HHOD,openstation
8002886,FHTN,openstation
8002888,MHDT,openstation
8002891,THOE,wikidata
8002892,THFG,openstation
8002894,MHSB,openstation
8002895,SHMB,openstation
8002898,NHTL,openstation
8002899,MHRK,openstation
8002903,FHNB,openstation
8002909,AHOW,wikidata
8002910,RHOR,wikidata
8002912,MHLK,openstation
8002915,HHTL,openstation
8002916,EHOM,openstation
8002918,NHOE,openstation
8002919,EHOS,openstation
8002920,EHOV,openstation
8002921,EHVR,openstation
8002923,HHXR,openstation
8002924,NHO,openstation
8002927,NHON,openstation
8002929,SHFD,openstation
8002930,THOF,openstation
8002931,RHFF,openstation
8002932,KHOF,openstation
8002933,FHFG,openstation
8002934,FHOR,openstation
8002935,FHF,openstation
8002939,KHOG,openstation
8002940,MHOB,openstation
8002941,KHB,openstation
8002944,HHEG,openstation
8002946,AHCH,openstation
8002953,EHOG,openstation
8002954,MHPG,openstation
8002955,MHSL,openstation
8002956,NHOH,openstation
8002958,FHSU,openstation
8002959,AHWT,openstation
8002962,HHDF,openstation
8002967,AHES,openstation
8002969,HHOL,openstation
8002972,EHW,openstation
8002976,EHOZ,openstation
8002978,HHZH,openstation
8002979,KHOZ,openstation
8002980,MHO,openstation
8002988,KHOR,openstation
8002992,EHOP,openstation
8002994,MHOP,openstation
8002995,SHPS,openstation
8002998,THBH,openstation
8003000,EHBM,openstation
8003001,RHBG,openstation
8003002,AHOG,openstation
8003003,AHOT,openstation
8003008,HHOY,openstation
8003010,RHAR,openstation
8003014,RHFM,openstation
8003015,FHMM,openstation
8003016,FHUE,openstation
8003018,EHTG,openstation
8003020,ESW,openstation
8003021,SHT,openstation
8003022,THUB,openstation
8003023,MHUF,wikidata
8003024,MHUG,openstation
8003025,RHU,openstation
8003030,HHUL,openstation
8003032,AY,openstation
8003033,RHTT,openstation
8003034,RHUB,wikidata
8003035,RIB,openstation
8003036,HI,openstation
8003038,MIHN,openstation
8003039,MIC,openstation
8003040,SIDO,openstation
8003041,FIST,openstation
8003042,SIG,openstation
8003044,NIDF,openstation
8003052,RIR,openstation
8003053,FIH,openstation
8003057,MILT,openstation
8003058,NILL,openstation
8003059,SILG,openstation
8003060,TIL,openstation
8003061,RIMM,openstation
8003062,FIM,openstation
8003063,NIM,openstation
8003064,HIMS,openstation
8003065,MIMS,openstation
8003066,RIMZ,openstation
8003070,SIM,openstation
8003072,MIDR,openstation
8003073,KING,openstation
8003074,MIA,openstation
8003075,FIL,openstation
8003076,MIN,openstation
8003078,AAU,openstation
8003079,MINI,openstation
8003080,RIN,openstation
8003081,NI,openstation
8003083,NIP,openstation
8003086,NIR,openstation
8003088,AIS,openstation
8003090,EILH,openstation
8003091,HIHG,openstation
8003092,MIS,openstation
8003094,TIP,wikidata
8003096,EIAV,openstation
8003098,RIT,openstation
8003100,NIL,openstation
8003101,RITL,openstation
8003102,AIZ,openstation
8003103,TIT,openstation
8003104,KIV,openstation
8003105,HJAH,openstation
8003108,SJF,openstation
8003111,TJZ,openstation
8003114,KJAA,wikidata
8003115,AJHH,openstation
8003122,MJEB,wikidata
8003123,MJET,openstation
8003124,HJ,openstation
8003125,RJO,openstation
8003127,RJL,wikidata
8003129,NJS,openstation
8003130,KJUC,openstation
8003131,FJUE,openstation
8003135,KJU,openstation
8003136,MJUL,wikidata
8003137,AJUS,openstation
8003143,FKLM,openstation
8003144,FKAI,openstation
8003148,SKAI,openstation
8003150,SKLP,openstation
8003151,SKLW,openstation
8003154,NKAL,openstation
8003158,KKAL,openstation
8003160,KKAS,openstation
8003165,HKAW,openstation
8003166,EKAL,openstation
8003168,EKAM,openstation
8003169,EKME,openstation
8003170,FKMP,openstation
8003172,RKD,openstation
8003173,SKAZ,openstation
8003174,KKAW,openstation
8003175,RKPD,openstation
8003179,STK,openstation
8003181,RKF,openstation
8003182,HKRF,openstation
8003183,RKW,openstation
8003184,RKDU,openstation
8003185,RKHA,openstation
8003186,RKIN,openstation
8003187,RKMG,openstation
8003189,NKA,openstation
8003191,MKH,wikidata
8003196,FKH,openstation
8003197,FKJK,openstation
8003198,FKKD,openstation
8003199,FKOZ,openstation
8003200,FKW,openstation
8003205,MKAT,wikidata
8003207,AKAD,openstation
8003208,AKTO,openstation
8003209,HKAT,openstation
8003211,SKTS,openstation
8003212,EKV,openstation
8003213,FKFT,openstation
8003214,NKG,openstation
8003215,SKW,openstation
8003216,FKAU,openstation
8003218,RKL,openstation
8003220,TKEH,openstation
8003222,AKI,openstation
8003227,MKMZ,openstation
8003228,FKCH,openstation
8003229,NKNN,openstation
8003230,MKPO,openstation
8003232,SKEN,openstation
8003233,RKN,openstation
8003235,FKB,openstation
8003238,NKCH,openstation
8003241,FKES,openstation
8003245,EKGS,openstation
8003247,KKEV,openstation
8003248,TKBI,openstation
8003249,MKI,openstation
8003252,KKIE,openstation
8003253,AKRU,openstation
8003255,FKIL,openstation
8003256,MKIG,openstation
8003257,SKIB,openstation
8003262,FKGS,openstation
8003263,MKAG,wikidata
8003266,TKIM,openstation
8003267,HKDF,openstation
8003268,NKIR,openstation
8003270,NKO,openstation
8003272,TKI,openstation
8003276,HKHW,openstation
8003278,TKM,openstation
8003280,TKT,openstation
8003282,TKTO,openstation
8003283,TKTS,openstation
8003284,TKU,openstation
8003285,RKH,openstation
8003286,HKHN,openstation
8003287,EKHU,openstation
8003288,HKLG,openstation
8003289,RKBV,wikidata
8003290,MKO,openstation
8003292,HKI,openstation
8003293,RKZ,openstation
8003294,SKI,openstation
8003295,SKR,openstation
8003297,EKIE,openstation
8003298,SKRS,openstation
8003299,MKIS,openstation
8003302,MKLA,openstation
8003303,AKX,openstation
8003305,EREKK,openstation
8003309,AKC,openstation
8003310,KKSH,openstation
8003311,FKAH,openstation
8003312,AFB,openstation
8003313,FKGE,openstation
8003314,FKO,openstation
8003315,FKLU,openstation
8003316,FKWO,openstation
8003317,MKHN,openstation
8003320,KKTR,openstation
8003321,KKLE,openstation
8003323,HKSI,openstation
8003324,NKLH,wikidata
8003325,RKES,openstation
8003326,MKKZ,openstation
8003329,NKGM,openstation
8003330,KFKB,openstation
8003331,RKBA,wikidata
8003332,TKNK,openstation
8003334,NKT,wikidata
8003335,TENS,wikidata
8003336,RKLN,openstation
8003337,NKM,wikidata
8003338,NKNB,openstation
8003339,RMBK,openstation
8003340,KKLM,openstation
8003341,KKSM,openstation
8003342,MKLF,openstation
8003343,RKLB,wikidata
8003344,SKT,openstation
8003345,TKLU,openstation
8003348,HKNE,openstation
8003349,RKG,openstation
8003350,SKG,openstation
8003351,KKOE,openstation
8003352,KKOL,openstation
8003354,SKOW,openstation
8003355,MKCH,openstation
8003356,NKI,openstation
8003357,NKOE,openstation
8003358,KKFS,openstation
8003360,KKP,openstation
8003361,KKS,openstation
8003362,KKV,openstation
8003363,KKW,openstation
8003364,KKBH,openstation
8003365,KKC,openstation
8003366,KKCN,openstation
8003367,KKDB,openstation
8003368,KKDT,openstation
8003369,KKH,openstation
8003370,KBP,openstation
8003371,KKL,openstation
8003372,KKN,openstation
8003373,KKWO,openstation
8003374,RKOE,openstation
8003375,KKMT,openstation
8003376,TKB,wikidata
8003378,TKS,openstation
8003379,KSTP,openstation
8003381,TKF,openstation
8003382,HKOL,openstation
8003383,KKWW,openstation
8003385,EKSO,openstation
8003386,KKOW,openstation
8003388,FKRL,openstation
8003392,KKHR,openstation
8003393,NKZ,openstation
8003394,SKV,openstation
8003395,KKOS,openstation
8003397,MKMR,openstation
8003398,RKLR,openstation
8003399,RKNA,openstation
8003400,RKO,openstation
8003401,RKOP,openstation
8003402,SKZ,openstation
8003403,SKU,openstation
8003404,RKOF,openstation
8003406,FKBS,wikidata
8003407,SKDL,openstation
8003408,RKOR,openstation
8003409,TKO,openstation
8003410,AKWS,openstation
8003411,TKH,openstation
8003412,KKOI,openstation
8003413,NKMG,openstation
8003414,KKOF,openstation
8003415,KKOH,openstation
8003416,RKOW,openstation
8003420,EKRG,openstation
8003424,EKRD,openstation
8003426,KKRL,openstation
8003427,KKRU,openstation
8003429,SKRB,openstation
8003430,AKM,openstation
8003431,AKHD,openstation
8003432,TKN,openstation
8003434,SKK,openstation
8003436,KKRZ,openstation
8003438,MKZ,openstation
8003440,KKRW,openstation
8003442,FKRI,openstation
8003446,NK,openstation
8003447,FKRO,openstation
8003452,SKRO,openstation
8003455,KKRF,openstation
8003457,MKRB,openstation
8003460,AKRS,openstation
8003461,TKUC,openstation
8003462,KKUH,openstation
8003467,FKWB,wikidata
8003469,EKUE,openstation
8003470,EKNT,openstation
8003472,NKUE,openstation
8003474,AKH,openstation
8003476,NKU,openstation
8003477,AKE,openstation
8003478,AKUP,openstation
8003479,AKRH,openstation
8003480,RKU,wikidata
8003481,SKUS,openstation
8003483,MKUN,openstation
8003484,SKY,openstation
8003485,NLB,openstation
8003487,HHML,openstation
8003488,MLBW,openstation
8003489,RLD,openstation
8003490,MLLF,openstation
8003491,HLGG,openstation
8003493,ENL,wikidata
8003494,RLSW,openstation
8003495,NLCK,wikidata
8003497,RLBP,openstation
8003498,RLSH,openstation
8003503,FLP,openstation
8003504,SLAO,openstation
8003506,MLDI,openstation
8003507,RLAD,openstation
8003508,RLW,openstation
8003512,MLL,openstation
8003515,SLD,openstation
8003516,SLWR,openstation
8003518,ALAS,openstation
8003519,ALAN,openstation
8003520,FLGS,openstation
8003521,NLG,openstation
8003522,HLNG,openstation
8003523,FLG,openstation
8003524,TLR,openstation
8003525,TLL,openstation
8003526,FLGF,openstation
8003528,MLB,openstation
8003529,ELBG,openstation
8003532,RLBD,wikidata
8003533,RBS,openstation
8003539,KLAB,openstation
8003540,KLA,openstation
8003541,ALST,openstation
8003542,HLGH,openstation
8003543,FLAH,openstation
8003544,ALG,openstation
8003545,HLGM,openstation
8003548,NLP,openstation
8003550,FSLB,openstation
8003551,MLNW,openstation
8003552,NLZ,openstation
8003553,KLAW,openstation
8003554,NLGU,openstation
8003558,FLF,openstation
8003559,FLAS,openstation
8003560,MLAW,openstation
8003562,RLAC,openstation
8003563,HLAT,openstation
8003567,NLDF,openstation
8003568,SLAU,openstation
8003569,TLH,openstation
8003571,RLCH,openstation
8003572,TLC,wikidata
8003573,NLK,wikidata
8003576,ALUB,openstation
8003577,ALAU,openstation
8003578,HLFO,openstation
8003580,NLL,openstation
8003581,NLR,openstation
8003582,NLA,openstation
8003584,MLF,wikidata
8003585,RLFG,openstation
8003586,RLBO,openstation
8003587,NLLW,openstation
8003588,TLN,openstation
8003589,MLIG,openstation
8003591,TLM,openstation
8003592,TLW,openstation
8003593,FLBG,openstation
8003594,RLBA,openstation
8003605,FLW,openstation
8003608,ELGD,openstation
8003609,RLT,openstation
8003611,SLE,openstation
8003612,FLEH,openstation
8003616,KLEL,openstation
8003617,HLFG,openstation
8003621,ELEI,wikidata
8003622,TLF,openstation
8003623,TLG,wikidata
8003624,TLGW,wikidata
8003627,MLEH,openstation
8003628,ALE,openstation
8003630,ELBK,openstation
8003632,HLMF,openstation
8003633,ELGO,wikidata
8003634,ELGL,wikidata
8003635,HLEM,openstation
8003638,ELSN,openstation
8003639,MLWG,openstation
8003640,ELEN,openstation
8003641,FLE,openstation
8003643,MLG,openstation
8003644,HLGL,openstation
8003649,ALS,wikidata
8003652,TLE,openstation
8003655,ELEO,openstation
8003656,HLED,openstation
8003657,ELED,openstation
8003658,ELET,openstation
8003659,HLT,openstation
8003660,KLEU,openstation
8003663,MLSH,openstation
8003664,NLWI,openstation
8003665,KLET,openstation
8003668,KLK,openstation
8003669,KLS,openstation
8003671,KEST,openstation
8003672,KLRD,openstation
8003673,FLI,openstation
8003674,FLST,openstation
8003676,NLH,openstation
8003680,FLIS,openstation
8003681,FLIE,openstation
8003684,SLB,openstation
8003687,RLI,openstation
8003690,RLID,openstation
8003692,MLIA,openstation
8003693,MLIR,openstation
8003696,FLHH,openstation
8003697,KLD,openstation
8003698,FLIN,openstation
8003699,HLH,openstation
8003700,HLWL,openstation
8003701,HLIG,openstation
8003702,RLF,openstation
8003705,HLBU,openstation
8003708,KLI,openstation
8003711,FLIH,openstation
8003713,KLIS,openstation
8003715,ELIS,openstation
8003716,ELTF,openstation
8003720,MLCH,openstation
8003721,RLOE,openstation
8003722,HLOD,openstation
8003723,SLF,openstation
8003724,RLGN,openstation
8003726,FLOE,openstation
8003729,RLR,openstation
8003730,RLST,openstation
8003731,RLFB,openstation
8003732,KLO,openstation
8003733,TLOE,openstation
8003734,NLOR,openstation
8003735,MLH,openstation
8003736,RLRD,openstation
8003737,RLRS,openstation
8003738,HLON,openstation
8003739,SLOH,openstation
8003740,NLO,openstation
8003743,RLRW,openstation
8003748,TLON,openstation
8003749,MLOH,openstation
8003751,FLOR,openstation
8003752,TLO,openstation
8003753,FLON,openstation
8003754,FLB,openstation
8003755,FLO,openstation
8003758,RLOS,openstation
8003759,RLSM,openstation
8003760,HLOX,openstation
8003762,NLHM,openstation
8003763,NLS,openstation
8003764,RLU,openstation
8003765,RLUM,openstation
8003766,RLO,openstation
8003767,RLUR,openstation
8003768,NLUD,openstation
8003770,NLUS,openstation
8003771,NLT,openstation
8003772,HLBB,openstation
8003773,HLBR,openstation
8003774,ALSJ,openstation
8003776,ALKN,openstation
8003777,ALTH,openstation
8003778,ALTS,openstation
8003780,HLN,openstation
8003781,ALB,openstation
8003782,ELS,openstation
8003783,ELDH,openstation
8003784,HLUE,openstation
8003785,ALHS,openstation
8003786,ALD,openstation
8003788,ELRN,openstation
8003790,FLUE,openstation
8003791,ELUZ,openstation
8003792,RLUE,openstation
8003794,NLU,openstation
8003795,NLW,openstation
8003796,SLU,openstation
8003798,ALU,openstation
8003799,HLUN,openstation
8003800,HLTT,openstation
8003804,ELUT,openstation
8003807,TMAG,openstation
8003808,TMAI,openstation
8003809,RMKI,openstation
8003810,FMAS,openstation
8003813,NML,openstation
8003814,NMRH,openstation
8003815,FMN,openstation
8003816,FMS,openstation
8003817,FMGO,openstation
8003818,FMG,openstation
8003819,FML,openstation
8003820,FMMB,openstation
8003821,FMM,openstation
8003824,MMA,openstation
8003828,MMAG,openstation
8003829,AMAG,openstation
8003830,MMD,openstation
8003831,TMAL,openstation
8003832,RMS,openstation
8003833,RMSU,openstation
8003834,TMIN,openstation
8003836,FMAN,wikidata
8003839,NMDF,openstation
8003841,RMSM,openstation
8003842,RMFS,openstation
8003843,RMKL,openstation
8003844,RMN,openstation
8003845,RMA,openstation
8003847,RMSE,openstation
8003848,RMW,openstation
8003850,TMAN,openstation
8003853,TMB,openstation
8003854,RMBW,openstation
8003855,EMHD,openstation
8003856,FMBS,openstation
8003857,RMBO,openstation
8003859,MMRN,openstation
8003860,EMV,openstation
8003866,HMAR,openstation
8003871,RMAD,openstation
8003872,RMAR,openstation
8003876,NMB,openstation
8003877,MMOS,openstation
8003878,NMER,openstation
8003879,MSB,openstation
8003881,NMT,openstation
8003883,MMK,wikidata
8003884,NMH,openstation
8003885,MMO,openstation
8003887,NMSG,openstation
8003888,EMAM,openstation
8003890,EMHM,openstation
8003891,EMSI,openstation
8003896,EMAR,openstation
8003897,TMAR,openstation
8003898,NMLZ,openstation
8003899,SMSO,openstation
8003901,MMSZ,openstation
8003903,NMX,openstation
8003905,MMZG,openstation
8003906,AMA,openstation
8003909,EMAN,openstation
8003910,MMSG,wikidata
8003911,RMAI,openstation
8003912,MMTZ,wikidata
8003913,TMAU,openstation
8003915,RMAU,openstation
8003916,EDWK,openstation
8003920,RMLG,openstation
8003921,NMSM,openstation
8003922,NMXH,openstation
8003923,RMAL,wikidata
8003924,KMYW,openstation
8003925,EUNW,openstation
8003926,KMAY,openstation
8003927,KMCH,openstation
8003929,AMD,openstation
8003930,TMK,openstation
8003931,KMCK,openstation
8003932,RMK,openstation
8003934,EMEK,openstation
8003936,EDWW,openstation
8003937,KMCP,openstation
8003938,NMEE,openstation
8003939,EMEG,openstation
8003943,EMHO,openstation
8003946,EDW,openstation
8003947,HMEI,openstation
8003949,HMRS,openstation
8003950,EMZH,openstation
8003952,MMEI,openstation
8003953,FMLB,openstation
8003954,AMF,openstation
8003956,HMEL,openstation
8003957,HMDF,openstation
8003959,NME,openstation
8003960,AME,openstation
8003961,FMLS,openstation
8003965,EMEU,openstation
8003966,KMD,openstation
8003967,EMED,openstation
8003969,TMG,openstation
8003970,FMGH,wikidata
8003971,FMBB,openstation
8003978,HMEP,openstation
8003979,MMEG,openstation
8003980,SMER,openstation
8003982,MMR,openstation
8003986,EMES,openstation
8003987,KMES,openstation
8003988,RME,openstation
8003989,MMTG,openstation
8003990,KMEZ,openstation
8003991,SMZM,openstation
8003992,SMZG,openstation
8003993,EMSD,openstation
8003996,FMES,openstation
8003998,EMSN,openstation
8004000,HMSU,openstation
8004001,EMTE,openstation
8004003,FMET,openstation
8004004,SMT,openstation
8004008,MSAF,openstation
8004009,TME,openstation
8004011,NMI,openstation
8004013,NMIK,openstation
8004017,FMI,openstation
8004019,MMIB,openstation
8004020,KMIE,openstation
8004023,KMIL,openstation
8004024,EMIL,openstation
8004026,NMLT,openstation
8004028,NMIM,openstation
8004029,RSLM,openstation
8004030,MMAH,openstation
8004032,RBSK,openstation
8004037,FMGD,openstation
8004040,NMSN,openstation
8004043,MMW,openstation
8004048,AML,openstation
8004049,TMO,openstation
8004050,TML,openstation
8004053,TMOE,openstation
8004057,AMLN,openstation
8004060,FMHF,openstation
8004061,KMGE,openstation
8004063,KMR,openstation
8004064,NMOE,openstation
8004065,FMF,openstation
8004066,RMOE,openstation
8004067,TMHR,openstation
8004068,TMHB,openstation
8004070,TMS,openstation
8004071,MMTN,openstation
8004077,TMON,openstation
8004078,SML,openstation
8004080,SMON,openstation
8004084,MMB,openstation
8004090,NMOU,openstation
8004093,AMM,openstation
8004094,RMO,openstation
8004095,RMOW,openstation
8004096,SMK,openstation
8004099,EMUD,openstation
8004100,FMCK,openstation
8004101,SMD,openstation
8004103,TMRO,openstation
8004104,TMUE,openstation
8004105,HMLN,openstation
8004107,RMH,openstation
8004111,TMUL,openstation
8004112,FMH,openstation
8004115,NMST,openstation
8004122,EMRW,openstation
8004124,RML,openstation
8004125,FMGR,openstation
8004126,NMBG,openstation
8004127,HMHZ,openstation
8004128,MMDN,openstation
8004129,MHAB,openstation
8004130,MHAR,openstation
8004131,MIT,openstation
8004132,MKA,openstation
8004133,MLEF,openstation
8004134,MLEU,openstation
8004135,MMP,openstation
8004136,MRP,openstation
8004137,MSW,openstation
8004138,MMAR,openstation
8004139,MAUG,openstation
8004140,MMAL,openstation
8004141,MMAU,openstation
8004142,MOP,openstation
8004143,MDFG,openstation
8004144,MEGS,openstation
8004145,MFAS,openstation
8004146,MFG,openstation
8004147,MFE,openstation
8004148,MGI,openstation
8004149,MJK,openstation
8004150,MKF,openstation
8004151,ML,openstation
8004152,MLW,openstation
8004153,MLO,openstation
8004154,MMT,openstation
8004155,MMCH,openstation
8004156,MNA,openstation
8004157,MOZ,openstation
8004158,MP,openstation
8004159,MPER,openstation
8004160,MRI,openstation
8004161,MSN,openstation
8004162,MTR,openstation
8004163,MWKR,openstation
8004165,MMST,openstation
8004166,SMR,openstation
8004167,MFHB,openstation
8004168,MFHM,openstation
8004169,NMUE,openstation
8004171,FMTR,openstation
8004172,SMSA,openstation
8004173,ENHF,openstation
8004174,SMLB,openstation
8004177,AMUE,openstation
8004178,RMU,openstation
8004179,MMHG,openstation
8004181,MFH,openstation
8004182,TMU,openstation
8004183,HMS,openstation
8004184,RMRG,openstation
8004185,MMU,openstation
8004186,MUO,openstation
8004188,TMT,openstation
8004189,RMCH,openstation
8004190,EMSR,openstation
8004191,NNAB,openstation
8004192,RMU,openstation
8004193,FNAC,openstation
8004195,TNAS,openstation
8004196,TNA,openstation
8004198,NNIL,openstation
8004199,SNAB,openstation
8004200,KNAM,openstation
8004201,TNA,openstation
8004202,TNAI,openstation
8004204,MMAM,openstation
8004206,FNAS,openstation
8004207,MNBN,openstation
8004208,HNAH,openstation
8004210,FNU,openstation
8004215,RNB,openstation
8004216,RNA,openstation
8004217,RNMA,openstation
8004218,RNH,openstation
8004219,RNT,openstation
8004220,TN,openstation
8004222,RNEZ,openstation
8004223,SNF,openstation
8004226,TN,wikidata
8004227,ANEZ,openstation
8004228,ENHH,openstation
8004229,TNEH,openstation
8004230,EDDS,openstation
8004232,TN,openstation
8004233,TNL,openstation
8004234,KNEM,wikidata
8004235,TNED,openstation
8004236,SNE,openstation
8004238,TNSN,openstation
8004239,MNSG,openstation
8004240,MNEW,openstation
8004241,ANTB,openstation
8004242,KNEH,openstation
8004246,FNIS,openstation
8004247,ANWF,openstation
8004249,MNGH,openstation
8004250,NNAE,openstation
8004251,ENBM,openstation
8004252,MNB,openstation
8004253,SNBR,openstation
8004254,MNBD,openstation
8004256,MNBK,openstation
8004257,RNBU,openstation
8004258,TND,openstation
8004262,HNEH,wikidata
8004264,TNES,wikidata
8004265,TNE,wikidata
8004266,AHAB,openstation
8004267,AHRF,openstation
8004268,NNDU,openstation
8004269,EDK,openstation
8004271,HNKO,openstation
8004273,ENRA,openstation
8004276,TNN,openstation
8004279,MNF,openstation
8004280,TRNF,openstation
8004284,NNP,openstation
8004288,EDOP,openstation
8004289,RNHN,wikidata
8004295,FNF,openstation
8004297,FNK,openstation
8004298,MNK,wikidata
8004302,ANL,openstation
8004304,RNL,openstation
8004305,NNT,openstation
8004308,RNK,wikidata
8004310,NNKS,openstation
8004312,SNKW,openstation
8004313,ENK,openstation
8004315,MNN,wikidata
8004316,KNRC,openstation
8004317,KNSD,openstation
8004318,MNES,openstation
8004319,NNEU,openstation
8004320,KNAK,openstation
8004321,NNSG,openstation
8004322,HNRU,openstation
8004323,NNA,openstation
8004325,NNU,openstation
8004326,MND,openstation
8004327,ANT,openstation
8004328,FNSM,openstation
8004331,RNSS,openstation
8004332,NNW,openstation
8004333,TNHO,openstation
8004335,KNAL,openstation
8004336,NNAM,openstation
8004338,TNW,openstation
8004340,ENV,openstation
8004343,ANB,openstation
8004344,SNID,openstation
8004345,FNFD,openstation
8004348,FNO,openstation
8004349,FNOL,openstation
8004350,FNR,openstation
8004351,FNRO,openstation
8004352,FSLH,openstation
8004353,FNRW,openstation
8004357,TSNU,openstation
8004363,TNB,openstation
8004364,FNCH,openstation
8004366,KND,openstation
8004367,FNIE,openstation
8004369,ENID,openstation
8004371,KRO,wikidata
8004373,FNIB,openstation
8004376,FNHD,openstation
8004379,FNDH,openstation
8004380,FNH,openstation
8004381,ENDV,openstation
8004382,FNJ,openstation
8004391,MNLH,openstation
8004392,SNDL,openstation
8004393,KNME,openstation
8004395,FNMI,openstation
8004396,SNDM,openstation
8004400,FNSD,openstation
8004401,MNRU,openstation
8004402,FROD,openstation
8004404,MNRO,openstation
8004405,FNDS,openstation
8004406,ENDN,openstation
8004407,ENDO,openstation
8004409,FNS,openstation
8004413,TNS,openstation
8004415,FNV,openstation
8004417,FNL,openstation
8004418,FNWF,openstation
8004419,EDUV,openstation
8004420,FNDW,openstation
8004423,RNID,openstation
8004424,FNIZ,openstation
8004425,TNF,openstation
8004426,ENBE,openstation
8004429,FKON,openstation
8004430,ENIR,openstation
8004432,FNIR,openstation
8004433,KNIK,openstation
8004434,KNIV,openstation
8004435,FNIV,openstation
8004437,TNK,wikidata
8004438,SNI,openstation
8004440,EHWB,openstation
8004441,HNTH,openstation
8004442,NDHF,openstation
8004444,SNON,openstation
8004446,MNHN,openstation
8004448,ENOB,openstation
8004449,HND,openstation
8004451,MNOD,openstation
8004452,HNO,openstation
8004453,NOBW,openstation
8004456,ANH,openstation
8004458,TNO,openstation
8004460,ANZ,openstation
8004461,ENOW,openstation
8004462,KNO,openstation
8004463,SNOR,openstation
8004464,RNO,openstation
8004466,ANF,openstation
8004467,HNDH,wikidata
8004469,NNRO,openstation
8004470,NNOS,openstation
8004471,NNO,openstation
8004473,NNRS,openstation
8004474,EBW,openstation
8004476,NND,openstation
8004477,NNEI,openstation
8004478,NNER,openstation
8004480,NNLH,openstation
8004481,NNMO,openstation
8004483,NNRE,openstation
8004484,NNSR,openstation
8004485,NNSW,openstation
8004486,NNST,openstation
8004487,NNSE,openstation
8004488,TNU,openstation
8004489,RNBO,openstation
8004490,TNUF,openstation
8004491,NNRH,openstation
8004493,NSTD,openstation
8004496,TOAI,openstation
8004497,FORA,openstation
8004499,FOW,openstation
8004503,MOA,openstation
8004504,NOA,openstation
8004506,MOU,openstation
8004507,MOD,openstation
8004513,SOH,openstation
8004514,SOG,openstation
8004515,FOBA,openstation
8004517,TOBB,openstation
8004518,FOB,openstation
8004519,KOB,wikidata
8004521,NON,openstation
8004523,FOBD,openstation
8004525,TOLC,openstation
8004526,FOSN,wikidata
8004527,KOE,openstation
8004528,TOES,openstation
8004529,NOB,openstation
8004531,MOGS,openstation
8004532,MOGB,openstation
8004533,NOH,openstation
8004538,FOHS,openstation
8004540,EOHT,openstation
8004541,EOS,openstation
8004542,EOSD,openstation
8004545,ROB,openstation
8004546,ROBK,openstation
8004549,TON,openstation
8004550,KOL,openstation
8004552,RLAU,openstation
8004553,TOL,openstation
8004554,MOLH,openstation
8004555,SOW,openstation
8004557,SOBM,openstation
8004558,NOBN,wikidata
8004560,NOE,wikidata
8004563,TOB,openstation
8004564,EOBW,wikidata
8004567,FOBH,openstation
8004571,MOMN,openstation
8004577,ROSC,openstation
8004580,MOSM,openstation
8004583,NOBS,openstation
8004584,MOSF,openstation
8004585,MOF,openstation
8004589,FOBS,openstation
8004592,NOT,openstation
8004593,FOTS,openstation
8004594,ROT,wikidata
8004595,RUDM,openstation
8004596,FOU,openstation
8004597,FOV,openstation
8004601,FOBW,openstation
8004603,ROD,openstation
8004604,KOWI,openstation
8004605,TOBZ,openstation
8004609,NOK,openstation
8004610,HOCH,openstation
8004613,EOP,openstation
8004614,FOCK,openstation
8004616,KODE,openstation
8004620,TCP,openstation
8004623,TOE,openstation
8004624,TOEW,openstation
8004626,EOEL,openstation
8004627,HKOE,wikidata
8004629,NOER,openstation
8004630,EOER,openstation
8004632,TOED,openstation
8004633,NRTL,openstation
8004635,FOE,openstation
8004636,ROH,openstation
8004637,TOET,openstation
8004639,ROKS,openstation
8004640,FOWH,openstation
8004642,EOVP,openstation
8004643,ROU,openstation
8004645,FOO,openstation
8004647,FOBI,openstation
8004652,HOFN,openstation
8004653,FOFF,openstation
8004654,MOFF,openstation
8004658,ROFH,openstation
8004661,AOP,openstation
8004662,MOH,openstation
8004664,FOK,openstation
8004665,HOK,openstation
8004667,MOL,openstation
8004668,HOLB,openstation
8004669,AOL,openstation
8004670,HOLW,openstation
8004674,EOLP,openstation
8004676,EOLS,openstation
8004677,SOU,openstation
8004679,ROP,openstation
8004680,FOPP,openstation
8004681,TOP,openstation
8004683,RORW,openstation
8004689,HOHT,openstation
8004694,KMBO,openstation
8004700,NOS,openstation
8004701,MOSH,openstation
8004702,HOSS,openstation
8004703,MOM,openstation
8004704,HOTM,openstation
8004705,HOTL,openstation
8004706,KOSS,openstation
8004707,AODT,openstation
8004709,HOTW,openstation
8004712,FOM,openstation
8004713,FOS,openstation
8004714,FOHF,openstation
8004719,AOH,openstation
8004720,HOTT,openstation
8004722,ROTU,wikidata
8004723,MONH,openstation
8004724,NOBE,openstation
8004725,NOTS,openstation
8004726,MOTF,openstation
8004727,AOF,openstation
8004728,AOBG,openstation
8004730,MOTG,wikidata
8004731,MOTW,openstation
8004733,MOBR,openstation
8004735,HOTZ,openstation
8004739,KOV,openstation
8004740,TOW,openstation
8004741,AOS,openstation
8004742,MOYM,openstation
8004744,EPDK,openstation
8004745,EPDN,openstation
8004746,KPFF,openstation
8004747,MPD,openstation
8004748,SPZ,openstation
8004749,NPK,openstation
8004750,APF,openstation
8004751,HPAP,openstation
8004753,MPP,openstation
8004755,NPB,openstation
8004756,NPAR,openstation
8004758,NPE,openstation
8004759,NPZ,openstation
8004760,HP,openstation
8004761,MPEI,openstation
8004762,MPBG,openstation
8004763,MPBN,openstation
8004764,MPTN,openstation
8004765,MPTO,openstation
8004767,MPZ,openstation
8004770,MPRM,openstation
8004771,SPE,openstation
8004774,NPET,openstation
8004775,MPE,openstation
8004777,HLAD,openstation
8004778,TPG,wikidata
8004780,MPFH,openstation
8004781,MPF,openstation
8004784,SPF,openstation
8004786,MPKI,wikidata
8004788,FPD,openstation
8004796,TPF,openstation
8004797,NPEN,openstation
8004799,TPB,wikidata
8004801,TPW,openstation
8004803,NPD,openstation
8004804,TPHM,wikidata
8004806,MPFD,openstation
8004807,MPFS,openstation
8004809,MPFW,openstation
8004813,RPB,openstation
8004814,SPI,openstation
8004815,MPI,openstation
8004816,FPU,openstation
8004819,AP,openstation
8004820,NPI,openstation
8004822,SPS,openstation
8004826,KPL,openstation
8004827,MPL,openstation
8004835,NPLF,openstation
8004838,EPLT,openstation
8004841,APLN,openstation
8004842,TPL,openstation
8004845,MPKG,wikidata
8004847,NPG,openstation
8004848,APN,openstation
8004849,NPOE,openstation
8004851,HPOG,openstation
8004853,NPOI,openstation
8004854,MPO,openstation
8004858,NPMH,openstation
8004859,SPOM,openstation
8004862,APB,openstation
8004865,NPOP,openstation
8004868,HPTA,openstation
8004869,KPR,openstation
8004873,KPW,openstation
8004874,MPH,openstation
8004875,NPOH,openstation
8004878,EPRA,openstation
8004879,APZ,openstation
8004880,NPS,openstation
8004881,NPR,openstation
8004882,NPRE,openstation
8004883,EPRN,openstation
8004885,MPR,openstation
8004888,APD,openstation
8004893,MPM,openstation
8004898,KPUL,openstation
8004899,MPUL,openstation
8004900,MPU,openstation
8004901,NPU,openstation
8004903,APU,openstation
8004905,EQLK,openstation
8004907,KQ,openstation
8004908,EQL,openstation
8004909,SQS,openstation
8004910,SQI,openstation
8004912,HQDF,wikidata
8004913,ARH,openstation
8004914,MRDD,openstation
8004917,NRA,openstation
8004919,HRAH,openstation
8004920,KDHL,openstation
8004922,MRN,openstation
8004923,NRAF,openstation
8004924,ARS,openstation
8004925,MRAG,openstation
8004926,NRAH,openstation
8004927,MRAM,openstation
8004928,MRMB,wikidata
8004929,SRCH,openstation
8004930,TRM,openstation
8004931,RRBI,openstation
8004932,RRBH,openstation
8004933,NRAB,openstation
8004935,RRN,openstation
8004936,NRSL,openstation
8004938,SRAS,openstation
8004942,FRAN,openstation
8004944,RRAB,wikidata
8004945,HRST,openstation
8004948,KRAO,openstation
8004952,ARF,openstation
8004955,MRA,openstation
8004960,ERMA,openstation
8004961,RRMZ,wikidata
8004962,FRA,openstation
8004965,TRB,openstation
8004966,MRH,openstation
8004967,KREC,openstation
8004970,HRFD,openstation
8004971,NRDF,openstation
8004972,ERFE,openstation
8004975,SRWH,openstation
8004978,NRCH,openstation
8004979,NRZ,openstation
8004981,NREG,openstation
8004983,NRPF,openstation
8004987,NRGF,openstation
8004988,NRU,openstation
8004993,SRW,openstation
8004994,NREK,openstation
8004995,FRHM,openstation
8004997,RRU,openstation
8004999,TRF,openstation
8005001,TRXS,openstation
8005002,TRCB,openstation
8005003,FRSA,openstation
8005005,NREI,openstation
8005007,MRCH,openstation
8005008,MRS,openstation
8005013,RRIN,openstation
8005014,SREI,openstation
8005015,RRHM,openstation
8005016,ARBK,openstation
8005019,ARD,openstation
8005020,FREI,openstation
8005023,ARE,openstation
8005026,RRSH,openstation
8005027,FRSK,openstation
8005028,NRF,wikidata
8005030,EREK,openstation
8005031,EEBS,openstation
8005033,KR,openstation
8005034,KRG,openstation
8005035,KRLU,openstation
8005037,RR,openstation
8005039,FREH,openstation
8005044,SRE,openstation
8005045,NREN,openstation
8005047,HRTN,openstation
8005049,NREZ,openstation
8005050,NRT,openstation
8005052,TREW,openstation
8005053,TREB,openstation
8005054,TRES,openstation
8005055,ERHA,openstation
8005057,KRBL,openstation
8005058,KRBA,openstation
8005059,KRBE,openstation
8005062,KRBR,openstation
8005064,RRH,openstation
8005065,KRHO,openstation
8005067,RRHH,openstation
8005068,RRW,openstation
8005069,RRZA,openstation
8005070,KRHE,openstation
8005071,RRZM,openstation
8005072,RRZU,openstation
8005073,KRYO,openstation
8005074,KRHD,openstation
8005077,RRIH,openstation
8005080,ARL,openstation
8005083,FRID,openstation
8005086,MRDU,openstation
8005087,TRI,openstation
8005089,FRIE,openstation
8005090,RRL,openstation
8005091,RRIE,wikidata
8005092,NRCK,openstation
8005093,RRID,wikidata
8005094,SRI,openstation
8005095,ARY,openstation
8005096,HRIE,openstation
8005097,TRH,openstation
8005098,RRIM,openstation
8005101,RRI,openstation
8005102,ERIK,openstation
8005103,RRIT,openstation
8005104,HRIN,openstation
8005105,RRB,wikidata
8005106,ARI,openstation
8005107,HRTH,openstation
8005111,SRC,openstation
8005112,NRC,openstation
8005113,SROA,openstation
8005116,FRB,openstation
8005119,HRDK,openstation
8005120,FRO,openstation
8005121,NROD,openstation
8005122,NRTM,openstation
8005125,FRFH,openstation
8005127,MRM,openstation
8005131,FROH,openstation
8005133,NROE,openstation
8005134,KROE,openstation
8005135,RRT,wikidata
8005136,RROE,openstation
8005137,HROT,openstation
8005138,MRTA,openstation
8005139,NRTH,openstation
8005140,NRP,openstation
8005141,NRPG,openstation
8005142,NRPE,openstation
8005143,KRST,openstation
8005145,MROH,wikidata
8005146,RRST,openstation
8005149,MRFD,openstation
8005151,TRO,openstation
8005152,KROI,openstation
8005153,KROL,openstation
8005154,NRON,openstation
8005156,FROL,openstation
8005157,TROM,openstation
8005159,KROM,openstation
8005160,HRBG,openstation
8005161,FRON,openstation
8005163,FROS,openstation
8005164,KROS,openstation
8005166,NRNU,openstation
8005168,TRBG,openstation
8005169,MRAI,openstation
8005172,SROB,openstation
8005173,MROS,wikidata
8005177,NRL,openstation
8005178,NRW,openstation
8005181,RRM,openstation
8005182,FROF,openstation
8005183,RRO,wikidata
8005184,FRTN,openstation
8005185,NRO,openstation
8005186,RROG,wikidata
8005187,RROW,wikidata
8005189,NRBG,openstation
8005190,NROT,openstation
8005191,AROP,openstation
8005194,MRT,wikidata
8005195,TRR,openstation
8005197,TRT,openstation
8005198,NRTD,openstation
8005199,NRHN,openstation
8005200,TRG,openstation
8005201,TGOL,openstation
8005202,TRSA,openstation
8005205,ERUD,openstation
8005207,ARP,openstation
8005208,FRS,openstation
8005209,NRUE,openstation
8005213,FRDH,openstation
8005214,RRZD,openstation
8005217,RRZH,openstation
8005218,KRUN,openstation
8005219,NRLB,openstation
8005220,FRUE,openstation
8005221,FRUO,openstation
8005222,MRPD,wikidata
8005223,MRUS,wikidata
8005225,KRUM,openstation
8005227,EROL,openstation
8005229,FRUK,openstation
8005231,NRST,openstation
8005236,TRUT,openstation
8005238,NSL,openstation
8005241,SSO,openstation
8005243,SSB,openstation
8005245,SSAB,openstation
8005246,SSLB,openstation
8005247,SSLS,openstation
8005249,FSAA,openstation
8005250,NSA,openstation
8005253,TSA,openstation
8005255,RSAE,openstation
8005256,ASAG,openstation
8005257,RANS,openstation
8005258,TSAL,openstation
8005259,MSAL,openstation
8005260,SSMR,openstation
8005261,FBSS,openstation
8005262,HSAL,openstation
8005264,HEB,openstation
8005265,HSB,openstation
8005269,HSI,openstation
8005270,HSL,openstation
8005274,HST,openstation
8005275,HSW,openstation
8005276,ESZK,openstation
8005279,NSND,openstation
8005282,HSAN,openstation
8005283,ESDB,openstation
8005287,HSAK,openstation
8005288,ASDW,openstation
8005289,ESCI,openstation
8005292,HSRD,openstation
8005293,ESAS,openstation
8005298,KSA,openstation
8005299,MSR,openstation
8005301,TSL,openstation
8005302,MSGB,openstation
8005304,NGLH,openstation
8005306,SSU,openstation
8005311,MSFL,openstation
8005312,MSCA,wikidata
8005316,ESMU,openstation
8005317,RSAL,openstation
8005319,ESCA,wikidata
8005320,HSDL,openstation
8005321,ASAZ,openstation
8005322,ESMD,openstation
8005324,HBLB,openstation
8005327,MSC,wikidata
8005329,TSEP,openstation
8005330,ASL,openstation
8005332,SSD,openstation
8005333,TSK,openstation
8005334,TSX,openstation
8005335,RSZL,openstation
8005336,HSCD,openstation
8005338,ESCF,openstation
8005339,KSEV,openstation
8005340,HSCI,openstation
8005342,SUZD,openstation
8005343,HSCB,openstation
8005345,RSDS,openstation
8005346,SSWL,openstation
8005347,RSCM,openstation
8005350,RSCL,openstation
8005352,NSG,openstation
8005355,HSCL,openstation
8005356,KSLA,openstation
8005362,ASW,openstation
8005364,RSG,openstation
8005365,FSBA,openstation
8005366,RSR,openstation
8005367,MSCS,openstation
8005369,ESHO,openstation
8005370,ESNS,openstation
8005371,RSLU,openstation
8005374,FSMU,openstation
8005378,KSMI,openstation
8005379,TSHM,openstation
8005381,MSCN,openstation
8005382,FSLM,wikidata
8005383,NSMA,openstation
8005386,NSCB,wikidata
8005388,NSNE,openstation
8005389,MLLS,openstation
8005390,ASDN,openstation
8005391,NSY,openstation
8005392,SSOF,openstation
8005393,FSCH,openstation
8005400,NSGN,openstation
8005405,HSWO,openstation
8005406,MSNG,openstation
8005409,RSOM,wikidata
8005412,NSOE,openstation
8005413,HSPP,openstation
8005415,ESHM,openstation
8005417,MSDF,openstation
8005418,MSGU,openstation
8005419,MHP,openstation
8005420,RSCH,openstation
8005421,TSPF,openstation
8005423,SSCP,openstation
8005424,TSF,openstation
8005425,RSCW,openstation
8005426,RSCS,openstation
8005431,TSCH,openstation
8005432,MSHN,openstation
8005435,ASC,openstation
8005436,HSTT,openstation
8005439,NSC,openstation
8005440,NSCL,openstation
8005442,MSHH,openstation
8005444,MSMN,openstation
8005445,TSWA,openstation
8005449,TSHL,openstation
8005451,NSAI,openstation
8005453,TSWG,wikidata
8005454,TSWK,openstation
8005455,FSTS,openstation
8005456,FSLN,openstation
8005457,HSWS,openstation
8005465,NSW,openstation
8005466,NSBS,openstation
8005468,ASWA,openstation
8005469,NSDO,openstation
8005476,SSWE,openstation
8005479,NSMT,openstation
8005481,NSST,openstation
8005485,NSWF,openstation
8005488,KSWW,openstation
8005489,MSWN,openstation
8005490,RSCV,openstation
8005493,RHKR,openstation
8005494,RSZ,openstation
8005495,MSDG,openstation
8005497,RSST,openstation
8005498,FSN,openstation
8005499,KSEC,openstation
8005502,RSEE,openstation
8005504,MSH,openstation
8005505,MSEG,openstation
8005506,MSEB,openstation
8005507,HS,openstation
8005508,MSE,openstation
8005510,SSE,openstation
8005511,HSEN,openstation
8005512,MSBD,wikidata
8005516,NSN,openstation
8005517,NSS,openstation
8005518,NSP,openstation
8005520,NSLZ,openstation
8005522,FSEL,openstation
8005523,NSLI,openstation
8005525,ESEM,openstation
8005526,ESEB,openstation
8005532,MSED,openstation
8005534,ESEL,openstation
8005535,ESES,openstation
8005536,TSE,openstation
8005539,SSER,openstation
8005540,TSER,openstation
8005543,NSF,openstation
8005544,FSG,openstation
8005545,NSE,openstation
8005547,NSYB,openstation
8005551,RSIB,openstation
8005555,ESIH,openstation
8005556,KSIB,openstation
8005557,NSDF,openstation
8005560,RSIS,openstation
8005561,ASID,openstation
8005562,SSBG,openstation
8005566,TSY,openstation
8005568,TSID,openstation
8005569,ESIL,openstation
8005572,NSHU,openstation
8005574,TSI,openstation
8005575,KSID,openstation
8005576,FSL,openstation
8005577,FSI,openstation
8005578,RSM,openstation
8005580,KSIZ,openstation
8005581,NSIH,openstation
8005582,RSIN,openstation
8005583,SSOB,openstation
8005585,RSL,wikidata
8005586,ASOE,openstation
8005587,RSZM,openstation
8005588,RSZN,openstation
8005590,KSS,openstation
8005592,FSOL,openstation
8005593,MSO,openstation
8005594,ASON,openstation
8005597,KSGR,openstation
8005598,KSM,openstation
8005600,ESON,openstation
8005602,RSOH,openstation
8005607,MSHM,openstation
8005608,TSON,openstation
8005609,MSF,openstation
8005610,FSON,openstation
8005613,AS,openstation
8005614,MSY,wikidata
8005616,TSP,openstation
8005617,TSPM,openstation
8005622,KSPA,openstation
8005623,FSPE,openstation
8005624,SSPE,openstation
8005625,NSKN,openstation
8005626,RSPN,openstation
8005628,RSP,openstation
8005629,KSPI,openstation
8005630,NSPU,openstation
8005635,ESPR,openstation
8005636,FSPO,openstation
8005637,FSPR,openstation
8005638,HSPR,openstation
8005639,MSAB,openstation
8005640,ASP,openstation
8005644,RSGO,openstation
8005645,FSGO,openstation
8005646,FSGH,openstation
8005648,RSIG,openstation
8005649,SSI,openstation
8005652,MKL,openstation
8005653,MMG,openstation
8005655,ASD,openstation
8005656,MOTN,openstation
8005658,SSTO,openstation
8005659,SSWD,openstation
8005661,FSTA,openstation
8005662,HSHG,openstation
8005663,ASHS,openstation
8005665,HSDF,openstation
8005666,NSPO,wikidata
8005668,FST,openstation
8005670,NSFN,openstation
8005672,MSTA,openstation
8005673,SSTB,openstation
8005674,NSM,openstation
8005675,MSNO,openstation
8005676,MST,openstation
8005678,SSTH,openstation
8005682,HSTF,openstation
8005686,NSWH,openstation
8005687,MSTN,wikidata
8005688,RSNA,openstation
8005689,SSTA,openstation
8005690,FSA,openstation
8005692,NSD,openstation
8005699,MSA,openstation
8005700,FSFZ,openstation
8005701,RSTN,openstation
8005702,ESBS,openstation
8005703,HSFD,openstation
8005704,ESTG,openstation
8005706,FSHM,openstation
8005708,HSTM,openstation
8005709,MSHG,wikidata
8005712,EGRK,openstation
8005713,RSTE,openstation
8005714,RSS,openstation
8005715,SSTW,openstation
8005717,ASTE,openstation
8005720,FSTZ,openstation
8005722,FSZH,wikidata
8005723,TSTD,openstation
8005724,TSHG,wikidata
8005725,MSTS,openstation
8005726,TSTE,openstation
8005731,ESKA,openstation
8005734,NSOK,openstation
8005735,MSD,openstation
8005736,FSTH,openstation
8005737,NSTH,openstation
8005739,FSTK,openstation
8005740,FSTR,openstation
8005741,KSTT,wikidata
8005744,KSTS,wikidata
8005746,KSOM,openstation
8005747,TSGZ,openstation
8005748,KSTZ,openstation
8005749,MSMS,openstation
8005750,TSTR,openstation
8005752,NSK,openstation
8005760,NSU,openstation
8005761,ESTU,openstation
8005763,HSUB,openstation
8005764,RSTU,wikidata
8005766,TSEB,openstation
8005767,TSN,openstation
8005768,TFL,openstation
8005769,TSC,openstation
8005770,TSZ,openstation
8005771,TSM,openstation
8005772,TSOM,openstation
8005773,TSRO,openstation
8005774,TSSM,openstation
8005775,TSU,openstation
8005776,TSV,openstation
8005777,TSZA,openstation
8005778,TSZ,openstation
8005779,TSOS,openstation
8005780,HSUD,openstation
8005781,ASU,openstation
8005782,ASUE,openstation
8005783,ASDD,openstation
8005785,ASDF,openstation
8005786,TSUE,openstation
8005787,NSUE,openstation
8005788,ASUP,openstation
8005789,ANBS,wikidata
8005790,TSD,openstation
8005791,TSUL,openstation
8005792,TSUS,openstation
8005793,MSBH,wikidata
8005794,NSUZ,wikidata
8005795,TSBM,openstation
8005796,SSZ,openstation
8005797,SSZA,openstation
8005798,FSZ,openstation
8005799,FSZN,openstation
8005800,NSR,openstation
8005801,NSRH,wikidata
8005802,MSUG,openstation
8005805,RSFD,wikidata
8005809,HSYK,openstation
8005810,ESYL,openstation
8005811,ESYH,openstation
8005812,STB,openstation
8005813,MTCH,wikidata
8005820,TTM,openstation
8005823,TTA,openstation
8005824,MTPF,openstation
8005825,ATP,openstation
8005826,ATAT,openstation
8005828,MTA,openstation
8005831,MTU,openstation
8005833,MTO,openstation
8005834,ETEL,openstation
8005835,STS,openstation
8005836,RTMU,openstation
8005843,STWF,openstation
8005845,TTL,openstation
8005852,MTMA,openstation
8005855,NTAS,openstation
8005856,RTG,wikidata
8005857,STN,openstation
8005858,ATHS,openstation
8005864,NTHM,openstation
8005865,KTH,openstation
8005867,ATB,openstation
8005870,ATK,openstation
8005871,RTI,openstation
8005873,MTSK,wikidata
8005874,ATIM,openstation
8005876,RTIT,openstation
8005883,MTG,wikidata
8005885,ATG,openstation
8005887,ATM,openstation
8005888,ATST,openstation
8005889,STT,openstation
8005890,NTB,openstation
8005891,FTH,openstation
8005892,RT,wikidata
8005893,MTRD,wikidata
8005894,MTRT,wikidata
8005895,NTG,openstation
8005896,FTRE,openstation
8005901,HTRI,openstation
8005902,RTR,openstation
8005903,NTRI,openstation
8005905,STRS,openstation
8005907,NTF,openstation
8005908,TTO,openstation
8005910,KTR,openstation
8005911,TTR,openstation
8005912,MTSB,wikidata
8005917,TTD,openstation
8005918,TTLU,openstation
8005920,MTFD,openstation
8005923,MTLG,wikidata
8005924,MTUL,wikidata
8005925,TTUS,openstation
8005927,MTZ,openstation
8005928,FTW,wikidata
8005929,HT,openstation
8005930,EUBD,openstation
8005931,RUW,openstation
8005933,RSFW,openstation
8005935,KUBP,openstation
8005937,RUEB,openstation
8005940,MUS,openstation
8005942,RUEM,openstation
8005943,RUEN,openstation
8005945,SUG,openstation
8005946,TTUG,openstation
8005947,NU,openstation
8005948,MUF,openstation
8005949,TUH,openstation
8005950,FUR,openstation
8005952,TUO,openstation
8005954,TUDT,openstation
8005955,TU,openstation
8005962,MURO,openstation
8005963,RUN,openstation
8005966,NUDF,openstation
8005967,NUND,openstation
8005968,FUNG,wikidata
8005970,KUN,openstation
8005971,EUK,openstation
8005972,FUKO,openstation
8005975,MUAG,openstation
8005976,NUA,openstation
8005977,MUA,wikidata
8005979,TBB,openstation
8005983,TUE,openstation
8005986,MUFG,openstation
8005989,TUG,openstation
8005990,RURB,wikidata
8005991,MUH,openstation
8005993,MUHN,openstation
8005995,NUT,openstation
8005997,TUK,openstation
8005998,TUL,openstation
8006001,HUNL,openstation
8006002,TUJM,wikidata
8006003,TUJS,wikidata
8006006,MUG,openstation
8006008,TURB,openstation
8006016,NUST,wikidata
8006017,NUS,openstation
8006019,SUSZ,openstation
8006026,AUP,wikidata
8006027,TUCK,wikidata
8006029,TUC,wikidata
8006030,TUA,openstation
8006031,FUCH,openstation
8006032,KURF,openstation
8006035,KUR,openstation
8006036,KURR,openstation
8006037,MURS,openstation
8006039,TURS,openstation
8006041,HUS,openstation
8006048,MUTG,openstation
8006052,NVA,openstation
8006053,TV,openstation
8006054,KVA,openstation
8006056,HVA,openstation
8006058,AVF,openstation
8006059,MVS,openstation
8006060,HVEC,openstation
8006061,HVCH,openstation
8006062,AVLS,openstation
8006064,EVLR,openstation
8006065,NVE,openstation
8006067,NVN,openstation
8006068,FVOE,openstation
8006076,HV,openstation
8006078,HVWH,openstation
8006082,FVI,wikidata
8006083,FVR,openstation
8006085,NVK,openstation
8006086,NVI,openstation
8006089,HVIN,openstation
8006090,HVIS,openstation
8006091,HVLO,openstation
8006094,MVRN,openstation
8006095,HVOE,openstation
8006098,EVD,openstation
8006100,SVO,openstation
8006101,MVG,openstation
8006104,HVOLM,openstation
8006107,FVA,wikidata
8006109,EVOK,openstation
8006112,HVOP,openstation
8006116,HVHP,openstation
8006117,EVRD,openstation
8006118,EVRO,openstation
8006120,NV,openstation
8006125,RWCH,openstation
8006131,MWAE,openstation
8006132,FWAE,openstation
8006134,NWAF,openstation
8006135,TWHF,openstation
8006136,FWFK,openstation
8006137,RWG,openstation
8006138,MWGN,wikidata
8006139,EWAL,openstation
8006144,HWAZ,openstation
8006145,TWAL,wikidata
8006147,NWA,openstation
8006148,AWK,openstation
8006154,TWG,openstation
8006155,NWDH,openstation
8006156,SWAB,openstation
8006157,TWY,openstation
8006159,RWA,openstation
8006160,NWKN,wikidata
8006163,NWLM,openstation
8006164,MWKG,wikidata
8006167,RWU,openstation
8006170,SWL,openstation
8006171,TWH,openstation
8006172,HWKD,openstation
8006175,FWF,openstation
8006176,RWDN,wikidata
8006181,NWLD,openstation
8006183,FWAH,openstation
8006184,MWHN,openstation
8006189,MHSN,openstation
8006190,MWKN,openstation
8006191,KWAP,openstation
8006193,HWSR,openstation
8006194,EEHT,openstation
8006197,AOW,openstation
8006198,AWCH,openstation
8006200,TWW,openstation
8006203,TWAN,openstation
8006206,EWAF,openstation
8006207,EWEM,openstation
8006210,MWGU,openstation
8006212,TWV,openstation
8006213,AWA,openstation
8006215,RWR,openstation
8006217,TWA,openstation
8006218,MWBG,openstation
8006219,MWSG,openstation
8006220,MWSB,wikidata
8006222,SWAS,openstation
8006224,MWAS,openstation
8006226,EWAT,openstation
8006227,EWHP,openstation
8006229,FWST,openstation
8006232,FWCK,openstation
8006233,HWED,openstation
8006236,AWL,openstation
8006237,HWEE,openstation
8006240,KWEE,openstation
8006241,FWGA,wikidata
8006243,KWEG,openstation
8006252,SWE,openstation
8006256,MWEI,openstation
8006257,NWGR,openstation
8006258,MWDB,openstation
8006259,NWBE,wikidata
8006261,RWD,openstation
8006264,NWDG,openstation
8006266,NWHR,openstation
8006267,NWHF,openstation
8006268,TSWF,openstation
8006269,TWM,wikidata
8006270,HWUE,openstation
8006271,TW,openstation
8006272,RW,openstation
8006273,RWEI,openstation
8006274,NWE,wikidata
8006277,TWEL,openstation
8006279,MWLB,openstation
8006280,KWES,openstation
8006281,TWLH,openstation
8006283,RWEZ,openstation
8006286,FWEI,wikidata
8006287,RWGT,wikidata
8006289,TWR,openstation
8006290,TWRW,openstation
8006291,RWSB,wikidata
8006292,RWSS,openstation
8006293,FWEK,openstation
8006294,TELI,openstation
8006296,TWSN,openstation
8006298,NWG,openstation
8006299,MWSH,wikidata
8006300,NWEO,openstation
8006303,KWEH,openstation
8006304,FWN,openstation
8006305,MAES,wikidata
8006306,FWI,openstation
8006309,MWZH,openstation
8006312,FWZ,openstation
8006313,FWES,openstation
8006315,SWN,openstation
8006319,AWBS,openstation
8006320,EWSE,openstation
8006321,RWEL,openstation
8006323,EWVE,openstation
8006330,AWE,openstation
8006331,TWD,openstation
8006336,HWSN,openstation
8006339,EWHL,openstation
8006340,FWDF,openstation
8006342,EWER,openstation
8006346,TWER,openstation
8006347,NWRB,openstation
8006348,EWRN,openstation
8006349,NWFD,openstation
8006353,MWHA,openstation
8006354,TWTB,wikidata
8006356,EWFK,openstation
8006357,AWBU,openstation
8006358,HWES,openstation
8006359,MWS,openstation
8006360,EWBH,openstation
8006361,EWBV,openstation
8006363,MWDF,openstation
8006366,MWM,openstation
8006367,HWTH,openstation
8006369,AWLA,openstation
8006373,TWSH,openstation
8006376,TWX,openstation
8006378,MWHS,openstation
8006379,EWSM,openstation
8006380,NWL,openstation
8006383,EWN,openstation
8006386,EWET,openstation
8006389,EWIC,openstation
8006390,NWK,openstation
8006391,KWIC,openstation
8006392,SWK,openstation
8006401,FWRA,openstation
8006402,HWRN,openstation
8006403,NWU,openstation
8006404,FWO,openstation
8006407,FWE,openstation
8006408,FWIG,openstation
8006409,FWS,openstation
8006414,NWDC,openstation
8006416,TWID,openstation
8006417,RWI,openstation
8006418,NWIE,openstation
8006421,RWS,openstation
8006426,NWI,openstation
8006430,RWIN,wikidata
8006431,TWB,wikidata
8006432,TWIB,openstation
8006436,HWIH,openstation
8006440,TWL,openstation
8006441,RWSW,openstation
8006445,HW,openstation
8006446,FWUE,wikidata
8006448,NWHD,openstation
8006449,HWBD,openstation
8006453,FWLN,wikidata
8006454,FWLM,openstation
8006455,NWIG,openstation
8006456,TWLB,openstation
8006459,FWTH,openstation
8006460,AWIR,openstation
8006461,SWIG,openstation
8006463,SWIN,openstation
8006465,FWIN,openstation
8006466,EWIL,openstation
8006468,RWND,openstation
8006472,NWB,openstation
8006473,NWIN,openstation
8006475,AWG,openstation
8006476,NWKH,openstation
8006479,TWI,openstation
8006481,SWI,openstation
8006482,HWIN,openstation
8006483,SWNW,openstation
8006484,AWI,openstation
8006485,TWIN,openstation
8006486,EWTB,openstation
8006488,NWN,openstation
8006489,AWIM,openstation
8006493,MWIT,wikidata
8006498,KWIR,openstation
8006499,FWIR,openstation
8006501,EWIN,openstation
8006503,HWIS,openstation
8006505,EWIK,openstation
8006508,RMHH,openstation
8006509,RMLB,openstation
8006510,EWIA,openstation
8006511,RMNS,openstation
8006513,TSUN,openstation
8006514,EEHH,openstation
8006516,KWIS,openstation
8006517,TWIT,openstation
8006520,HWTM,openstation
8006524,FWZN,openstation
8006527,AWRT,openstation
8006528,FWX,openstation
8006529,FWOE,openstation
8006531,RWRZ,openstation
8006533,MWNS,openstation
8006534,FWRR,openstation
8006535,FWOD,openstation
8006536,RWRD,openstation
8006537,MWTI,openstation
8006539,RWSN,wikidata
8006541,AWLF,openstation
8006544,RWO,openstation
8006545,TWO,openstation
8006546,FWON,openstation
8006548,FWFG,openstation
8006550,MWO,openstation
8006552,HWOB,openstation
8006554,NWM,openstation
8006555,SWFS,openstation
8006559,AWOL,openstation
8006561,HWWI,openstation
8006570,AWRE,openstation
8006572,AWST,openstation
8006575,EWAP,openstation
8006577,EWGD,openstation
8006578,EWGT,openstation
8006581,SWB,openstation
8006582,NWS,openstation
8006586,NWZ,openstation
8006588,NWBZ,openstation
8006590,EWUF,openstation
8006592,HWUL,openstation
8006595,MWUH,wikidata
8006596,KWBA,openstation
8006607,KWL,openstation
8006616,KWRO,openstation
8006618,KWSO,openstation
8006619,KWS,openstation
8006620,KWU,openstation
8006623,KWZ,openstation
8006624,NWLZ,openstation
8006625,TWUM,openstation
8006626,TWUN,openstation
8006627,SWU,openstation
8006628,RWUT,wikidata
8006629,RWY,openstation
8006630,KX,openstation
8006633,RZA,wikidata
8006634,NZA,openstation
8006635,NZ,openstation
8006636,HBSI,wikidata
8006641,RZ,openstation
8006642,TEZL,openstation
8006643,FZK,openstation
8006644,FZR,openstation
8006646,FZH,openstation
8006647,FZE,wikidata
8006648,FZEP,openstation
8006654,FZBR,wikidata
8006658,FZB,wikidata
8006659,KZI,openstation
8006660,NZF,openstation
8006661,RZIM,openstation
8006662,TZI,openstation
8006663,FZM,openstation
8006664,NZI,openstation
8006666,NZIK,openstation
8006667,RVLZ,openstation
8006669,RZS,wikidata
8006670,MZHP,openstation
8006671,MZO,openstation
8006672,RZT,openstation
8006673,KZU,wikidata
8006674,KZ,wikidata
8006676,TZU,openstation
8006678,RZHN,openstation
8006679,RZUN,openstation
8006680,SZW,openstation
8006684,NZWL,openstation
8006685,NZWU,openstation
8006686,RZW,openstation
8006687,FZW,openstation
8006688,MUSM,openstation
8006690,FFGA,openstation
8006691,FFTA,openstation
8006692,FHAU,openstation
8006696,MNPS,openstation
8006698,TSS,openstation
8006699,TSFS,openstation
8006700,TSMI,openstation
8006704,ALTK,openstation
8006705,ARES,openstation
8006706,AKS,openstation
8006707,FHMD,openstation
8006709,EDRN,openstation
8006710,EBOH,openstation
8006711,EBOW,openstation
8006712,EHGW,openstation
8006713,KLMH,openstation
8006714,KSV,openstation
8006715,RSW,wikidata
8006717,MVAD,openstation
8006718,KWV,openstation
8006719,KWO,openstation
8006730,MNM,openstation
8006733,RDAI,wikidata
8006743,TSNS,openstation
8006745,NSTT,openstation
8006749,AHFS,openstation
8006750,ANWS,openstation
8007000,RBUS,wikidata
8007001,RAHS,wikidata
8007002,ROA,wikidata
8007003,ROAB,wikidata
8007004,RKPP,wikidata
8007005,RFU,wikidata
8007006,ROTT,wikidata
8007007,RETT,wikidata
8007008,RETZ,wikidata
8007009,RMX,wikidata
8007010,RFS,wikidata
8007011,RHLB,wikidata
8007012,RRBA,wikidata
8007013,RLSB,wikidata
8007014,RITB,wikidata
8007044,AE,wikidata
8007046,ABWD,wikidata
8007047,ABNS,wikidata
8007048,AHLH,wikidata
8007049,AQB,wikidata
8007050,AELA,wikidata
8007051,ATAK,wikidata
8007053,AUB,wikidata
8007054,AKTK,wikidata
8007055,ANTZ,wikidata
8007056,ALFD,wikidata
8007057,ABSK,wikidata
8007058,ABSD,wikidata
8007059,AWMD,wikidata
8007060,AGSA,wikidata
8007061,ABOS,wikidata
8007062,ANM,wikidata
8007064,AQBD,wikidata
8007065,ALGM,wikidata
8007066,ASPS,wikidata
8007067,ABHT,wikidata
8007068,AVSL,wikidata
8007069,ABMB,wikidata
8007070,ABMS,wikidata
8007077,EDAD,wikidata
8007101,RZLH,wikidata
8007102,RBCH,wikidata
8007103,RUH,wikidata
8007104,RKGB,wikidata
8007105,ROHD,wikidata
8007106,ROHR,wikidata
8007133,RUO,wikidata
8007134,RSF,wikidata
8007135,RZE,wikidata
8007136,RZEO,wikidata
8007138,RODH,wikidata
8007140,RUOE,wikidata
8007141,ROOE,wikidata
8007142,RMZH,wikidata
8007143,RGOM,wikidata
8007144,RBBR,wikidata
8007145,RMZN,wikidata
8007146,RMZO,wikidata
8007147,TTRA,wikidata
8007160,FKEM,wikidata
8007164,FKOE,wikidata
8007173,REG,wikidata
8007174,RLEO,wikidata
8007201,RHOS,wikidata
8007224,TKLR,wikidata
8007226,TBLD,wikidata
8007229,TGMT,wikidata
8007232,TVRS,wikidata
8007235,THFT,wikidata
8007273,AWAH,openstation
8007275,FAZU,wikidata
8007277,FMIC,wikidata
8007279,FMOE,wikidata
8007280,FSBN,wikidata
8007281,FKHN,wikidata
8007282,FBLK,wikidata
8007283,FSK,wikidata
8007284,RROP,wikidata
8007285,REN,wikidata
8007286,RKHS,wikidata
8007287,RSAS,wikidata
8007288,RJ,wikidata
8007289,RBBN,wikidata
8007290,ROBL,wikidata
8007291,RAK,wikidata
8007293,RBAL,wikidata
8007294,RNIM,wikidata
8007295,RE,wikidata
8007296,RBTZ,wikidata
8007297,RBTU,wikidata
8007310,RBAR,wikidata
8007326,TSBD,wikidata
8007330,RBKO,wikidata
8007331,ROK,wikidata
8007332,RSTF,wikidata
8007333,RSTS,wikidata
8007334,REZB,wikidata
8007335,RDB,wikidata
8007336,RHOF,wikidata
8007337,RUM,wikidata
8007338,NZLT,wikidata
8007339,NGFW,wikidata
8007341,NWAS,wikidata
8007342,NHWN,wikidata
8007343,NARR,wikidata
8007344,NFHB,wikidata
8007345,NLAM,wikidata
8007357,SURM,openstation
8007441,RNST,openstation
8007442,RWB,openstation
8007443,RESN,openstation
8007444,RHM,openstation
8007445,RAG,openstation
8007446,TFKH,wikidata
8007447,TLSH,wikidata
8007448,TNEF,wikidata
8007482,SRAM,openstation
8007766,HWG,wikidata
8007768,HNDM,openstation
8007790,ANSW,openstation
8007800,ABV,wikidata
8007851,FSB,wikidata
8007855,TKO,wikidata
8007856,NWDM,openstation
8007857,RSAI,openstation
8007858,RSFL,openstation
8007859,RKPW,openstation
8007860,RSHF,openstation
8007861,RGZK,wikidata
8007863,RBGBP,wikidata
8007864,RBGBS,wikidata
8007866,RSLR,wikidata
8007868,SLCJ,openstation
8007887,SHBO,wikidata
8007892,HBRN,wikidata
8007893,HBKM,wikidata
8007896,HBKO,wikidata
8007897,HBTU,wikidata
8007898,HBRF,wikidata
8010001,DAD,openstation
8010003,LA,openstation
8010004,WA,openstation
8010005,DAB,wikidata
8010006,DAF,openstation
8010007,UA,openstation
8010008,LACF,openstation
8010009,LAL,openstation
8010010,DAU,wikidata
8010011,DAUO,openstation
8010012,DAUU,openstation
8010013,LBB,openstation
8010014,UBL,openstation
8010016,WDO,openstation
8010017,WFW,openstation
8010018,WK,openstation
8010019,UKO,openstation
8010020,ULS,openstation
8010021,USZ,openstation
8010022,DSA,openstation
8010025,BBAS,wikidata
8010026,DBZ,openstation
8010027,DAUS,wikidata
8010028,BBSK,wikidata
8010029,BBES,openstation
8010031,BBIG,openstation
8010032,UBK,openstation
8010033,WBG,openstation
8010035,BKH,openstation
8010036,BLI,openstation
8010040,DKUR,openstation
8010041,BSW,openstation
8010043,LBG,openstation
8010044,DBF,openstation
8010046,LBEU,openstation
8010047,LBZ,openstation
8010048,UBKN,openstation
8010049,DBW,openstation
8010050,LBT,openstation
8010051,WBL,openstation
8010053,BBF,openstation
8010054,UBM,openstation
8010055,UBD,openstation
8010059,LBOR,openstation
8010060,LB,openstation
8010061,UBR,openstation
8010064,WBR,openstation
8010066,WB,openstation
8010067,UBF,openstation
8010069,BC,openstation
8010070,LCBO,openstation
8010071,LCBW,openstation
8010072,DCW,openstation
8010073,BCS,openstation
8010074,DCR,wikidata
8010076,LDL,openstation
8010077,LD,openstation
8010078,LDB,openstation
8010079,BDK,openstation
8010080,DDE,openstation
8010081,UDST,openstation
8010084,LGND,openstation
8010085,DH,openstation
8010086,LMR,openstation
8010088,DKT,openstation
8010089,DN,openstation
8010091,DRR,openstation
8010092,DEB,openstation
8010093,WE,openstation
8010094,DEIB,openstation
8010095,LEG,openstation
8010096,LEI,openstation
8010097,UEI,openstation
8010099,BEW,openstation
8010100,BEB,openstation
8010101,UE,openstation
8010102,UEN,openstation
8010103,LF,openstation
8010105,UEIP,openstation
8010106,DFA,openstation
8010108,DFL,openstation
8010109,BFHS,openstation
8010110,UF,openstation
8010111,BFO,openstation
8010113,BFP,openstation
8010115,DFR,openstation
8010116,DFH,openstation
8010117,WTV,openstation
8010118,UFT,openstation
8010119,LFE,openstation
8010120,BFUW,openstation
8010121,LGG,openstation
8010122,LGH,openstation
8010123,LGN,openstation
8010124,URD,openstation
8010125,UG,openstation
8010126,UGS,openstation
8010128,DFLP,wikidata
8010129,DGL,openstation
8010130,DGLS,openstation
8010131,DG,openstation
8010133,UGW,openstation
8010134,DGZ,openstation
8010136,UGO,openstation
8010137,UGD,openstation
8010139,WGW,openstation
8010140,UGR,openstation
8010141,WGV,openstation
8010142,UGM,openstation
8010144,DGR,openstation
8010145,UGH,openstation
8010146,LGC,openstation
8010150,BGRU,openstation
8010151,LGSN,openstation
8010152,LGT,openstation
8010153,WG,openstation
8010154,LGK,openstation
8010155,LHME,openstation
8010156,WHL,openstation
8010157,LHB,openstation
8010158,LHL,openstation
8010159,LH,openstation
8010160,LHN,openstation
8010161,LEGO,openstation
8010162,LHAD,openstation
8010163,DHD,openstation
8010166,DHN,openstation
8010167,WHE,wikidata
8010168,LHE,openstation
8010169,LHR,openstation
8010170,UHR,openstation
8010171,BHC,openstation
8010172,LHWU,openstation
8010173,WHO,openstation
8010174,BHR,openstation
8010175,WNRR,openstation
8010176,WHOR,openstation
8010177,BHW,openstation
8010178,UI,openstation
8010179,WJK,openstation
8010182,BJUE,openstation
8010183,BSEO,openstation
8010184,DC,openstation
8010185,DCD,openstation
8010186,LKRS,openstation
8010191,LKM,openstation
8010193,BKW,openstation
8010194,LKO,openstation
8010195,LK,openstation
8010196,UKS,openstation
8010198,UKU,openstation
8010199,WLD,openstation
8010201,WLG,openstation
8010202,DLH,openstation
8010203,UL,openstation
8010205,LL,openstation
8010206,LLC,openstation
8010207,LLEL,openstation
8010208,LLPD,openstation
8010209,LLP,openstation
8010210,WLI,openstation
8010212,DL,openstation
8010213,WLK,openstation
8010214,WLO,openstation
8010215,BLF,openstation
8010216,WL,openstation
8010217,BLB,openstation
8010220,BLN,openstation
8010222,LW,openstation
8010224,LM,openstation
8010226,LMN,openstation
8010227,WMA,openstation
8010228,LMAG,openstation
8010229,DMEH,openstation
8010230,UM,openstation
8010231,LMEI,openstation
8010232,LMG,openstation
8010233,BMIP,openstation
8010234,DMHD,openstation
8010235,UMH,openstation
8010236,BMB,openstation
8010238,LNA,openstation
8010239,BNAU,openstation
8010240,UNM,openstation
8010241,WN,openstation
8010242,UND,openstation
8010243,LNK,openstation
8010244,DNM,openstation
8010245,DNOE,wikidata
8010246,WNR,openstation
8010248,WNS,openstation
8010249,DNE,openstation
8010250,WNT,openstation
8010253,DNR,openstation
8010254,LNHG,openstation
8010255,BHF,openstation
8010256,UN,openstation
8010259,DOZ,openstation
8010260,UOFM,wikidata
8010261,LOE,openstation
8010264,UO,openstation
8010266,LO,openstation
8010267,WPM,openstation
8010268,WP,openstation
8010269,LPG,openstation
8010272,DPI,openstation
8010273,WPZ,openstation
8010274,UPL,openstation
8010275,DP,openstation
8010277,DPF,wikidata
8010279,BPDP,openstation
8010280,BPDC,openstation
8010281,LPT,openstation
8010282,WPL,openstation
8010284,WPI,openstation
8010285,DPR,openstation
8010287,WPR,openstation
8010288,UPR,openstation
8010290,LQB,openstation
8010291,LQ,openstation
8010292,DRB,openstation
8010293,DRBK,openstation
8010296,LRW,openstation
8010297,DR,openstation
8010299,LRN,openstation
8010300,WRV,openstation
8010301,DRON,openstation
8010302,LR,openstation
8010304,WR,openstation
8010305,URTB,openstation
8010306,UR,openstation
8010307,URS,openstation
8010308,BRU,openstation
8010309,US,openstation
8010310,LSW,openstation
8010311,LSL,openstation
8010312,USG,openstation
8010315,USM,openstation
8010317,DSB,openstation
8010318,LSB,openstation
8010319,BSHN,wikidata
8010321,LSH,openstation
8010322,WSN,openstation
8010323,DSC,wikidata
8010324,WS,openstation
8010325,WSGN,openstation
8010327,BSN,openstation
8010328,USD,openstation
8010329,USH,openstation
8010330,BSP,openstation
8010331,DEG,openstation
8010332,LSF,openstation
8010333,DSPH,openstation
8010334,LS,openstation
8010335,LSS,openstation
8010336,DSRB,openstation
8010337,DSTO,wikidata
8010338,WSR,openstation
8010339,WSB,openstation
8010341,BST,openstation
8010342,USF,openstation
8010343,LSTF,openstation
8010345,USL,openstation
8010347,WT,openstation
8010348,WTE,openstation
8010349,UTEU,openstation
8010350,UTH,openstation
8010351,LTG,openstation
8010352,UTR,openstation
8010353,BUK,openstation
8010354,UUTL,openstation
8010355,WV,openstation
8010357,BGU,openstation
8010359,DWA,openstation
8010361,WWR,openstation
8010364,LWEG,openstation
8010365,UWE,openstation
8010366,UWM,openstation
8010367,DWS,openstation
8010368,UW,openstation
8010370,BWW,openstation
8010371,BWR,openstation
8010372,DWR,openstation
8010373,BWE,openstation
8010374,LWD,openstation
8010375,UWH,openstation
8010376,BWG,openstation
8010377,BWP,openstation
8010378,BWHO,openstation
8010379,DWI,wikidata
8010380,DWT,openstation
8010381,WWI,openstation
8010382,WW,openstation
8010383,DWIO,openstation
8010384,WWK,openstation
8010385,UWK,openstation
8010386,BWRZ,openstation
8010387,UWF,openstation
8010388,DWD,openstation
8010389,BWUS,openstation
8010390,LZ,openstation
8010391,UZL,openstation
8010392,WZ,wikidata
8010393,DZ,openstation
8010395,BZO,openstation
8010396,WZS,openstation
8010397,DZW,openstation
8010398,DZA,openstation
8010399,WF,openstation
8010400,DNKW,openstation
8010401,WPUB,wikidata
8010403,BCHB,openstation
8010404,BSPA,openstation
8010405,BWS,openstation
8010406,BZOO,openstation
8011002,DADO,wikidata
8011003,BAF,openstation
8011004,BAFR,openstation
8011005,BAFN,openstation
8011011,WAHU,openstation
8011014,BARO,openstation
8011016,BAD,openstation
8011017,WAF,openstation
8011018,LALT,openstation
8011019,DAG,openstation
8011025,WATR,openstation
8011027,WALW,openstation
8011028,UACH,openstation
8011029,UAMM,openstation
8011031,WAH,openstation
8011033,DAMD,openstation
8011034,BART,openstation
8011038,LAMS,openstation
8011039,DAMH,openstation
8011041,BLIH,openstation
8011042,LANG,openstation
8011043,LAG,openstation
8011044,WAK,openstation
8011045,DABM,wikidata
8011046,BKAR,openstation
8011047,DABU,wikidata
8011048,LAB,openstation
8011049,DATL,wikidata
8011051,UAP,openstation
8011053,LAF,openstation
8011054,UAR,openstation
8011055,UASD,openstation
8011057,UAE,openstation
8011058,UJS,openstation
8011059,DAUH,openstation
8011063,WBA,wikidata
8011064,BAHH,openstation
8011065,UB,openstation
8011066,UBB,openstation
8011067,UBBZ,openstation
8011068,DBM,openstation
8011071,LDBG,openstation
8011072,DBEL,openstation
8011074,UBKZ,openstation
8011077,LBLS,openstation
8011078,BBLW,openstation
8011079,BBSP,openstation
8011080,BBSS,wikidata
8011085,UBS,openstation
8011088,WWIL,openstation
8011091,DBJ,openstation
8011093,BBKL,openstation
8011095,DBAG,openstation
8011098,BBO,openstation
8011100,BBAI,openstation
8011102,BGB,openstation
8011103,UBGS,openstation
8011106,UBAS,openstation
8011108,WBAM,wikidata
8011109,WBN,wikidata
8011111,LBAR,openstation
8011113,BPAF,openstation
8011114,WBH,wikidata
8011115,DBAM,openstation
8011116,BBA,openstation
8011118,BPOF,openstation
8011121,UBET,wikidata
8011125,WBES,openstation
8011131,LBEI,openstation
8011132,LBGH,openstation
8011133,LBLL,openstation
8011138,UBEN,openstation
8011139,UBH,openstation
8011140,WBE,openstation
8011144,UBGE,openstation
8011149,WBER,openstation
8011150,LBWZ,openstation
8011154,BBKR,openstation
8011155,BALE,openstation
8011160,BL,openstation
8011167,BJUF,openstation
8011168,LBGF,wikidata
8011169,LBGS,openstation
8011170,LBGW,openstation
8011172,UBE,openstation
8011173,BBST,openstation
8011177,LBEN,openstation
8011178,UBEU,openstation
8011179,BBE,openstation
8011181,LBYD,openstation
8011183,UBA,openstation
8011184,LBF,openstation
8011185,DBIE,openstation
8011188,WBT,openstation
8011190,LBIF,openstation
8011191,WBI,openstation
8011199,DBH,openstation
8011201,BFBB,openstation
8011205,WBLS,openstation
8011206,UBN,openstation
8011208,UBHA,openstation
8011210,LBD,openstation
8011211,BBLU,openstation
8011212,DBLU,wikidata
8011213,WBLK,openstation
8011214,WBMT,wikidata
8011215,WBO,openstation
8011219,UBOD,openstation
8011222,LBWE,openstation
8011225,WBOE,wikidata
8011226,LBOK,openstation
8011228,LBOE,openstation
8011230,WBZ,openstation
8011238,BBK,openstation
8011242,LBL,openstation
8011248,WBRH,openstation
8011250,BBRA,openstation
8011252,LBA,openstation
8011255,LBS,openstation
8011256,LBSO,openstation
8011257,DBDL,openstation
8011258,WBDN,openstation
8011260,LBN,openstation
8011263,DBRE,wikidata
8011264,DBTD,openstation
8011265,UBRT,openstation
8011267,UBZ,openstation
8011269,BBSN,openstation
8011270,WBTF,openstation
8011271,BBRK,openstation
8011273,WBGE,wikidata
8011277,LBRP,openstation
8011281,WBUH,openstation
8011282,BBUZ,openstation
8011284,BBUW,openstation
8011286,WBHN,wikidata
8011290,LBZG,openstation
8011293,WBSG,openstation
8011294,LBU,openstation
8011296,LBGK,openstation
8011297,DBU,openstation
8011298,DBWD,openstation
8011299,DBUF,wikidata
8011302,LBOW,openstation
8011303,DBUM,wikidata
8011304,UBU,openstation
8011305,DCDF,wikidata
8011306,BFRI,openstation
8011307,WCA,openstation
8011308,BCAP,openstation
8011311,WCW,openstation
8011312,UKSO,openstation
8011314,WCOK,openstation
8011315,DCL,openstation
8011318,BCSO,openstation
8011319,BCO,openstation
8011320,DCB,openstation
8011322,LCW,openstation
8011323,LCBS,openstation
8011325,DCU,openstation
8011326,WCZ,openstation
8011334,BDAB,openstation
8011335,UDA,openstation
8011336,UDW,openstation
8011339,LDA,openstation
8011340,BDT,openstation
8011343,BMDF,openstation
8011344,WDWE,openstation
8011346,LDAR,openstation
8011354,DDT,openstation
8011355,LDK,openstation
8011356,WDM,openstation
8011361,LDS,openstation
8011363,LDAL,openstation
8011364,LDMO,openstation
8011371,LDTZ,openstation
8011376,LDI,openstation
8011378,UDN,openstation
8011383,LDT,openstation
8011385,DDIF,openstation
8011386,DDF,wikidata
8011387,LDOB,openstation
8011388,LDF,openstation
8011390,LDO,openstation
8011397,UDOE,openstation
8011398,DDO,openstation
8011399,DKTF,openstation
8011402,LDN,openstation
8011403,WDS,openstation
8011405,DDCH,wikidata
8011406,UDG,openstation
8011408,WDOW,openstation
8011409,BDF,openstation
8011414,BDR,openstation
8011415,LDD,openstation
8011416,DBPL,openstation
8011417,DGRS,openstation
8011418,DIG,openstation
8011419,DCT,openstation
8011420,DD,openstation
8011421,DKE,openstation
8011422,DNSH,openstation
8011423,DPS,openstation
8011424,DRK,openstation
8011425,DSTT,openstation
8011426,DSTH,openstation
8011427,DTR,openstation
8011428,DZSW,openstation
8011430,BDW,openstation
8011431,DFS,openstation
8011433,LDM,openstation
8011438,WDU,openstation
8011442,WDT,openstation
8011446,DEBR,openstation
8011449,UEK,openstation
8011451,DKR,openstation
8011453,UEFT,openstation
8011455,LEGD,openstation
8011456,WEGS,openstation
8011460,LEST,openstation
8011462,LEF,openstation
8011464,DEDH,wikidata
8011466,DED,wikidata
8011468,UEIW,openstation
8011471,BEHS,openstation
8011472,UED,openstation
8011476,UELG,openstation
8011477,DLD,openstation
8011480,UER,openstation
8011481,WELM,openstation
8011482,BEZ,openstation
8011484,LEK,openstation
8011486,LELT,openstation
8011487,UELB,openstation
8011488,UELK,openstation
8011489,UEX,openstation
8011491,LE,openstation
8011495,LEW,openstation
8011496,LER,openstation
8011497,DEA,wikidata
8011500,UEO,openstation
8011502,UEBI,openstation
8011503,UEGI,openstation
8011505,DERA,wikidata
8011506,DERB,wikidata
8011507,DER,openstation
8011512,UERN,openstation
8011519,UEH,openstation
8011520,UET,openstation
8011523,WEV,openstation
8011524,DFBE,wikidata
8011528,DFU,wikidata
8011529,DFUS,openstation
8011531,WFBG,openstation
8011533,BFS,wikidata
8011536,WFDF,openstation
8011537,LFMW,openstation
8011540,BFIH,openstation
8011541,BFIN,openstation
8011542,BFW,openstation
8011544,LFG,openstation
8011545,LFL,openstation
8011548,DFM,wikidata
8011549,LFD,openstation
8011550,LFDE,openstation
8011553,DFK,openstation
8011554,DFKS,openstation
8011556,DFRS,openstation
8011557,BFPN,openstation
8011559,BFRS,openstation
8011560,LFA,openstation
8011563,BFR,openstation
8011564,LFK,openstation
8011567,UFO,openstation
8011569,DFD,openstation
8011570,DHGW,openstation
8011571,LFZ,openstation
8011572,WFD,openstation
8011573,UFB,openstation
8011574,BFDF,openstation
8011578,UFR,openstation
8011582,WFRR,openstation
8011585,WFRK,openstation
8011588,LFB,openstation
8011591,BFUS,openstation
8011592,WGA,openstation
8011594,UGSM,openstation
8011596,LGA,openstation
8011598,LGW,openstation
8011599,LGAL,openstation
8011602,UGBH,openstation
8011603,UGB,openstation
8011605,LBGR,openstation
8011609,DGEI,openstation
8011611,WGE,openstation
8011619,UGLB,openstation
8011623,UGZ,openstation
8011624,UGBG,openstation
8011626,LGE,openstation
8011628,DGD,openstation
8011629,UGT,openstation
8011630,LGWS,openstation
8011632,LGI,openstation
8011636,DGHU,openstation
8011637,DGLA,openstation
8011641,WGF,openstation
8011643,UGL,openstation
8011646,WGNV,openstation
8011651,WGO,wikidata
8011654,LGOR,openstation
8011656,DGWH,openstation
8011657,UGSB,openstation
8011662,LGOE,openstation
8011665,LGM,openstation
8011668,BGO,openstation
8011671,WGOL,openstation
8011672,BGZ,openstation
8011673,LGO,openstation
8011676,DKH,openstation
8011678,UGOS,openstation
8011681,WGRB,openstation
8011683,LG,openstation
8011687,UGTA,openstation
8011689,WGR,openstation
8011691,WGRA,openstation
8011694,WGWS,openstation
8011695,BGBS,openstation
8011697,UGRD,openstation
8011699,LGPN,openstation
8011700,UGN,openstation
8011702,WGBN,openstation
8011703,LGB,openstation
8011705,LGRI,openstation
8011707,WGI,openstation
8011709,DGO,openstation
8011711,LGOH,openstation
8011712,DGT,openstation
8011714,LGRL,openstation
8011718,WGB,openstation
8011723,WGKW,openstation
8011725,LGZ,openstation
8011726,WGLS,openstation
8011729,WGLI,openstation
8011730,WGP,openstation
8011731,WGQ,wikidata
8011734,BGSK,wikidata
8011735,WGS,openstation
8011740,BGSB,openstation
8011745,LGD,openstation
8011746,UGG,openstation
8011749,DGC,openstation
8011750,UGFA,openstation
8011751,DGRT,openstation
8011752,LGKL,openstation
8011753,LGL,openstation
8011754,UGNH,openstation
8011755,LGP,openstation
8011758,DGRF,openstation
8011759,UGRU,openstation
8011761,DGAU,openstation
8011762,UGC,openstation
8011763,LGS,openstation
8011766,LGWU,openstation
8011770,DGN,openstation
8011771,LGRA,openstation
8011773,DGBA,openstation
8011776,WGRG,openstation
8011777,DGRB,wikidata
8011778,WSRB,openstation
8011788,BGSW,openstation
8011790,DGF,openstation
8011791,UGU,openstation
8011792,UHSN,openstation
8011794,LHD,openstation
8011795,BHAH,openstation
8011796,LHMT,openstation
8011797,WHK,openstation
8011798,WH,wikidata
8011799,DHW,openstation
8011801,DHND,openstation
8011802,DHA,openstation
8011805,BHB,openstation
8011808,LHBO,openstation
8011809,LHBS,openstation
8011813,LHNI,openstation
8011814,LHT,openstation
8011815,WHAM,openstation
8011818,BHGB,openstation
8011820,UH,openstation
8011821,UHNO,wikidata
8011822,UHRS,openstation
8011823,DHST,wikidata
8011825,DHMU,openstation
8011834,UHAU,openstation
8011838,LHEW,openstation
8011843,DHDS,openstation
8011844,DHDG,openstation
8011848,WHEG,openstation
8011849,UHT,openstation
8011852,UHD,openstation
8011853,BHEL,openstation
8011855,DHLF,openstation
8011856,DHRF,wikidata
8011860,UHRH,openstation
8011861,DHS,openstation
8011862,UHK,openstation
8011863,BHE,openstation
8011864,WHB,openstation
8011867,LHZW,openstation
8011869,UHET,openstation
8011870,DHZF,wikidata
8011871,UHN,openstation
8011878,DHE,openstation
8011889,WHOD,wikidata
8011891,UHOO,openstation
8011892,DHOF,wikidata
8011894,BHL,openstation
8011895,UHOL,openstation
8011900,LHRA,openstation
8011901,BHH,openstation
8011904,DHO,openstation
8011905,LHM,openstation
8011908,WHOL,openstation
8011909,LHZ,openstation
8011910,UHF,openstation
8011912,DHU,openstation
8011913,LHSN,openstation
8011914,LHGT,openstation
8011915,UHP,openstation
8011922,BHWN,openstation
8011923,BHUB,openstation
8011924,WHU,openstation
8011925,UHUE,openstation
8011928,DHUN,openstation
8011929,LIB,openstation
8011932,UIR,openstation
8011933,LIG,openstation
8011934,UIM,openstation
8011935,UIP,openstation
8011937,DIR,openstation
8011939,WJAB,wikidata
8011940,BJF,openstation
8011946,LJV,openstation
8011948,DJD,wikidata
8011951,WJAS,openstation
8011952,LJEB,openstation
8011953,WJER,openstation
8011956,UJP,openstation
8011957,UJW,openstation
8011958,UJZ,openstation
8011959,LJES,openstation
8011960,LJN,openstation
8011961,LJZ,openstation
8011962,WJT,openstation
8011963,DJA,openstation
8011966,DJZ,openstation
8011967,DJ,wikidata
8011968,BJA,openstation
8011970,DCKI,openstation
8011971,DCM,openstation
8011974,DCBH,openstation
8011975,DCE,wikidata
8011977,DCHA,wikidata
8011978,DCRE,wikidata
8011979,DCC,openstation
8011980,DCSI,openstation
8011981,BKAB,openstation
8011983,LKF,openstation
8011985,UKA,openstation
8011988,DKA,openstation
8011991,WKAB,wikidata
8011992,WKH,wikidata
8011993,UKF,openstation
8011994,WKT,openstation
8011995,WKAR,openstation
8011999,UKH,wikidata
8012000,UKL,openstation
8012002,WKV,openstation
8012004,DKAU,wikidata
8012005,WKEN,wikidata
8012006,BKE,openstation
8012007,UKIE,openstation
8012009,WKJ,wikidata
8012011,LKIM,openstation
8012012,UKI,openstation
8012014,LKD,openstation
8012015,BKLD,wikidata
8012016,BKDF,openstation
8012021,WKB,openstation
8012033,UKFA,openstation
8012034,UKJ,openstation
8012036,DKRD,openstation
8012037,DKMA,openstation
8012040,LKK,openstation
8012043,BKG,openstation
8012044,DKC,openstation
8012045,DKN,openstation
8012046,LKLM,openstation
8012047,BKL,openstation
8012053,DKLB,openstation
8012054,BKLF,wikidata
8012061,BKOD,openstation
8012064,UKOE,openstation
8012065,WKP,wikidata
8012066,LKB,openstation
8012067,DKB,openstation
8012072,DKO,openstation
8012075,UKZ,openstation
8012079,DKTW,openstation
8012080,LKTU,openstation
8012086,WKO,wikidata
8012088,UKR,openstation
8012089,BFIK,openstation
8012092,UKD,openstation
8012093,WKG,openstation
8012096,BKRM,openstation
8012097,LKNZ,openstation
8012105,DKRP,openstation
8012107,UKPR,openstation
8012108,WKR,openstation
8012109,WKRP,openstation
8012113,DKRU,openstation
8012114,LKRP,openstation
8012115,DKU,openstation
8012117,LKUH,openstation
8012129,BKUM,openstation
8012138,DRAT,openstation
8012141,LKYA,openstation
8012142,WKY,wikidata
8012143,WLA,openstation
8012145,BLW,openstation
8012146,WLAK,openstation
8012147,LLBG,openstation
8012148,LLAS,openstation
8012150,DLAB,openstation
8012155,ULF,openstation
8012156,LLGS,openstation
8012159,ULAO,openstation
8012160,ULAW,openstation
8012161,LLAG,openstation
8012162,LLWD,openstation
8012163,DLW,openstation
8012164,DLWM,openstation
8012167,ULCH,openstation
8012169,BLH,openstation
8012170,DLST,openstation
8012171,ULA,openstation
8012174,DLZ,openstation
8012175,BLA,openstation
8012176,DLR,wikidata
8012177,WLAM,wikidata
8012178,LLSB,openstation
8012180,ULE,openstation
8012181,LSEL,openstation
8012183,LFLU,openstation
8012184,LLB,openstation
8012186,LLMK,openstation
8012187,LMDR,openstation
8012188,LLG,openstation
8012190,LLH,openstation
8012192,LLK,openstation
8012193,LLMH,openstation
8012194,LLST,openstation
8012195,LLT,openstation
8012196,LLN,openstation
8012197,LLW,openstation
8012198,DLS,openstation
8012199,ULL,openstation
8012201,DRAU,wikidata
8012202,LLWP,openstation
8012203,DLFD,openstation
8012204,LSVS,openstation
8012205,BLTS,openstation
8012207,ULBN,openstation
8012208,DLEU,wikidata
8012211,LLWN,wikidata
8012212,LLWS,openstation
8012213,ULEU,openstation
8012215,BLE,openstation
8012220,DLIG,openstation
8012221,WLH,openstation
8012223,DLTS,wikidata
8012224,DLI,openstation
8012225,ULIT,openstation
8012226,WLBT,openstation
8012228,LLWZ,openstation
8012231,DLIM,openstation
8012232,DLM,openstation
8012233,LLI,openstation
8012236,LLIN,openstation
8012237,BLNG,openstation
8012239,WLDW,wikidata
8012241,LLO,openstation
8012245,DLN,wikidata
8012246,DLNU,wikidata
8012249,DLO,openstation
8012250,BLOH,openstation
8012252,ULHO,openstation
8012253,BSTH,openstation
8012255,BLOS,wikidata
8012257,BLU,openstation
8012259,LLUC,openstation
8012260,BLD,openstation
8012262,WLOW,openstation
8012263,LLBS,openstation
8012264,WLST,openstation
8012268,WLF,openstation
8012269,WLW,openstation
8012271,WLKL,openstation
8012274,WLTW,openstation
8012279,LEL,openstation
8012280,LWET,openstation
8012282,LWP,openstation
8012284,LMAC,openstation
8012285,LLA,openstation
8012287,LMSO,openstation
8012289,LMGE,openstation
8012291,LMSA,openstation
8012292,LMS,openstation
8012295,LMW,openstation
8012296,WIM,wikidata
8012299,UMCH,wikidata
8012301,DMG,wikidata
8012302,LMBN,openstation
8012304,LMAN,openstation
8012305,LMAR,openstation
8012308,LMA,openstation
8012309,LMAM,openstation
8012311,LMKS,openstation
8012312,UML,openstation
8012314,UMAH,openstation
8012315,BMQU,openstation
8012316,WMTF,openstation
8012317,UMT,openstation
8012318,DMEA,openstation
8012320,UME,openstation
8012321,WMK,openstation
8012322,BMZ,openstation
8012323,DMA,openstation
8012324,DMS,wikidata
8012326,DME,openstation
8012327,DMT,openstation
8012328,LME,openstation
8012329,WMCH,openstation
8012330,UMEL,wikidata
8012332,UMEN,openstation
8012333,UMGH,openstation
8012334,UMHO,openstation
8012339,LMGB,openstation
8012343,LLVD,openstation
8012344,LMIA,openstation
8012346,UMEU,wikidata
8012348,WME,wikidata
8012351,LMST,openstation
8012352,LMT,openstation
8012353,WMF,wikidata
8012354,LMI,openstation
8012355,LMIZ,openstation
8012358,WMI,openstation
8012361,WMIR,wikidata
8012362,WMIS,openstation
8012366,DMST,wikidata
8012367,UMSK,openstation
8012369,DMW,openstation
8012370,BMX,openstation
8012371,LMRN,openstation
8012373,LMGI,openstation
8012375,LMLK,openstation
8012376,WMOE,openstation
8012377,WMN,openstation
8012378,LMGN,openstation
8012381,LMOS,openstation
8012384,WMOI,openstation
8012388,DML,openstation
8012390,LMCH,openstation
8012391,BMC,openstation
8012392,LMCZ,openstation
8012393,LMUA,openstation
8012394,DMHL,openstation
8012400,BMR,openstation
8012401,UMU,openstation
8012407,DMUL,openstation
8012408,DMH,openstation
8012409,LMD,openstation
8012410,LNHM,openstation
8012412,DNA,openstation
8012413,WNAS,openstation
8012414,LNAU,openstation
8012415,UNMO,wikidata
8012416,LNH,openstation
8012417,UNE,openstation
8012418,WNL,openstation
8012421,WNA,openstation
8012423,LNI,openstation
8012424,LNDG,openstation
8012425,LNS,openstation
8012426,DNGM,wikidata
8012428,WNED,openstation
8012429,UNRO,openstation
8012430,DNZU,openstation
8012436,WNWO,openstation
8012438,WNB,openstation
8012440,UAT,openstation
8012443,UNS,openstation
8012452,UNHI,openstation
8012454,DNF,openstation
8012458,BNE,openstation
8012460,DNKO,openstation
8012462,DNK,wikidata
8012463,LNWY,openstation
8012465,UNME,openstation
8012467,LN,openstation
8012468,UNH,openstation
8012469,BNP,openstation
8012470,DNP,openstation
8012471,DNZ,openstation
8012472,UNU,openstation
8012474,WNG,openstation
8012475,BNTB,openstation
8012478,LNW,openstation
8012479,BNZ,openstation
8012482,DNDR,openstation
8012483,DNBO,openstation
8012485,WNW,openstation
8012487,LNF,openstation
8012489,BNDL,openstation
8012490,LNR,openstation
8012491,DNOW,openstation
8012492,UNDO,openstation
8012493,UNP,openstation
8012494,UNIW,openstation
8012497,DNDS,openstation
8012498,UNSK,openstation
8012499,DNZW,wikidata
8012500,UNI,openstation
8012502,UNTA,openstation
8012503,DNI,openstation
8012504,UNWL,openstation
8012505,DNWZ,wikidata
8012506,LNM,openstation
8012507,LNB,openstation
8012509,DNB,openstation
8012511,UNOH,openstation
8012512,UNA,openstation
8012516,UNSA,openstation
8012517,WNOS,wikidata
8012523,DNUN,openstation
8012524,UOGR,openstation
8012526,LOH,openstation
8012527,UOLA,openstation
8012528,DOBL,openstation
8012530,DOZO,openstation
8012532,UOR,openstation
8012533,UORO,openstation
8012534,DOH,openstation
8012535,DOSC,openstation
8012537,BOB,openstation
8012540,DOG,openstation
8012541,UOB,openstation
8012546,LOL,openstation
8012549,BOD,openstation
8012550,DOR,openstation
8012551,BOEG,openstation
8012552,LOEH,openstation
8012553,DOE,wikidata
8012554,DOV,openstation
8012555,WOE,openstation
8012558,DOL,wikidata
8012559,DOGT,wikidata
8012563,UOG,openstation
8012565,BORT,openstation
8012567,UOM,openstation
8012568,LOB,openstation
8012570,LOST,wikidata
8012571,DOLW,wikidata
8012572,LON,openstation
8012576,DOU,openstation
8012582,WGMS,openstation
8012583,WGM,openstation
8012584,WGMW,openstation
8012593,DOF,openstation
8012594,DOK,openstation
8012595,DON,openstation
8012596,DOS,openstation
8012597,LOTW,openstation
8012599,LOV,openstation
8012603,WPF,openstation
8012604,UPM,openstation
8012609,WPA,openstation
8012610,WPO,openstation
8012611,WPS,openstation
8012614,WPAU,openstation
8012615,UPA,openstation
8012617,WPD,wikidata
8012619,LPE,openstation
8012622,WPB,openstation
8012623,LPB,openstation
8012627,WPE,openstation
8012628,BPE,openstation
8012629,LPRO,openstation
8012633,DPFH,wikidata
8012636,BPIL,openstation
8012637,WPIN,openstation
8012639,DPK,openstation
8012640,DPIC,openstation
8012641,DPIN,openstation
8012643,WPLM,openstation
8012646,DPW,openstation
8012650,BP,openstation
8012651,WPSW,openstation
8012654,WPOE,openstation
8012656,LPOE,openstation
8012657,UPS,openstation
8012658,UPSU,openstation
8012660,DPOM,openstation
8012661,DPO,openstation
8012662,DPSC,openstation
8012663,UPF,openstation
8012666,BPD,openstation
8012668,LPZ,openstation
8012669,LPZS,openstation
8012673,LPRZ,openstation
8012675,UPZ,openstation
8012676,LPI,openstation
8012677,WPRZ,openstation
8012678,LPRL,openstation
8012679,DPRO,openstation
8012680,DPRW,openstation
8012681,BPW,openstation
8012682,LPR,openstation
8012683,WPRA,openstation
8012684,WPRO,openstation
8012685,DPUL,openstation
8012686,DPUS,openstation
8012688,DPT,openstation
8012697,LRK,openstation
8012699,DRAG,openstation
8012700,DRBT,openstation
8012701,DRBZ,openstation
8012703,WRDN,openstation
8012704,LRA,openstation
8012705,LRI,openstation
8012707,LRH,openstation
8012710,WRAK,openstation
8012711,WRMB,openstation
8012713,BRSF,openstation
8012716,WRW,openstation
8012719,DRD,openstation
8012723,URAU,openstation
8012724,DRU,openstation
8012727,DRBG,openstation
8012729,WRDL,openstation
8012731,LRB,openstation
8012733,BRC,openstation
8012734,LRF,openstation
8012735,BRE,openstation
8012737,WRA,openstation
8012738,DRCH,openstation
8012739,DRC,openstation
8012740,DRF,wikidata
8012742,URN,openstation
8012743,URDN,openstation
8012749,UREN,wikidata
8012750,URH,openstation
8012751,URM,openstation
8012756,URR,openstation
8012757,LRE,openstation
8012758,WRST,openstation
8012759,DRTH,openstation
8012760,WRH,wikidata
8012762,WRIO,openstation
8012763,WRI,openstation
8012766,URIE,openstation
8012767,BRI,openstation
8012769,URGS,openstation
8012770,URI,openstation
8012775,DROW,openstation
8012777,LROD,openstation
8012781,DRDF,wikidata
8012785,WRGT,openstation
8012787,UROH,openstation
8012788,LROI,openstation
8012792,WROW,wikidata
8012796,UROS,openstation
8012801,WRHP,openstation
8012803,WRB,openstation
8012805,WRHO,openstation
8012806,WRK,openstation
8012807,WRMA,openstation
8012811,UROT,openstation
8012816,BRO,openstation
8012817,LRMF,openstation
8012819,WRZ,openstation
8012821,BRUZ,wikidata
8012823,DRUG,openstation
8012824,WRU,openstation
8012826,USAE,openstation
8012827,WSAA,wikidata
8012830,LSAD,openstation
8012831,BSAH,openstation
8012832,WSAG,openstation
8012835,WSAM,openstation
8012839,WSAF,openstation
8012840,WSAN,openstation
8012841,WSTZ,openstation
8012842,WSAW,wikidata
8012843,WSZ,openstation
8012852,USCK,openstation
8012853,DSS,wikidata
8012854,USKM,openstation
8012855,BSH,openstation
8012856,WST,openstation
8012862,LSIS,openstation
8012863,LSDW,openstation
8012864,DSWK,openstation
8012865,LSD,openstation
8012867,LSP,openstation
8012869,DGRA,openstation
8012870,BSFE,openstation
8012873,DSUB,wikidata
8012881,USMS,openstation
8012888,DSMI,openstation
8012889,DSM,openstation
8012890,DSML,openstation
8012892,WSCM,wikidata
8012895,BSB,openstation
8012898,DSN,openstation
8012899,USU,openstation
8012902,WSBG,openstation
8012903,BSBD,openstation
8012907,LSBE,openstation
8012908,DSCK,openstation
8012910,BSL,wikidata
8012918,WSCN,openstation
8012919,USCS,openstation
8012923,BSCH,openstation
8012927,USP,openstation
8012929,USWL,openstation
8012933,WSAH,openstation
8012934,BSHE,openstation
8012937,USCG,wikidata
8012938,DSCH,wikidata
8012939,DSCN,wikidata
8012940,WSMI,openstation
8012941,BSRO,openstation
8012942,BSKL,openstation
8012946,DSKH,openstation
8012947,DSU,openstation
8012949,WSWN,wikidata
8012951,WSS,openstation
8012953,WSL,openstation
8012954,WSWZ,openstation
8012957,BSIS,openstation
8012959,DSEB,openstation
8012960,WSMH,openstation
8012961,USE,openstation
8012962,WAB,wikidata
8012963,WHF,wikidata
8012965,USB,openstation
8012966,BSEE,openstation
8012967,LSNA,openstation
8012973,BSLO,openstation
8012975,DSRH,openstation
8012976,DSEH,wikidata
8012979,DSFH,wikidata
8012981,DSEN,openstation
8012984,USEL,openstation
8012993,USI,openstation
8012996,DSBS,wikidata
8012998,USGN,openstation
8013000,USDF,wikidata
8013002,DSOL,openstation
8013003,DSOH,openstation
8013004,USOL,openstation
8013005,LSK,openstation
8013008,USO,openstation
8013009,USON,openstation
8013010,USOO,openstation
8013011,USOW,openstation
8013017,WSP,openstation
8013018,WSPO,openstation
8013021,BSTA,openstation
8013022,DWH,openstation
8013023,USTM,openstation
8013025,USR,openstation
8013029,DSTU,openstation
8013033,DSTI,openstation
8013034,USTN,openstation
8013036,USTA,openstation
8013037,USTH,openstation
8013039,LSFD,openstation
8013040,WSNB,openstation
8013046,LSV,openstation
8013047,DSTN,openstation
8013051,WSE,openstation
8013057,DSTL,openstation
8013058,BSTW,openstation
8013061,USHM,openstation
8013062,WSRR,openstation
8013064,BSTN,openstation
8013069,WSTK,openstation
8013070,LSTG,openstation
8013071,UST,wikidata
8013072,WSBN,openstation
8013073,WSLT,openstation
8013074,USUE,openstation
8013077,USLH,openstation
8013079,WSU,openstation
8013080,DSY,openstation
8013083,LTH,openstation
8013084,LTM,openstation
8013085,LTMW,openstation
8013087,DTA,openstation
8013089,UTA,openstation
8013090,WTA,openstation
8013092,DTB,openstation
8013093,LTC,openstation
8013095,LTNH,openstation
8013097,LTE,openstation
8013100,BTL,openstation
8013102,WTAD,wikidata
8013104,WTHN,openstation
8013105,WTOW,openstation
8013106,WTI,openstation
8013109,BTPI,openstation
8013110,LTT,openstation
8013111,LTTO,openstation
8013112,LTL,openstation
8013113,DTAL,wikidata
8013114,DTH,openstation
8013115,LT,openstation
8013116,DWIE,wikidata
8013123,BTHR,openstation
8013124,DTFN,openstation
8013125,LTLM,openstation
8013129,UTP,openstation
8013131,WTO,openstation
8013132,WTH,wikidata
8013133,WTM,wikidata
8013137,BTN,openstation
8013138,LTRL,openstation
8013141,BTZ,openstation
8013144,DTRE,openstation
8013145,BTZN,openstation
8013146,BTZS,openstation
8013150,UTB,openstation
8013156,WUMH,openstation
8013158,LUS,openstation
8013159,UUD,openstation
8013160,LUEB,openstation
8013161,WUEK,wikidata
8013162,WUM,openstation
8013164,UUS,openstation
8013165,BUD,openstation
8013166,BUS,openstation
8013168,DUD,openstation
8013171,UUZ,openstation
8013172,UUM,openstation
8013174,UUW,openstation
8013177,WUTZ,openstation
8013179,UVA,openstation
8013180,LVA,openstation
8013183,BVLZ,openstation
8013184,UVF,openstation
8013185,BVLT,openstation
8013186,WVE,openstation
8013191,UVU,openstation
8013192,UVI,openstation
8013194,LVG,openstation
8013198,WVOG,openstation
8013201,DVO,openstation
8013202,UVO,openstation
8013205,LWH,openstation
8013212,DWK,wikidata
8013215,UWD,openstation
8013217,UWAL,openstation
8013220,LWWZ,openstation
8013221,UWL,openstation
8013222,WWL,openstation
8013223,UWN,openstation
8013224,USNT,openstation
8013226,UWA,openstation
8013227,BWAZ,wikidata
8013228,BWAS,wikidata
8013230,LWAN,openstation
8013232,WWAH,wikidata
8013235,DWAB,wikidata
8013236,WWM,openstation
8013237,WWMW,openstation
8013240,UWG,wikidata
8013244,UWTL,openstation
8013245,UWS,openstation
8013247,DWSN,openstation
8013248,LWF,openstation
8013250,LWST,openstation
8013251,UWEM,openstation
8013253,DWEI,openstation
8013254,UWEA,openstation
8013256,UWMB,openstation
8013258,WWSN,openstation
8013259,LWG,openstation
8013261,UWWE,openstation
8013266,UWMT,openstation
8013267,DWE,openstation
8013268,DWX,openstation
8013269,DWXB,openstation
8013271,LWL,openstation
8013272,BWZ,openstation
8013275,LWND,openstation
8013278,BWSD,wikidata
8013279,WWLS,openstation
8013280,DWND,openstation
8013285,BWER,openstation
8013286,LWDE,openstation
8013291,UWTH,openstation
8013293,WWE,wikidata
8013295,DWES,openstation
8013297,LWZE,openstation
8013305,BWSU,openstation
8013307,DWSB,wikidata
8013310,DWIS,wikidata
8013311,DZPO,wikidata
8013312,DWL,wikidata
8013313,WWLD,openstation
8013315,UWIR,openstation
8013318,UWIP,openstation
8013322,WWT,openstation
8013324,DWIM,openstation
8013328,DWIT,wikidata
8013329,UWLH,openstation
8013333,UWOF,openstation
8013334,UWOL,openstation
8013335,LWO,openstation
8013336,LWOR,openstation
8013339,WWO,wikidata
8013340,WWOH,wikidata
8013341,WWOF,wikidata
8013343,DWO,wikidata
8013344,LWLS,openstation
8013345,BWOL,openstation
8013348,DWU,openstation
8013349,UWFN,openstation
8013350,BWUE,openstation
8013352,WWSF,openstation
8013354,WWST,openstation
8013357,LWU,openstation
8013360,UWCH,openstation
8013361,LWZ,openstation
8013362,LWZW,openstation
8013363,WWH,wikidata
8013365,LWUZ,openstation
8013366,UWU,openstation
8013367,WWU,wikidata
8013368,DZT,openstation
8013370,WZN,wikidata
8013371,LZA,openstation
8013373,WZAR,openstation
8013376,BZS,openstation
8013377,WZE,openstation
8013378,WZEN,openstation
8013381,DZNH,openstation
8013383,UZLW,openstation
8013384,LZD,openstation
8013385,WZP,wikidata
8013389,LZE,openstation
8013392,BZF,openstation
8013393,WZIN,openstation
8013396,UZU,openstation
8013398,UZE,openstation
8013402,LZI,openstation
8013406,BZIL,openstation
8013409,WZIR,wikidata
8013413,DZL,openstation
8013414,LZBR,openstation
8013418,LZGL,openstation
8013424,DZSC,openstation
8013425,LZBN,openstation
8013427,DZP,wikidata
8013428,LZS,openstation
8013429,BZUH,wikidata
8013432,LSBU,openstation
8013433,DZWP,openstation
8013434,DZWS,wikidata
8013435,DZI,wikidata
8013436,DZWZ,openstation
8013437,DZWO,openstation
8013439,LBK,openstation
8013444,DM,openstation
8013445,DPA,openstation
8013447,LGDG,openstation
8013448,LHSS,openstation
8013450,DCH,openstation
8013452,ULB,openstation
8013455,LMHR,openstation
8013456,LMB,openstation
8013459,DNIE,wikidata
8013461,DOT,openstation
8013465,LSBF,openstation
8013467,BBEL,openstation
8013468,BBZS,openstation
8013470,BBER,openstation
8013471,LBO,openstation
8013472,BBRI,openstation
8013474,UCB,openstation
8013475,DF,openstation
8013476,DPL,openstation
8013477,BE,openstation
8013479,BFKS,openstation
8013480,BFLZ,openstation
8013481,BGOL,openstation
8013483,BHD,openstation
8013485,LMTW,openstation
8013486,DMB,wikidata
8013487,BOR,openstation
8013489,BPOT,openstation
8013490,DRBN,openstation
8013492,BSE,openstation
8013493,BNY,openstation
8013547,UHL,openstation
8013548,UHER,openstation
8017017,LNDS,wikidata
8017020,LNHN,wikidata
8017041,MGRI,openstation
8017042,MUGR,openstation
8017159,WKYA,wikidata
8017218,DHUS,wikidata
8017219,DBFO,wikidata
8017220,DRBS,wikidata
8017345,WLAU,wikidata
8017346,WFAP,wikidata
8017347,WPRW,wikidata
8017349,WNPG,wikidata
8017401,DCHAR,wikidata
8017404,DLTSS,wikidata
8017405,DLGL,wikidata
8017406,DLTSH,wikidata
8017408,DOE,wikidata
8017415,DSTOS,wikidata
8017421,DNK,wikidata
8017422,DRDFH,wikidata
8017442,DPM,openstation
8070002,BBIS,openstation
8070003,FFLF,openstation
8070004,FFLU,openstation
8070005,THDV,openstation
8070008,RBRE,wikidata
8070009,RBRF,wikidata
8070010,RHIO,wikidata
8070011,RGOS,wikidata
8070012,RBTD,wikidata
8070020,RHUM,wikidata
8070022,TBLW,wikidata
8070041,8070041,wikidata
8070086,HKWA,openstation
8070088,FMHD,openstation
8070090,FOMP,openstation
8070091,FOLM,openstation
8070092,FOKL,openstation
8070093,RBTK,wikidata
8070096,RAM,openstation
8070097,RSMM,openstation
8070098,RUOU,wikidata
8070099,RODW,wikidata
8070146,ASST,openstation
8070156,TSWO,wikidata
8070157,TLGO,wikidata
8070158,TBCW,wikidata
8070159,TBCS,wikidata
8070160,NHWNC,wikidata
8070170,RDUN,openstation
8070171,TH,wikidata
8070172,TH,wikidata
8070173,TH,wikidata
8070174,TH,wikidata
8070177,HE,wikidata
8070179,RWSO,wikidata
8070274,TPBS,wikidata
8070275,TPBW,wikidata
8070276,TNEB,wikidata
8070277,TRY,wikidata
8070278,TNEE,wikidata
8070279,THON,wikidata
8070280,TCAS,wikidata
8070281,TWBN,wikidata
8070282,TWBU,wikidata
8070283,TWBK,wikidata
8070352,MDKB,wikidata
8070382,TGME,wikidata
8070394,RFTZ,wikidata
8070458,TKOS,wikidata
8070480,TMGK,wikidata
8070483,KMAH,openstation
8070495,TMN,wikidata
8070509,TOFS,wikidata
8070557,TTRF,wikidata
8070561,NVIC,wikidata
8070567,MWTD,wikidata
8070599,NGPA,wikidata
8070664,NRUF,wikidata
8070665,NPAD,wikidata
8070666,NTEN,wikidata
8070670,NSNI,wikidata
8070678,TNHU,wikidata
8070679,TDTU,wikidata
8070680,TUCW,wikidata
8070704,KASZ,openstation
8070734,HNMU,openstation
8070786,MFHM,openstation
8070787,MFHM,openstation
8070791,TH,wikidata
8070792,TH,wikidata
8070793,TH,wikidata
8070865,RSLA,wikidata
8070946,WWES,wikidata
8070961,WR,wikidata
8070999,RBRI,wikidata
8071001,TGEW,wikidata
8071002,TSWW,wikidata
8071003,TLGM,wikidata
8071104,MUSG,wikidata
8071172,TH,wikidata
8071174,DC,wikidata
8072172,TH,wikidata
8072722,THSTS,wikidata
8073368,KKDT,openstation
8073410,LZIO,openstation
8074343,ANB,openstation
8075074,KRHD,wikidata
8075385,ASBRN,wikidata
8076174,HHLEF,wikidata
8077004,RKPO,wikidata
8077434,RNHF,openstation
8077771,RRZB,openstation
8077773,RST,openstation
8077774,RSTK,wikidata
8079018,RLING,wikidata
8079041,RKV,wikidata
8079042,RHOSG,wikidata
8079045,RKAB,wikidata
8079048,RSPG,wikidata
8079056,TTUZ,openstation
8079057,RGZO,wikidata
8079058,RJLW,wikidata
8079059,RBTR,wikidata
8079060,RBTW,wikidata
8079069,EOLT,openstation
8079075,TAM,openstation
8079077,REPW,wikidata
8079078,ROBE,wikidata
8079080,SBRW,wikidata
8079081,SDAS,wikidata
8079083,SNO,openstation
8079084,WABG,wikidata
8079085,SDA,wikidata
8079087,SBTR,wikidata
8079088,SHWO,wikidata
8079089,TAEW,openstation
8079090,TERW,wikidata
8079095,HHN,openstation
8079097,HLEA,openstation
8079115,HBMR,wikidata
8079118,SBNS,wikidata
8079140,KKBL,openstation
8079141,RWRTP,wikidata
8079142,RWRTB,wikidata
8079143,RWRTL,wikidata
8079146,RNFL,openstation
8079147,SHW,openstation
8079149,RUOEL,wikidata
8079151,FWED,openstation
8079211,RWRTR,wikidata
8079212,RWRTA,wikidata
8079213,RWRTK,wikidata
8079216,AKI,wikidata
8079265,SMBT,wikidata
8079604,WTIW,openstation
8079605,AHZH,openstation
8079616,RSII,openstation
8079617,RZES,wikidata
8079629,WRTF,openstation
8079631,TBCB,wikidata
8079632,FFME,openstation
8080040,BAS,openstation
8080070,BBAB,openstation
8080100,BBFE,openstation
8080170,BBGN,openstation
8080190,BBI,openstation
8080200,BBOR,openstation
8080260,BDL,openstation
8080280,LDLO,openstation
8080340,BEIW,openstation
8080370,BETN,openstation
8080440,BFD,openstation
8080450,BTLS,openstation
8080530,BGBS,openstation
8080560,LDBR,openstation
8080570,LRO,openstation
8080580,LSBR,openstation
8080590,LSUE,openstation
8080600,LWN,openstation
8080610,LZO,openstation
8080620,LHNZ,openstation
8080630,EHWS,openstation
8080660,LMGH,openstation
8080680,BHGM,openstation
8080710,BHOW,openstation
8080720,BHN,openstation
8080750,BHPG,openstation
8080840,LCZ,openstation
8080930,LSEH,openstation
8080970,BMAH,openstation
8080980,BMM,openstation
8081020,BNG,openstation
8081150,BPEN,openstation
8081210,BRGT,openstation
8081220,BSAM,openstation
8081260,LSBS,openstation
8081270,LSBO,openstation
8081290,BSFL,openstation
8081300,BSWH,wikidata
8081420,BSTR,openstation
8081540,BWI,openstation
8081560,BZEP,openstation
8081580,BZN,openstation
8081586,BSFD,openstation
8081722,BLEN,openstation
8082673,THIL,wikidata
8084067,RMAW,wikidata
8084068,RMAX,wikidata
8084070,UGRI,openstation
8084074,NNSP,wikidata
8085001,RBRD,wikidata
8085002,RBRC,wikidata
8085003,RUOS,wikidata
8085006,TBOS,wikidata
8085008,TBO,wikidata
8085015,TDH,wikidata
8085385,ASBRS,wikidata
8087025,WABO,wikidata
8087026,WHFN,wikidata
8087027,WSBB,wikidata
8087039,EHOH,openstation
8087060,RLBN,wikidata
8087061,UHOS,openstation
8087062,SMUE,openstation
8087063,FKRS,openstation
8087064,FOUS,openstation
8087065,HWEH,openstation
8087067,TWEB,openstation
8087080,TMW,openstation
8087081,UNHR,wikidata
8089000,BSZF,openstation
8089001,BALE,openstation
8089002,BAHU,openstation
8089003,BATS,openstation
8089004,BBW,openstation
8089005,BBEV,openstation
8089006,BRB,openstation
8089007,BSCF,openstation
8089008,BBOS,openstation
8089009,BBGT,openstation
8089010,BBCH,openstation
8089011,BGFB,openstation
8089012,BFB,openstation
8089013,BFA,openstation
8089014,BGSE,openstation
8089015,BGB,openstation
8089016,BGBA,openstation
8089017,BHKM,openstation
8089018,BHUM,openstation
8089019,BJB,openstation
8089020,BLST,openstation
8089021,BL,openstation
8089022,BMEA,openstation
8089023,BMEX,openstation
8089024,BNB,openstation
8089025,BHLS,openstation
8089026,BNPL,openstation
8089027,BORS,openstation
8089028,BOK,openstation
8089030,BPWA,openstation
8089031,BPOE,openstation
8089032,BPOF,openstation
8089033,BPLA,openstation
8089034,BPRS,openstation
8089035,BRW,openstation
8089036,BRST,openstation
8089037,BSAP,openstation
8089038,BSC,openstation
8089039,BSAL,openstation
8089040,BSPH,openstation
8089041,BSTO,openstation
8089042,BSDG,openstation
8089043,BTP,openstation
8089044,BTOR,openstation
8089045,BWRS,openstation
8089047,BWKR,openstation
8089048,BWOK,openstation
8089050,BYOR,openstation
8089051,BGGS,openstation
8089052,BADL,openstation
8089053,BSRW,openstation
8089054,BAGL,openstation
8089055,BBDF,openstation
8089056,BBKB,openstation
8089057,BBU,openstation
8089058,BFRU,openstation
8089059,BFFO,openstation
8089060,BFRH,openstation
8089061,BFOH,openstation
8089062,BGD,openstation
8089063,BGA,openstation
8089064,BHED,openstation
8089065,BHI,openstation
8089068,BKD,openstation
8089069,BKP,openstation
8089070,BLRD,openstation
8089071,BLIW,openstation
8089072,BMDF,openstation
8089073,BPAF,openstation
8089074,BMF,openstation
8089075,BMAR,openstation
8089077,BNK,openstation
8089078,BNIS,openstation
8089079,BOSP,openstation
8089080,BPKR,openstation
8089081,BPHD,openstation
8089082,BRD,openstation
8089083,BSPA,openstation
8089084,BRH,openstation
8089085,BSLS,openstation
8089087,BSNH,openstation
8089088,BSPF,openstation
8089089,BTG,openstation
8089090,BTF,openstation
8089091,BTGN,openstation
8089092,BWAI,openstation
8089093,BWAB,openstation
8089094,BWIG,openstation
8089095,BWM,openstation
8089096,BWIN,openstation
8089097,BWHH,openstation
8089098,BZD,openstation
8089099,BBRF,openstation
8089100,BJUF,openstation
8089101,BEBD,openstation
8089102,BKBO,openstation
8089103,BARF,openstation
8089104,BKHD,openstation
8089105,BHER,openstation
8089106,BIP,openstation
8089107,BBUP,openstation
8089108,BHO,openstation
8089109,BHAL,openstation
8089110,BMN,openstation
8089111,BWES,openstation
8089112,BHEI,openstation
8089113,BLIH,openstation
8089114,BLAK,openstation
8089115,BSDE,openstation
8089116,BWH,openstation
8089118,BBEU,openstation
8089119,RNBG,openstation
8089131,BWED,openstation
8089186,BBF,openstation
8089187,BST,openstation
8089197,BOR,openstation
8089207,BHD,openstation
8089317,MHABA,wikidata
8089327,BSO,openstation
8089328,BMS,openstation
8089329,BHST,openstation
8089330,BOLS,openstation
8089331,BPIC,openstation
8089472,BLIS,openstation
8089473,BOSS,openstation
8089474,BSGR,openstation
8089489,WR,wikidata
8089537,BJLB,openstation
8090001,RITBR,wikidata
8090020,TNUV,wikidata
8090021,TNU,wikidata
8090022,TFKHK,wikidata
8098096,TS,openstation
8098105,FF,openstation
8098147,AHAR,openstation
8098160,BL,openstation
8098205,LL,openstation
8098261,MH,openstation
8098262,MH,openstation
8098263,MH,openstation
8098348,KST,openstation
8098349,KST,openstation
8098360,FBUP,openstation
8098549,AH,openstation
8098553,AA,openstation
8100001,XAKN,wikidata
8100002,XASB,wikidata
8100003,XAWW,wikidata
8100008,XAP,wikidata
8100014,XAWE,wikidata
8100019,XASR,wikidata
8100020,XASF,wikidata
8100021,XASBW,wikidata
8100024,XASH,wikidata
8100046,XATR,wikidata
8100052,XAHF,wikidata
8100060,XATP,wikidata
8100074,XAUM,wikidata
8100080,XAPW,wikidata
8100085,XAKT,wikidata
8100088,XAA,wikidata
8100089,XAEZ,wikidata
8100092,XASP,wikidata
8100113,XAS,wikidata
8100115,XART,wikidata
8100129,XAGN,wikidata
8100132,XASI,wikidata
8100150,XASZ,wikidata
8100173,XAG,wikidata
8100306,XASPP,wikidata
8100310,XASTS,wikidata
8100320,XATF,wikidata
8100323,XATW,wikidata
8100337,XAVO,wikidata
8100426,XASK,wikidata
8100442,XAOM,wikidata
8100446,XAWF,wikidata
8100465,XARK,wikidata
8100482,XASVZ,wikidata
8100483,XASFU,wikidata
8100514,XAWG,wikidata
8100516,XAWNS,wikidata
8100517,XAWIG,wikidata
8100518,XAZW,wikidata
8100524,XAPV,wikidata
8100528,XAPR,wikidata
8100555,XAMU,wikidata
8100556,XAPL,wikidata
8100558,XAU,wikidata
8100772,XAEL,wikidata
8101353,XAPFW,wikidata
8101597,XASPS,wikidata
8101660,XATN,wikidata
8101912,XARTS,wikidata
8101917,XASBS,wikidata
8102006,XAOA,wikidata
8102045,XATX,wikidata
8102048,XAAI,wikidata
8102052,XAML,wikidata
8102055,XASSA,wikidata
8102260,XAVIS,wikidata
8103000,XAWIE,wikidata
8200002,XLDB,wikidata
8200003,XLDC,wikidata
8200100,XLL,wikidata
8200110,XLM,wikidata
8200112,XLHD,wikidata
8200120,XLET,wikidata
8200126,XLDK,wikidata
8200134,XLCV,wikidata
8200250,XLHW,wikidata
8200340,XLW,wikidata
8200603,XLB,wikidata
8200613,XLDV,wikidata
8200640,XLEA,wikidata
8200920,XLDI,wikidata
8270050,XLAT,wikidata
8270060,XLBA,wikidata
8270130,XLBR,wikidata
8270140,XLBUN,wikidata
8270150,XLBS,wikidata
8270160,XLBC,wikidata
8270180,XLBG,wikidata
8270210,XLBZ,wikidata
8270270,XLCP,wikidata
8270280,XLCS,wikidata
8270300,XLCB,wikidata
8270320,XLCT,wikidata
8270350,XLDM,wikidata
8270360,XLDF,wikidata
8270480,XLGB,wikidata
8270580,XLLH,wikidata
8270660,XLLI,wikidata
8270670,XLLR,wikidata
8270720,XLMT,wikidata
8270830,XLOE,wikidata
8270950,XLSR,wikidata
8271060,XLWF,wikidata
8276932,XLMY,wikidata
8300001,XITU,wikidata
8300046,XIMB,wikidata
8300048,XIBCA,wikidata
8300093,XIVNM,wikidata
8300098,XIPP,wikidata
8300107,XIT,wikidata
8300120,XIVP,wikidata
8300124,XIPDG,wikidata
8300126,XIVC,wikidata
8300153,XIGP,wikidata
8300186,XIA,wikidata
8300217,XIBC,wikidata
8300239,XINAC,wikidata
8300241,XINAG,wikidata
8300263,XIRM,wikidata
8300341,XIPA,wikidata
8300381,XILMN,wikidata
8300439,XISV,wikidata
8301096,XIPN,wikidata
8301638,XILN,wikidata
8400015,XNRS,wikidata
8400058,XNAC,wikidata
8400071,XNAH,wikidata
8400194,XNDU,wikidata
8400305,XNHR,wikidata
8400530,XNRC,wikidata
8400561,XNSP,wikidata
8400696,XNWI,wikidata
8400731,XNZAA,wikidata
8400735,XNZV,wikidata
8500010,XSB,wikidata
8500023,XSLI,wikidata
8500218,XSOL,wikidata
8502204,XSZU,wikidata
8502224,XSAA,wikidata
8503000,XSZH,wikidata
8503001,XSZA,wikidata
8503420,XSLO,wikidata
8503421,XSJE,wikidata
8503424,XSS,wikidata
8505165,XSAN,wikidata
8505400,XSLC,wikidata
8506000,XSWT,wikidata
8507000,XSBE,wikidata
8507100,XSTH,wikidata
8507483,XSSP,wikidata
8507492,XSIO,wikidata
8507493,XSI,wikidata
8508008,XSHZ,wikidata
8508100,XSLT,wikidata
8600992,XDHP,wikidata
8601242,XDKHL,wikidata
8601309,XDKH,wikidata
8601404,XDLV,wikidata
8601971,XDRB,wikidata
8602026,XDRK,wikidata
8602824,XDVI,wikidata
8700010,XFPA,wikidata
8700011,XFPO,wikidata
8700012,XFPG,wikidata
8700013,XFPMP,wikidata
8700014,XFPN,wikidata
8700023,XFSTG,wikidata
8700031,XFMV,wikidata
8700071,XFAS,wikidata
8700133,XFSTL,wikidata
8700147,XFCE,wikidata
8700149,XFHE,wikidata
8700152,XFLPD,wikidata
8700164,XFPE,wikidata
8700172,XFAV,wikidata
8700174,XFMC,wikidata
8700270,XFBE,wikidata
8700271,XFFB,wikidata
8700329,XFBH,wikidata
8700333,XFBZV,wikidata
8700347,XFHG,wikidata
8700353,XFLTG,wikidata
8700382,XFWBG,wikidata
8700439,XFSM,wikidata
8700535,XFFA,wikidata
8700564,XFMVD,wikidata
8701433,XFSSL,wikidata
8701497,XFMUM,wikidata
8702148,XFVH,wikidata
8702401,XFEI,wikidata
8730082,XFBMT,wikidata
8800001,XBS,wikidata
8800007,XBAC,wikidata
8800008,XBBC,wikidata
8800012,XBLIG,wikidata
8800015,XBFH,wikidata
8800078,XBLLS,wikidata
8800136,XBWA,wikidata
8800147,XBAH,wikidata
8800211,XBBK,wikidata
8800238,XBLI,wikidata
8800246,XBDM,wikidata
8800262,XBBA,wikidata
8800268,XBVP,wikidata
8800269,XBDG,wikidata
8800288,XBEL,wikidata
8800294,XBKT,wikidata
8800305,XBDBG,wikidata
8800309,XBZW,wikidata
8800319,XBBRZ,wikidata
8800324,XBWT,wikidata
8800370,XBHG,wikidata
8800382,XBIG,wikidata
8800386,XBHRG,wikidata
8800398,XBRK,wikidata
8800405,XBMSP,wikidata
8800423,XBCC,wikidata
8800446,XBVM,wikidata
8800447,XBVO,wikidata
8800456,XBOX,wikidata
8800475,XBLCP,wikidata
8800485,XBMIZ,wikidata
8800487,XBHP,wikidata
8800489,XBFTV,wikidata
8800492,XBEQV,wikidata
8800501,XBBW,wikidata
8800502,XBGS,wikidata
8800506,XBSJW,wikidata
8800517,XBCM,wikidata
8800532,XBPO,wikidata
8800537,XBEA,wikidata
8800574,XBVIP,wikidata
8800578,XBCLL,wikidata
8800582,XBSJ,wikidata
8800587,XBHNZ,wikidata
8800588,XBPC,wikidata
8821709,XBWO,wikidata
9400009,XXL,wikidata
