id,listKey,name,nameEn,blurb,blurbEn,lat,lon,country,isoCountryCode,sortIdx
"world-heritage:1699","world-heritage","’Uruq Bani Ma’arid","'Uruq Bani Ma'arid","Welterbestätte in Saudi-Arabien","Protected area in Saudi Arabia","19.33694","45.90389","","SA","0"
"world-heritage:3","world-heritage","Aachener Dom","Aachen Cathedral","Bischofskirche des Bistums Aachen","Roman-Catholic cathedral in Aachen, Germany","50.77475","6.08392","","DE","0"
"world-heritage:1227","world-heritage","Aapravasi Ghat","","UNESCO-Welterbe; Lager für indische Einwanderer nach Mauritius in Port Louis","building complex in Port Louis, on the Indian Ocean island of Mauritius","-20.15861","57.50306","","MU","0"
"world-heritage:1557","world-heritage","Aasivissuit–Nipisat","","Kulturlandschaft in Grönland","cultural landscape in Greenland","67.06393","-51.43321","","GL","0"
"world-heritage:1447","world-heritage","Abtei Corvey","Princely Abbey of Corvey","deutsches Kloster und Schloss in Höxter, heute Museum und UNESCO-Welterbe","abbey in North Rhine-Westphalia, Germany","51.77778","9.41000","","DE","0"
"world-heritage:165","world-heritage","Abtei Fontenay","Abbey of Fontenay","Zisterzienserkloster in Frankreich","abbey located in Côte-d'Or, in France","47.63966","4.38933","","FR","0"
"world-heritage:601","world-heritage","Abtei Saint-Remi","Royal abbey of Saint-Remi","ehemalige Abtei in Reims, Frankreich","former abbey located in Marne, France","49.24340","4.04130","","FR","0"
"world-heritage:515","world-heritage","Abtei und Altenmünster des Klosters Lorsch","Abbey and Altenmünster of Lorsch","Benediktinerkloster und UNESCO-Welterbe in Hessen","UNESCO World Heritage Abbey of Lorsch in Germany","49.65369","8.56858","","DE","0"
"world-heritage:84","world-heritage","Abteikirche und Stadthügel von Vézelay","Vézelay, Church and Hill","UNESCO-Welterbestätte in Frankreich","World Heritage Site in France","47.46639","3.74833","","FR","0"
"world-heritage:230","world-heritage","Abteikirche von Saint-Savin","Abbey Church of Saint-Savin-sur-Gartempe","Kirchengebäude in Saint-Savin, Frankreich","abbey located in Vienne, in France","46.56477","0.86597","","FR","0"
"world-heritage:90","world-heritage","Abu Mena","","alte Pilgerstätte über dem Grab des Abu Mena in der Wüste Mariut","town, monastery complex and Christian pilgrimage center in Late Antique Egypt. WHS#90","30.84105","29.66349","","EG","0"
"world-heritage:1209","world-heritage","Agavenlandschaft und historische Tequila-Produktionsstätten","Agave Landscape and Ancient Industrial Facilities of Tequila","historische Stätte in Mexiko","cultural landscape in Mexico","20.62829","-103.76999","","MX","0"
"world-heritage:968","world-heritage","Agrarlandschaft Südölands","Southern Öland cultural landscape","","cultural landscape in Sweden","56.46667","16.55000","","SE","0"
"world-heritage:780","world-heritage","Aigai","","archäologische Stätte in Griechenland","ancient Macedonian capital","40.47797","22.32276","","GR","0"
"world-heritage:242","world-heritage","Ajanta-Höhlen","Ajanta Caves","Höhlen in Indien","2nd century BCE to 1st century CE Buddhist cave monuments located in Maharashtra, India","20.55342","75.70047","","IN","0"
"world-heritage:1042","world-heritage","Akkon","Acre","alte Hafenstadt an der Küste des östlichen Mittelmeers in Israel","","32.92611","35.08389","","IL","0"
"world-heritage:831","world-heritage","Akragas","Valle dei Templi","archäologische Stätte in Italien","archaeological site in Sicily, Italy","37.28972","13.59000","","IT","0"
"world-heritage:404","world-heritage","Akropolis","Acropolis of Athens","antike Stadtfestung in Athen","ancient citadel above the city of Athens","37.97167","23.72611","","GR","0"
"world-heritage:15","world-heritage","Aksum","Axum","frühere Hauptstadt des Königreichs von Aksum","town in Tigray Region, Ethiopia","14.11667","38.73333","","ET","0"
"world-heritage:1481","world-heritage","Al-Ahwar","Ahwar of Southern Iraq","Kulturlandschaft im Südirak","World Heritage Site in Iraq","31.56222","47.65778","","IQ","0"
"world-heritage:1563","world-heritage","Al-Hasa Oase","Al-Ahsa Oasis","Oase in Saudi-Arabien","Oasis historical region in eastern Saudi Arabia","25.42944","49.62194","","SA","0"
"world-heritage:1446","world-heritage","Al-Maghtas","Al Maghtas","archäologische Stätte in Jordanien","archaeological site","31.83722","35.55028","","JO","0"
"world-heritage:1276","world-heritage","Albula- und Berninalinie der Rhätischen Bahn","Rhaetian Railway in the Albula / Bernina Landscapes","","World Heritage site in Italy and Switzerland","46.40890","10.01970","","CH","0"
"world-heritage:185","world-heritage","Aldabra","","Atoll der Seychellen im Indischen Ozean","","-9.41639","46.41639","","SC","0"
"world-heritage:839","world-heritage","Alexander-von-Humboldt-Nationalpark","Alexander von Humboldt National Park","Nationalpark in Kuba","national park in Cuba","20.49675","-74.85790","","CU","0"
"world-heritage:314","world-heritage","Alhambra, Generalife und Albaicín in Granada","Alhambra, Generalife and Albayzín, Granada","Weltkultuerbe in Spanien","monument in Granada, declared a World Heritage Site by UNESCO","37.17667","-3.59444","","ES","0"
"world-heritage:728","world-heritage","Alt- und Neustadt von Edinburgh","Old and New Towns of Edinburgh","","group of structures or buildings in City of Edinburgh, Scotland, UK","55.95000","-3.21667","","GB","0"
"world-heritage:1757","world-heritage","Alte Hauptstädte Asuka und Fujiwara","Ancient Capitals of Asuka and Fujiwara","","World Heritage Site in Nara Prefecture, Japan","34.47028","135.82361","","JP","0"
"world-heritage:584","world-heritage","Alte Kirche von Petäjävesi","Petäjävesi Old Church","Kirchengebäude in der finnischen Gemeinde Petäjävesi","church building in Petäjävesi, Finland","62.25014","25.18394","","FI","0"
"world-heritage:948","world-heritage","Alte Stadt von Hội An","Hoi An Ancient Town","Welterbestätte in Vietnam","historic site in Hoi An, Vietnam","15.87714","108.32863","","VN","0"
"world-heritage:116","world-heritage","Alte Städte von Djenné","Old Towns of Djenné","UNESCO-Welterbestätte in Mali","UNESCO World Heritage cite","13.90639","-4.55500","","ML","0"
"world-heritage:1110","world-heritage","Alter Protestantischer Friedhof","Old Protestant Cemetery","Friedhof in der Volksrepublik China","cemetery in Macau","22.19990","113.54020","","CN","0"
"world-heritage:204","world-heritage","Altes Havanna und sein Befestigungssystem","Old Havana and its Fortification System","UNESCO-Welterbestätte in Kuba","World Heritage site in Cuba","23.13333","-82.35000","","CU","0"
"world-heritage:1046","world-heritage","Alto Douro","Alto Douro Wine Region","Weinanbaugebiet in Portugal","UNESCO World Heritage Site","41.16575","-7.51774","","PT","0"
"world-heritage:311","world-heritage","Altstadt und Äquadukt von Segovia","Old Town of Segovia and its Aqueduct","Weltkulturerbe in Segovia, Spanien","World Heritage site in Spain","40.94847","-4.11675","","ES","0"
"world-heritage:148","world-heritage","Altstadt und Stadtmauern von Jerusalem","Old City of Jerusalem and its Walls","UNESCO-Welterbestätte","world heritage site","31.77821","35.23191","","IL","0"
"world-heritage:541","world-heritage","Altstadt Vilnius","Vilnius Old Town","Stadtteil von Vilnius","UNESCO World Heritage Site in Vilnius, Lithuania","54.68333","25.28333","","LT","0"
"world-heritage:1551","world-heritage","Altstadt von Ahmedabad","Historic City of Ahmadabad","historischer Teil der indischen Großstadt","Old fort city of Ahmedabad, India","23.02560","72.58750","","IN","0"
"world-heritage:21","world-heritage","Altstadt von Aleppo","Ancient City of Aleppo","Historisches Stadtzentrum von Aleppo","historic city centre of Aleppo, Syria","36.18333","37.15000","","SY","0"
"world-heritage:1016","world-heritage","Altstadt von Arequipa","Historic Centre of Arequipa","","World Heritage Site in Peru","-16.40000","-71.53333","","PE","0"
"world-heritage:348","world-heritage","Altstadt von Ávila und Kirchen außerhalb der Stadtmauer","Old Town of Ávila with its Extra-Muros Churches","UNESCO-Welterbestätte in Spanien","World Heritage site in Spain","40.65639","-4.70011","","ES","0"
"world-heritage:618","world-heritage","Altstadt von Banská Štiavnica","Historic Town of Banská Štiavnica and the Technical Monuments in its Vicinity","Weltkulturerbe in Banská Štiavnica, Slowakei","","48.46111","18.90000","","SK","0"
"world-heritage:1376","world-heritage","Altstadt von Bridgetown mit Garnison","Garrison Historic Area","","","13.09667","-59.61389","","BB","0"
"world-heritage:996","world-heritage","Altstadt von Brügge","Historic Centre of Brugge","","UNESCO World Heritage site","51.20891","3.22527","","BE","0"
"world-heritage:384","world-heritage","Altstadt von Cáceres","old town of Cáceres","Weltkulturerbe in Spanien","historic center of Cáceres, Cáceres Province, Extremadura, Spain","39.47417","-6.37000","","ES","0"
"world-heritage:20","world-heritage","Altstadt von Damaskus","Ancient City of Damascus","historisches Stadtzentrum in Syrien","historic city centre in Damascus, Syria","33.51111","36.30639","","SY","0"
"world-heritage:1361","world-heritage","Altstadt von Dschidda, der Pforte nach Mekka","Al-Balad, Jeddah","Bauwerk in Saudi-Arabien","historical place in Jeddah, Saudi Arabia","21.48330","39.20000","","SA","0"
"world-heritage:95","world-heritage","Altstadt von Dubrovnik","Old city (Dubrovnik)","historischer Kern der kroatischen Stadt Dubrovnik, UNESCO-Welterbe","World Heritage site in Croatia","42.64090","18.10910","","HR","0"
"world-heritage:174","world-heritage","Altstadt von Florenz","Historic Centre of Florence","Stadtteil im Stadtbezirk 1 - Historisches Zentrum von Florenz","quarter in Borough 1 - Historical Center of Florence","43.77306","11.25611","","IT","0"
"world-heritage:451","world-heritage","Altstadt von Gallé und ihre Festungswerke","Old Town of Galle and its Fortifications","Welterbestätte in Sri Lanka","","6.02139","80.21861","","LK","0"
"world-heritage:362","world-heritage","Altstadt von Ghadames","Old Town of Ghadamès","Welterbestätte in Libyen","world heritage site in Libya","30.13200","9.49700","","LY","0"
"world-heritage:1565","world-heritage","Altstadt von Hebron","Old City of Hebron","historisches Stadtzentrum in Palästina","historical city center controlled by Palestinian Authority","31.52528","35.10833","","PS","0"
"world-heritage:978","world-heritage","Altstadt von Korfu","Old town of Corfu","Stadtviertel von Korfu, Griechenland","part of Corfu town, Greece","39.62466","19.92193","","GR","0"
"world-heritage:29","world-heritage","Altstadt von Krakau","Kraków Old Town","der historische Teil von Krakau","old town of Kraków, Poland","50.06209","19.93688","","PL","0"
"world-heritage:1055","world-heritage","Altstadt von Lamu","Lamu Old Town","","historic section of Lamu, Kenya; World Heritage Site","-2.28444","40.85250","","KE","0"
"world-heritage:500","world-heritage","Altstadt von Lima","Historic Centre of Lima","Altstadt in Peru","World Heritage Site in Peru","-12.05139","-77.04306","","PE","0"
"world-heritage:585","world-heritage","Altstadt von Morelia","Historic Centre of Morelia","historischer Stadtkern in Mexiko","human settlement in Mexico","19.70000","-101.18333","","MX","0"
"world-heritage:217","world-heritage","Altstadt von Nessebar","Ancient City of Nessebar","Welterbestätte in Bulgarien","World Heritage site in Bulgaria","42.65611","27.73000","","BG","0"
"world-heritage:415","world-heritage","Altstadt von Oaxaca und Ruinen von Monte Alban","Historic Centre of Oaxaca and Archaeological Site of Monte Albán","","World Heritage site in Mexico","17.06194","-96.72167","","MX","0"
"world-heritage:189","world-heritage","Altstadt von Olinda","Historic Centre of the Town of Olinda","Stadtteil von Olinda","World Heritage Site in Olinda, Pernambuco, Brazil","-8.01333","-34.84500","","BR","0"
"world-heritage:124","world-heritage","Altstadt von Ouro Preto","Historic Town of Ouro Preto","","listed old town in Ouro Preto, Minas Gerais","-20.38577","-43.50364","","BR","0"
"world-heritage:300","world-heritage","Altstadt von Québec","Old Quebec","","historic neighborhood in Quebec City, Canada, designated a UNESCO World Heritage Site","46.80944","-71.21056","","CA","0"
"world-heritage:2","world-heritage","Altstadt von Quito","Historic Center of Quito","Weltkulturerbe in Ecuador","UNESCO World Heritage Site","-0.22000","-78.51208","","EC","0"
"world-heritage:582","world-heritage","Altstadt von Rauma","Old Rauma","historischer Stadtkern in Finnland","old town of the city of Rauma, Finland","61.12827","21.51321","","FI","0"
"world-heritage:1155","world-heritage","Altstadt von Regensburg mit Stadtamhof","Old town of Regensburg with Stadtamhof","UNESCO-Welterbestätte in Deutschland","World Heritage site in Germany","49.01722","12.09694","","DE","0"
"world-heritage:381","world-heritage","Altstadt von Salamanca","Old City of Salamanca","Welterbestätte in Spanien","human settlement in Salamanca, Salamanca Province, Castile and León, Spain","40.96525","-5.66450","","ES","0"
"world-heritage:385","world-heritage","Altstadt von Sanaa","Old Sana'a","Stadtviertel in der Hauptstadt des Jemen","fortified city in Yemen","15.35510","44.21450","","YE","0"
"world-heritage:347","world-heritage","Altstadt von Santiago de Compostela","old town of Santiago de Compostela","Welterbestätte in Spanien","World Heritage site in Spain","42.88076","-8.54468","","ES","0"
"world-heritage:821","world-heritage","Altstadt von São Luís do Maranhão","Historic Centre of São Luís","","human settlement in Brazil, UNESCO World Heritage site","-2.52773","-44.30580","","BR","0"
"world-heritage:1549","world-heritage","Altstadt von Şəki mit Khanspalast","Historic Centre of Sheki with the Khan’s Palace","Welterbe in Aserbaidschan","World heritage site in Azerbaijan","41.19194","47.17056","","AZ","0"
"world-heritage:822","world-heritage","Altstadt von Tallinn","Tallinn Old Town","UNESCO-Weltkulturerbe","UNESCO World Heritage site","59.43722","24.74528","","EE","0"
"world-heritage:810","world-heritage","Altstadt von Trogir","Historic City of Trogir","UNESCO-Weltkulturerbe","World Heritage Site","43.51250","16.25167","","HR","0"
"world-heritage:797","world-heritage","Altstadt von Verona","Verona historic center","UNESCO-Welterbe-Stätte in Italien","historical location in Italy","45.43861","10.99389","","IT","0"
"world-heritage:712","world-heritage","Altstadt von Vicenza und Villen Palladios in Venetien","City of Vicenza and the Palladian Villas of the Veneto","Unesco Weltkulturerbe","UNESCO world heritage","45.55000","11.55000","","IT","0"
"world-heritage:1544","world-heritage","Altstadt von Yazd","Heritage district of Yazd","","district in Yazd, Iranian national heritage site and World heritage site","31.90056","54.36958","","IR","0"
"world-heritage:676","world-heritage","Altstadt von Zacatecas","Historic centre of Zacatecas","","human settlement in Mexico","22.76667","-102.55000","","MX","0"
"world-heritage:564","world-heritage","Altstadt von Zamość","Old City of Zamość","Welterbestätte in Polen","World Heritage site in Poland","50.72056","23.25861","","PL","0"
"world-heritage:699","world-heritage","Altstadtviertel und Festungen von Luxemburg","City of Luxembourg: its Old Quarters and Fortifications","UNESCO-Welterbestätte in Luxemburg","UNESCO world heritage site in Luxembourg","49.61056","6.13250","","LU","0"
"world-heritage:830","world-heritage","Amalfiküste","Amalfi Coast","Küstenlinie in Italien","coastal area in the Campania region, Italy","40.63333","14.60000","","IT","0"
"world-heritage:950","world-heritage","Ambohimanga","","Siedlung und archäologische Stätte in Madagaskar","human settlement in Madagascar","-18.75917","47.56278","","MG","0"
"world-heritage:38","world-heritage","Amphitheater von El Djem","Roman amphitheatre of El Jem","Amphitheater in Tunesien","Carthagian amphitheatre in Tunisia","35.29639","10.70694","","TN","0"
"world-heritage:1349","world-heritage","Amsterdamer Grachtengürtel","Grachtengordel","Stadtviertel von Amsterdam","neighborhood in Amsterdam consisting of seventeenth-century canals, Netherlands","52.36639","4.88583","","NL","0"
"world-heritage:705","world-heritage","Ancient Building Complex in the Wudang Mountains","","","World Heritage Site","32.44479","111.05827","","CN","0"
"world-heritage:22","world-heritage","Ancient City of Bosra","","","UNESCO World Heritage Site in Bosra, Syria","32.51806","36.48167","","SY","0"
"world-heritage:812","world-heritage","Ancient City of Ping Yao","","","World Heritage site in China","37.20140","112.15440","","CN","0"
"world-heritage:1411","world-heritage","Ancient City of Tauric Chersonese and its Chora","","","World Heritage site in Crimea","44.61083","33.49139","","UA","0"
"world-heritage:668","world-heritage","Angkor","","","World Heritage site in Cambodia","13.44088","103.85908","","KH","0"
"world-heritage:1518","world-heritage","Ani","","archäologische Stätte in der Türkei","ruined medieval Armenian city in Kars, Turkey, and UNESCO World Heritage Site","40.50750","43.57278","","TR","0"
"world-heritage:293","world-heritage","Anjar","","Siedlung in Libanon","","33.72583","35.92972","","LB","0"
"world-heritage:1686","world-heritage","Anticosti","","paläontologische Stätte in Quebec, Kanada","paleontological site in Quebec, Canada","49.53861","-63.24528","","CA","0"
"world-heritage:65","world-heritage","Antigua Guatemala","","UNESCO-Welterbestätte in Guatemala","World Heritage site in Guatemala","14.55650","-90.73381","","GT","0"
"world-heritage:1499","world-heritage","Antigua Naval Dockyard and Related Archaeological Sites","","","World Heritage Site in Antigua and Barbuda","17.00455","-61.76007","","AG","0"
"world-heritage:750","world-heritage","Antike Ksur von Ouadane, Chinguetti, Tichitt und Oualata","Ancient Ksour of Ouadane, Chinguetti, Tichitt and Oualata","Welterbestätte in Mauretanien","group of buildings in Mauritania","20.92889","-11.62361","","MR","0"
"world-heritage:200","world-heritage","Anuradhapura","","Hauptstadt der Nördlichen Zentralprovinz von Sri Lanka","city in North Central Province, Sri Lanka","8.33500","80.41083","","LK","0"
"world-heritage:1519","world-heritage","Aphrodisias","","Welterbestätte in der Türkei","World Heritage site in Turkey","37.70833","28.72361","","TR","0"
"world-heritage:392","world-heritage","Apollontempel bei Bassae","Temple of Apollo Epicurius in Bassae","archäologische Stätte in Griechenland","ancient temple in Peloponnese, Greece","37.42965","21.90039","","GR","0"
"world-heritage:1463","world-heritage","Aquädukt des Padre Tembleque","Aqueduct of Padre Tembleque","Aquädukt in Mexiko","","19.83639","-98.66222","","MX","0"
"world-heritage:1487","world-heritage","Arabisch-normannisches Palermo und die Kathedralen von Cefalù und Monreale","Arab-Norman Palermo and the Cathedral Churches of Cefalú and Monreale","Stätte des Weltkulturerbes in Italien","World Heritage Site in Sicily, Italy","38.11083","13.35306","","IT","0"
"world-heritage:790","world-heritage","Archaeological Site of Panamá Viejo and Historic District of Panamá","","","World Heritage site in Panama","8.95111","-79.54056","","PA","0"
"world-heritage:1624","world-heritage","Archäoastronomischer Komplex von Chanquillo","Chankillo Archaeoastronomical Complex","Welterbestätte in Peru","World Heritage site in Peru","-9.55690","-78.23590","","PE","0"
"world-heritage:939","world-heritage","Archäologische Denkmalzone von Xochicalco","Xochicalco","archäologischer Fundplatz in Mexiko","UNESCO World Heritage Site","18.80431","-99.29664","","MX","0"
"world-heritage:1008","world-heritage","Archäologische Landschaft der ersten Kaffeeplantagen im Südosten Kubas","Archaeological Landscape of the First Coffee Plantations in the South-East of Cuba","","World Heritage site in Cuba","20.03000","-75.39140","","CU","0"
"world-heritage:1568","world-heritage","Archäologische Landschaft der Sassaniden in der Region Fars","Sassanid Archaeological Landscape of Fars Region","UNESCO-Weltkulturerbestätte im südwestlichen Iran","UNESCO World Heritage Site in Iran","29.77748","51.57045","","IR","0"
"world-heritage:1592","world-heritage","Archäologische Ruinen der Stadt Liangzhu","Liangzhu site","Welterbestätte in China","archaeological site","30.39667","119.98528","","CN","0"
"world-heritage:1137","world-heritage","Archäologische Stätte Kernavė","Cultural Reserve of Kernavė","","","54.88056","24.84167","","LT","0"
"world-heritage:37","world-heritage","Archäologische Stätte von Karthago","Archaeological site of Carthage","Archäologische Stätte in Tunesien, UNESCO-Welterbe","Archaeological site in Tunisia","36.85788","10.33084","","TN","0"
"world-heritage:1336","world-heritage","Archäologische Stätten der Insel von Meroe","Archaeological Sites of the Island of Meroe","sudanesische Welterbestätte","World Heritage site in Sudan","16.93333","33.71667","","SD","0"
"world-heritage:972","world-heritage","Archäologische Stätten des Königreichs der Ryukyu-Inseln","Gusuku Sites and Related Properties of the Kingdom of Ryukyu","","building in Okinawa Prefecture, Japan","26.20860","127.68300","","JP","0"
"world-heritage:1396","world-heritage","Archäologische Stätten im Lenggong-Tal","Archaeological Heritage of the Lenggong Valley","archäologische Stätte in Malaysia","World heritage site in Malaysia","5.06791","100.97200","","MY","0"
"world-heritage:941","world-heritage","Archäologische Stätten von Mykene und Tiryns","Archaeological Sites of Mycenae and Tiryns","Welterbestätte in Griechenland","World Heritage Site in Greece","37.73333","22.75000","","GR","0"
"world-heritage:829","world-heritage","Archäologische Stätten von Pompeji, Herculaneum und Torre Annunziata","Archaeological Areas of Pompei, Herculaneum and Torre Annunziata","","World Heritage site in Italy","40.75000","14.48333","","IT","0"
"world-heritage:825","world-heritage","Archäologische Zone und Basilika von Aquileia","Archaeological Area and the Patriarchal Basilica of Aquileia","archäologische Stätte in Italien","World Heritage site in Italy","45.76830","13.36750","","IT","0"
"world-heritage:1553","world-heritage","Archäologischer Grenzkomplex Haithabu und Danewerk","Archaeological Border complex of Hedeby and the Danevirke","deutsche Welterbestätte in Schleswig-Holstein","World Heritage site in Germany","54.46194","9.45411","","DE","0"
"world-heritage:744","world-heritage","Archäologischer Park San Agustín","San Agustin archeological park","Kulturgut in Kolumbien","in San Agustin, Huila, Colombia","1.88444","-76.29611","","CO","0"
"world-heritage:664","world-heritage","Archäologisches Ensemble von Mérida","Archaeological Ensemble of Mérida","archäologische Stätte und Weltkulturerbe in Spanien","World Heritage Site in Mérida, Spain","38.91597","-6.33869","","ES","0"
"world-heritage:875","world-heritage","Archäologisches Ensemble von Tarraco","Archaeological Ensemble of Tárraco","Weltkulturerbe in Tarroco, Spanien","World Heritage site in Spain","41.11472","1.25931","","ES","0"
"world-heritage:1196","world-heritage","Architectural, Residential and Cultural Complex of the Radziwill Family at Nesvizh","","","World Heritage site in Belarus","53.22278","26.69139","","BY","0"
"world-heritage:378","world-heritage","Architektur der Mudéjaren in Aragón","Mudejar Architecture of Aragon","Welterbestätte in Spanien","World Heritage site in Spain","40.34389","-1.10722","","ES","0"
"world-heritage:1650","world-heritage","Arkadengänge von Bologna","porticoes of Bologna","Welterbestätte in Italien","architectural heritage site in Bologna, Italy","44.49139","11.33278","","IT","0"
"world-heritage:1262","world-heritage","Armenische Klosteranlagen im Iran","Armenian Monastic Ensembles of Iran","","Armenian churches","38.97889","45.47333","","IR","0"
"world-heritage:1622","world-heritage","Arslantepe","","archäologischer Fundplatz und UNSESCO-Welterbestätte in der Türkei","archeological site in Turkey","38.38194","38.36111","","TR","0"
"world-heritage:491","world-heritage","Asklepiostempel von Epidauros","Sanctuary of Asclepius, Epidaurus","bedeutendste antike Kultstätte für den Heilgott Asklepios (Asklepieion) in Griechenland","healing shrine on the territory of ancient Epidauros, Argolid, Greece","37.59860","23.07440","","GR","0"
"world-heritage:1550","world-heritage","Asmara: Eine modernistische afrikanische Stadt","Asmara: A Modernist African City","Welterbestätte in Eritrea","world heritage site in Eritrea","15.33528","38.93583","","ER","0"
"world-heritage:990","world-heritage","Assisi, Basilika und Gedenkstätten des Hl. Franziskus","Assisi, the Basilica of San Francesco and Other Franciscan Sites","Wikimedia-Kategorie","historic religious complex at the Basilica of St Francis of Assisi in Umbria, Italy","43.06617","12.62244","","IT","0"
"world-heritage:1130","world-heritage","Aššur","Assur","historische Stadt und heutige archäologische Stätte im Norden des heutigen Irak, namensgebend für Staat und Kultur der Assyrer","archaeological site in Iraq, former capital of Assyria","35.45667","43.26250","","IQ","0"
"world-heritage:1678","world-heritage","Astronomische Observatorien der Föderalen Universität Kasan","Astronomical Observatories of Kazan Federal University","","World Heritage site in Russia","55.79091","49.11910","","RU","0"
"world-heritage:1329","world-heritage","at-Turaif","At-Turaif District","historischer Bezirk in Dirʿiyya, einem nordwestlichen Vorort von Riad","UNESCO world heritge site in Saudi Arabia","24.73333","46.57556","","SA","0"
"world-heritage:989","world-heritage","Atapuerca","","archäologische Stätte und Weltkulturerbe in Spanien","archaeological and paleontological site in Spain","42.35009","-3.51947","","ES","0"
"world-heritage:1427","world-heritage","Ätna-Park","Etna Park","","","37.76528","15.00000","","IT","0"
"world-heritage:1306","world-heritage","Australian Convict Sites","","","complex of multiple built objects","-33.37833","150.99444","","AU","0"
"world-heritage:1402","world-heritage","az-Zubāra","Zubarah","Historische Stadt und Welterbe in Katar","ruined and deserted town in Qatar","25.98339","51.02722","","QA","0"
"world-heritage:294","world-heritage","Baalbek","","Stadt und archäologische Stätte in Libanon","city in Baalbek-Hermel, Lebanon","34.01536","36.20056","","LB","0"
"world-heritage:278","world-heritage","Babylon","","archäologische Stätte im Irak","archaeological site of ancient Babylon, Iraq","32.54178","44.43164","","IQ","0"
"world-heritage:1638","world-heritage","Badyn-Dscharan-Wüste","Badain Jaran Desert","Sandwüste in China, Teil der Gobi","desert in China","40.39972","102.00028","","CN","0"
"world-heritage:1588","world-heritage","Bagan","","historische Königsstadt in Myanmar","ancient city in Myanmar","21.17250","94.86000","","MM","0"
"world-heritage:1220","world-heritage","Bahá'í-Weltzentrum-Gebäude","Bahá'í World Centre buildings","","buildings that are part of the Baháʼí World Centre in Haifa, Israel","32.81378","34.98655","","IL","0"
"world-heritage:754","world-heritage","Baikalsee","Lake Baikal","See in Südsibirien, Russland; größter Gebirgssee Asiens","freshwater rift lake in southern Siberia, Russia; the greatest mountain lake in Asia and the most voluminous freshwater lake in the world","53.30278","108.00472","","RU","0"
"world-heritage:111","world-heritage","Bale-Mountains-Nationalpark","Bale Mountains National Park","Nationalpark in Äthiopien","national park in Ethiopia","6.75000","39.75000","","ET","0"
"world-heritage:1208","world-heritage","Bam","","historische Stadt aus Lehmbauten in Iran","city in Kerman Province, Iran","29.10611","58.35694","","IR","0"
"world-heritage:575","world-heritage","Ban Chiang","","archäologische Stätte in Thailand","archaeological site in north-east Thailand","17.54861","103.35833","","TH","0"
"world-heritage:1575","world-heritage","Barberton-Makhonjwa-Berge","Makhonjwa Mountains","Gebirge in Südafrika","mountain range and hills in Mpumalanga, South Africa","-33.40000","22.00000","","ZA","0"
"world-heritage:973","world-heritage","Bardejov Town Conservation Reserve","","","world heritage site in Slovakia","49.29333","21.27917","","SK","0"
"world-heritage:677","world-heritage","Barock-Kirchen auf den Philippinen","Baroque Churches of the Philippines","","World Heritage Site consisting of four churches in the Philippines","10.64191","122.23549","","PH","0"
"world-heritage:1346","world-heritage","Basar in Täbris","Tabriz Bazaar","Basar im Mittleren Osten","bazaar in Tabriz, Iranian national heritage site","38.08077","46.29229","","IR","0"
"world-heritage:1407","world-heritage","Bassari-Land","Bassari Country","Weltkulturerbe in Senegal","World Heritage Site in Senegal","12.59333","-12.84583","","SN","0"
"world-heritage:434","world-heritage","Bat, Al-Khutm und Al-Ayn","Bat, Al-Khutm and Al-Ayn archaeological sites","Festung Bat mit bronzezeitlicher Siedlung Al-Khutm und Totenstadt Al-Ayn","","23.27000","56.74500","","OM","0"
"world-heritage:428","world-heritage","Bath","","Stadt in England, Vereinigtes Königreich","city in Somerset, England, United Kingdom","51.38139","-2.35972","","GB","0"
"world-heritage:1277","world-heritage","Baudenkmäler und Anlagen von Hiraizumi","Hiraizumi – Temples, Gardens and Archaeological Sites Representing the Buddhist Pure Land","Welterbe in Präfektur Iwate, Japan","UNESCO World Heritage Site in Iwate Prefecture, Japan","38.98861","141.11028","","JP","0"
"world-heritage:870","world-heritage","Baudenkmäler und Gärten der Kaiserstadt Nara","Historic Monuments of Ancient Nara","","Complex of eight historical sites in Nara, Japan","34.67556","135.83944","","JP","0"
"world-heritage:1613","world-heritage","Bedeutende Kurstädte Europas","The Great Spa Towns of Europe","transnationales UNESCO-Welterbe","transnational UNESCO World Heritage site","50.49222","5.86694","","CZ","0"
"world-heritage:1344","world-heritage","Bedeutende Orte des wallonischen Bergbaus","Major Mining Sites of Wallonia","","World Heritage site in Belgium","50.43528","3.83833","","BE","0"
"world-heritage:899","world-heritage","Beemster","","ehemalige Gemeinde in den Niederlanden, Provinz Nordholland","former municipality in Noord-Holland, the Netherlands","52.55000","4.92780","","NL","0"
"world-heritage:855","world-heritage","Beginenhöfe von Flandern","Béguinages in Flanders","","complex of several UNESCO-protected religious buildings in Flanders, Belgium","51.03097","4.47375","","BE","0"
"world-heritage:943","world-heritage","Belfriede von Belgien und Frankreich","Belfries of Belgium and France","Gruppe von 56 Weltkulturerbegebäuden","group of 56 historical buildings","50.63527","3.51484","","FR","0"
"world-heritage:764","world-heritage","Belize Barrier Reef","","","series of coral reefs straddling the coast of Belize","17.26250","-88.05278","","BZ","0"
"world-heritage:269","world-heritage","Benediktinerinnenkloster St. Johann","Saint John Abbey","Kloster in der Schweiz","Benedictine monastery in Müstair, Graubünden, Switzerland, founded in 780","46.62917","10.44778","","CH","0"
"world-heritage:102","world-heritage","Beni-Hammad-Festung","Qal'at Bani Hammad","archäologischer Fundplatz in Algerien","fortified palatine city in Algeria","35.81389","4.79333","","DZ","0"
"world-heritage:1073","world-heritage","Berg Barkal und die Fundstätten der Napata-Region","Gebel Barkal and the Sites of the Napatan Region","","","18.53333","31.81667","","SD","0"
"world-heritage:1001","world-heritage","Berg Qincheng und Bewässerungssystem von Dujiangyan","Qingchengshan-Dujiangyan National Park","","","30.90680","103.56790","","CN","0"
"world-heritage:1552","world-heritage","Bergbaulandschaft Roșia Montană","Roșia Montană Mining Landscape","Welterbestätte in Rumänien","World Heritage site in Romania","46.30611","23.13056","","RO","0"
"world-heritage:1215","world-heritage","Bergbaulandschaft von Cornwall und West Devon","Cornwall and West Devon Mining Landscape","Landschaft der UNESCO Liste","cultural landscape","50.13611","-5.38361","","GB","0"
"world-heritage:55","world-heritage","Bergbaustadt Røros und Umgebung","Røros Mining Town and the Circumference","norwegische UNESCO-Weltkulturerbe-Stätte","World Heritage site in Norway","62.57389","11.38556","","NO","0"
"world-heritage:709","world-heritage","Bergdörfer von Oberswanetien","Upper Svaneti","","World Heritage Site","42.91639","43.01139","","GE","0"
"world-heritage:247","world-heritage","Bergfestungen von Rajasthan","Hill Forts of Rajasthan","Stätte des Weltkulturerbes im Nordwesten Indiens","UNESCO World Heritage Site in India","24.88331","74.64611","","IN","0"
"world-heritage:1413","world-heritage","Bergpark Wilhelmshöhe","","Parkanlage in Kassel","landscape park with castle in Kassel, Germany","51.31670","9.40000","","DE","0"
"world-heritage:623","world-heritage","Bergwerk Rammelsberg, Altstadt von Goslar und Oberharzer Wasserregal","Mines of Rammelsberg, Historic Town of Goslar and Upper Harz Water Management System","UNESCO-Welterbe in Niedersachsen, Deutschland","World Heritage Site in Lower Saxony","51.82000","10.34000","","DE","0"
"world-heritage:267","world-heritage","Berner Altstadt","Old City of Bern","Altstadt der Stadt Bern, Schweiz und UNESCO-Welterbe","old town of Bern, Switzerland and UNESCO World Heritage Site","46.94806","7.45028","","CH","0"
"world-heritage:1471","world-heritage","Bet Sche’arim","Beit She'arim National Park","Nationalpark in Israel","archaeological site and national park in Israel","32.70417","35.12806","","IL","0"
"world-heritage:1370","world-heritage","Bet-Guvrin-Marissa-Nationalpark","Beit Guvrin National Park","Nationalpark in Israel","national park in Israel","31.61306","34.89833","","IL","0"
"world-heritage:925","world-heritage","Bhimbetka","Bhimbetka rock shelters","archäologische Stätte in Indien","30,000+ years old archaeological World Heritage site in Madhya Pradesh, India","22.93863","77.61438","","IN","0"
"world-heritage:33","world-heritage","Białowieża-Urwald","Białowieża Forest","Naturschutzgebiet auf beiden Seiten der polnisch-belarussischen Grenze","old forest in Poland and Belarus","52.75000","23.95000","","BY","0"
"world-heritage:1108","world-heritage","Biblische Siedlungshügel – Megiddo, Hazor und Be’er Scheva","Biblical Tels - Megiddo, Hazor, Beer Sheba","drei Tells (prähistorische Siedlungshügel), die im östlichen Mittelmeerraum (Levante) typisch sind.","three tells (prehistoric settlement mounds) typical of the eastern Mediterranean (Levant).","32.59722","35.18222","","IL","0"
"world-heritage:1431","world-heritage","Bijagos Archipelago Biosphere Reserve","","","protected area in Guinea-Bissau","11.25000","-16.08333","","GW","0"
"world-heritage:766","world-heritage","Bikin-Flusstal","Central Sikhote-Alin","Welterbestätte in Russland","World Heritage site in Russia","46.68333","136.66111","","RU","0"
"world-heritage:1339","world-heritage","Bikini-Atoll","Bikini Atoll","Atoll der Marshallinseln und Weltkulturerbe","atoll of the Marshall Islands, former site of nuclear tests","11.60000","165.40000","","MH","0"
"world-heritage:196","world-heritage","Biosphärenreservat Río Plátano","Río Plátano Biosphere Reserve","Nationalpark in Honduras","biosphere reserve in Honduras","15.25000","-84.73000","","HN","0"
"world-heritage:1534","world-heritage","Biosphärenreservat Tehuacán-Cuicatlán","Tehuacán-Cuicatlán Biosphere Reserve","mexikanisches Naturreservat","biosphere reserve in Mexico","18.21140","-97.39940","","MX","0"
"world-heritage:555","world-heritage","Birka und Hovgården","Birka and Hovgården","archäologischer Fundkomplex auf zwei Inseln in Schweden, Weltkulturerbestätte","archaeological complex on two islands in Sweden, World Heritage Site","59.33500","17.54250","","SE","0"
"world-heritage:1337","world-heritage","Bischofsviertel der Stadt Albi","Episcopal City of Albi","","human settlement in France","43.92830","2.14250","","FR","0"
"world-heritage:1222","world-heritage","Bisotun","Behistun","Kulturgut im Iran","archaeological site in Bisotun, Iranian national heritage site","34.38822","47.43436","","IR","0"
"world-heritage:1539","world-heritage","Blei-Silber-Zink-Mine von Tarnowskie Góry und ihr unterirdisches Wassermanagementsystem","Tarnowskie Góry Lead-Silver-Zinc Mine and its Underground Water Management System","Welterbestätte in Polen","World Heritage site in Poland","50.44270","18.85123","","PL","0"
"world-heritage:425","world-heritage","Blenheim Palace","","Schloss im Vereinigten Königreich","country house near Woodstock, Oxfordshire, England, UK","51.84136","-1.36095","","GB","0"
"world-heritage:1356","world-heritage","Blue und John Crow Mountains","Blue and John Crow Mountains","Welterbestätte in Jamaika","World Heritage Site within the national park of the same name","18.07750","-76.57111","","JM","0"
"world-heritage:981","world-heritage","Bolgar Historical and Archaeological Complex","","archäologische Stätte in Russland","UNESCO World Heritage Site in Russia","54.97889","49.05639","","RU","0"
"world-heritage:1590","world-heritage","Bom Jesus do Monte","","Wallfahrtsanlage in Braga, Portugal","church building in Braga, Braga District, Portugal","41.55460","-8.37750","","PT","0"
"world-heritage:1808","world-heritage","Boma-Badingilo","Boma-Badingilo Migratory Landscape","","World Heritage Site in South Sudan","6.51380","32.95860","","SS","0"
"world-heritage:592","world-heritage","Borobudur Tempelkomplex","Borobudur Temple Compounds","buddhistische Tempel auf Java","UNESCO World Heritage Site in Central Java, Indonesia","-7.60778","110.20361","","ID","0"
"world-heritage:1483","world-heritage","Botanische Gärten von Singapur","Singapore Botanic Gardens","Welterbestätte in Singapur","botanical garden located in Singapore","1.31510","103.81620","","SG","0"
"world-heritage:824","world-heritage","Botanischer Garten Padua","Padova botanical garden","Garten in Italien","botanical garden in Italy","45.39953","11.88068","","IT","0"
"world-heritage:1087","world-heritage","Bremer Rathaus","Town Hall of Bremen","Bauwerk der Gotik und der Weserrenaissance in Europa","seat of the President of the Senate and Mayor of the Free Hanseatic City of Bremen","53.07590","8.80760","","DE","0"
"world-heritage:659","world-heritage","Brú na Bóinne","","archäologische Stätte in Irland","archaeological site","53.69284","-6.44932","","IE","0"
"world-heritage:59","world-heritage","Bryggen","","historisches Stadtviertel in Bergen (Norwegen)","series of Hanseatic commercial buildings in Bergen, Norway","60.39750","5.32333","","NO","0"
"world-heritage:1133","world-heritage","Buchenurwälder und Alte Buchenwälder der Karpaten und anderer Regionen Europas","Ancient and Primeval Beech Forests of the Carpathians and Other Regions of Europe","UNESCO-Weltnaturerbe","transnational UNESCO world heritage site","49.00000","15.00000","","BA","0"
"world-heritage:400","world-heritage","Budapest mit Donau-Ufern, Burgviertel Buda und Andrássy-Straße","Budapest, including the Banks of the Danube, the Buda Castle Quarter and Andrássy Avenue","UNESCO-Welterbestätte","World Heritage Site in Hungary","47.48242","19.07067","","HU","0"
"world-heritage:140","world-heritage","Buddhist Ruins of Takht-i-Bahi and Neighbouring City Remains at Sahr-i-Bahlol","","","World Heritage Site in Pakistan","34.32083","71.94583","","PK","0"
"world-heritage:660","world-heritage","Buddhistische Heiligtümer von Horyu-ji","Buddhist Monuments in the Hōryū-ji Area","buddhistischer Tempel in Japan","World Heritage Site in Nara Prefecture, Japan","34.61427","135.73424","","JP","0"
"world-heritage:1577","world-heritage","Budj Bim","","Berg in Australien","mountain in Victoria, Australia","-38.06670","141.91700","","AU","0"
"world-heritage:1440","world-heritage","Burchan Chaldun","Burkhan Khaldun","Berg in Mongolei","mountain in the Khentii Province in Mongolia","48.78333","109.16667","","MN","0"
"world-heritage:374","world-heritage","Burgen und Stadtbefestigungen König Edwards I. in Gwynedd","Castles and Town Walls of King Edward in Gwynedd","Welterbestätte im Vereinigten Königreich","World Heritage site in the United Kingdom","53.13972","-4.27694","","GB","0"
"world-heritage:884","world-heritage","Burgen von Bellinzona","Three Castles of Bellinzona","Burgen-Ensemble in Bellinzona im Kanton Tessin, Schweiz","complex of multiple built objects","46.19278","9.02222","","CH","0"
"world-heritage:1452","world-heritage","Bursa und Cumalıkızık: die Wiege des Osmanischen Reichs","Bursa and Cumalıkızık: the Birth of the Ottoman Empire","Welterbestätte in der Türkei","World Heritage site in Turkey","40.18473","29.06234","","TR","0"
"world-heritage:570","world-heritage","Butrint","","UNESCO-Welterbe in Südalbanien, antike Stadt","ancient city of Albania","39.75707","20.01663","","AL","0"
"world-heritage:682","world-heritage","Bwindi Nationalpark","Bwindi Impenetrable National Park","Nationalpark in Uganda","national park in Uganda","-1.05000","29.71667","","UG","0"
"world-heritage:295","world-heritage","Byblos","","Hafenstadt im Libanon","Mediterranean city in the Mount Lebanon Governorate, Lebanon, a main Canaanite-Phoenician city","34.11950","35.64685","","LB","0"
"world-heritage:198","world-heritage","Cahokia Mounds","Cahokia","archäologische Stätte und Hauptzentrum der Mississippi-Kultur","archaeological site near East St. Louis, Illinois, USA","38.65389","-90.06444","","US","0"
"world-heritage:1061","world-heritage","Calakmul","","archäologischer Fundplatz in Mexiko","archaeological site","18.10500","-89.81056","","MX","0"
"world-heritage:1748","world-heritage","Cambodian Memorial Sites: From centres of repression to places of peace and reflection","","","a series of three memorial sites attached to the genocide in cambodia","11.48439","104.90197","","KH","0"
"world-heritage:304","world-heritage","Canadian Rocky Mountain Parks","Canadian Rocky Mountain Parks World Heritage Site","Naturschutzgebiet in Kanada","group of national and provincial parks in Canada","51.42472","-116.47972","","CA","0"
"world-heritage:770","world-heritage","Canal du Midi","","Schifffahrtskanal zwischen Toulouse und dem Mittelmeer","canal in Southern France","43.61111","1.41833","","FR","0"
"world-heritage:721","world-heritage","Carlsbad-Caverns-Nationalpark","Carlsbad Caverns National Park","Nationalpark in New Mexico, USA","United States National Park in the Guadalupe Mountains in southeastern New Mexico","32.17528","-104.44389","","US","0"
"world-heritage:1136","world-heritage","Casa Barragán","Luis Barragán House and Studio","Museum in Mexiko","Mexico City cultural institution","19.41111","-99.19250","","MX","0"
"world-heritage:398","world-heritage","Castel del Monte","","Burg in Apulien, Italien","medieval castle in Andria, Apulia, Italy","41.08475","16.27093","","IT","0"
"world-heritage:841","world-heritage","Castillo de San Pedro de la Roca","","Festung in Kuba","fortress in Santiago de Cuba","19.96871","-75.87030","","CU","0"
"world-heritage:1405","world-heritage","Çatalhöyük","","ausgegrabene Siedlung aus der Jungsteinzeit","archaeological site in Konya Province, Turkey","37.66750","32.82833","","TR","0"
"world-heritage:1153","world-heritage","Causse und Cevennen","The Causses and the Cévennes, Mediterranean agro-pastoral Cultural Landscape","Weltkulturerbe im französischen Zentralmassiv","UNESCO World Heritage Site in France","44.22030","3.47310","","FR","0"
"world-heritage:1747","world-heritage","Cavernas do Peruaçu Environmental Protection Area","","Schutzgebiet in Minas Gerais, Brazilien","protected area in Minas Gerais, Brazil","-14.90000","-44.05000","","BR","0"
"world-heritage:1714","world-heritage","Central Axis of Beijing","","","street in People's Republic of China","39.89964","116.39161","","CN","0"
"world-heritage:1035","world-heritage","Cerrado-Schutzgebiete: Nationalparks Chapada dos Veadeiros und Emas","Cerrado Protected Areas: Chapada dos Veadeiros and Emas National Parks","UNESCO Welterbe in Brasilien","UNESCO world heritage in Brasil","-18.11579","-52.90600","","BR","0"
"world-heritage:353","world-heritage","Chaco-Kultur-Welterbestätte","Chaco Culture World Heritage Site","Welterbestätte in den Vereinigten Staaten","serial World Heritage Site in New Mexico, USA","36.06378","-107.97083","","US","0"
"world-heritage:1434","world-heritage","Chaîne des Puys - Tektonikarena der Limagne-Verwerfung","Chaîne des Puys - Limagne fault tectonic arena","Welterbestätte in Frankreich","World Heritage site in France","45.77939","2.96511","","FR","0"
"world-heritage:1101","world-heritage","Champaner-Pavagadh","Champaner-Pavagadh Archaeological Park","archäologische Stätte in Indien","UNESCO World Heritage Site located in Panchmahal district in Gujarat, India, around the historical city of Champaner, a city which was built by Sultan Mahmud Begada of Gujarat","22.48333","73.53333","","IN","0"
"world-heritage:366","world-heritage","Chan Chan","","Ruinen der Hauptstadt des präkolumbischen Chimú-Reiches","Archaeological site in Peru","-8.11056","-79.07500","","PE","0"
"world-heritage:816","world-heritage","Changdeokgung","","koreanischer Königspalast aus der Joseon-Dynastie","palace in Seoul, South Korea","37.57944","126.99167","","KR","0"
"world-heritage:1426","world-heritage","Chauvet-Höhle","Chauvet Cave","archäologische Stätte in Frankreich","","44.38812","4.41614","","FR","0"
"world-heritage:330","world-heritage","Chavín de Huántar","Chavin de Huantar","archäologische Stätte in Peru","archaeological site in Peru","-9.59277","-77.17845","","PE","0"
"world-heritage:945","world-heritage","Chhatrapati Shivaji Maharaj Terminus","","Bahnhof in Mumbai, Indien","railway station and UNESCO World Heritage Site in Mumbai","18.93980","72.83550","","IN","0"
"world-heritage:483","world-heritage","Chichén Itzá","Chichen Itza","Ruinenstätte der Maya auf der Halbinsel Yucatán","pre-Columbian Maya city in Mexico","20.68306","-88.56861","","MX","0"
"world-heritage:1280","world-heritage","Chief Roi Mata’s Domain","","","world heritage site","-17.69364","168.23399","","VU","0"
"world-heritage:1335","world-heritage","China Danxia","","","collective name of six areas of Danxia landform inscribed on the World Heritage Site","28.42190","106.04300","","CN","0"
"world-heritage:848","world-heritage","Chirokitia","Khirokitia","archäologische Ausgrabungsstätte auf der Mittelmeerinsel Zypern","archaeological site in Cyprus","34.79673","33.34372","","CY","0"
"world-heritage:284","world-heritage","Chitwan-Nationalpark","Chitwan National Park","Nationalpark in Nepal","national park of Nepal","27.50000","84.33333","","NP","0"
"world-heritage:476","world-heritage","Chongoni","Chongoni Rock Art Area","archäologischer Fundplatz in Malawi","rock art in the Central Region of Malawi","-14.29333","34.27917","","MW","0"
"world-heritage:634","world-heritage","Christi-Himmelfahrts-Kirche","Church of the Ascension, Kolomenskoye","Kirche in Kolomenskoje, Moskau","national heritage site","55.66722","37.67083","","RU","0"
"world-heritage:1310","world-heritage","Cidade Velha","","Ort in Kap Verde","oldest settlement in Cape Verde, and former capital of the territory","14.91667","-23.60417","","CV","0"
"world-heritage:1070","world-heritage","Citadel, Ancient City and Fortress Buildings of Derbent","","","World Heritage site in Russia","42.05297","48.29719","","RU","0"
"world-heritage:345","world-heritage","Cité von Carcassonne","Cité de Carcassonne","mittelalterliche Festungsstadt von Carcassonne, Region Languedoc-Roussillon, Frankreich","medieval citadel","43.20644","2.36379","","FR","0"
"world-heritage:614","world-heritage","City of Safranbolu","","","World Heritage site in Turkey","41.26000","32.68972","","TR","0"
"world-heritage:1425","world-heritage","Climats, Weinbaugebiete des Burgund","Climats, terroirs of Burgundy","Welterbestätte in Frankreich","UNESCO World Heritage Site in France","47.05806","4.86444","","FR","0"
"world-heritage:265","world-heritage","Convento de Cristo","Convent of Christ","Kloster in Portugal","cultural heritage monument in Tomar, Portugal","39.60364","-8.41926","","PT","0"
"world-heritage:129","world-heritage","Copán","","","maya archaeological site in western Honduras","14.83796","-89.14244","","HN","0"
"world-heritage:658","world-heritage","Coro and its Port","","","World Heritage site in Venezuela","11.40000","-69.68330","","VE","0"
"world-heritage:1229","world-heritage","Crac des Chevaliers and Qal’at Salah El-Din","","","","34.78167","36.26306","","SY","0"
"world-heritage:730","world-heritage","Crespi d’Adda","Crespi d'Adda","","frazione of Italy","45.59667","9.53611","","IT","0"
"world-heritage:936","world-heritage","Cueva de las Manos","","Höhle im Südwesten Argentiniens, bekannt für ihre Höhlenmalereien","cave with cave paintings in Santa Cruz, Argentina","-47.15000","-70.66667","","AR","0"
"world-heritage:1718","world-heritage","Dakischer Limes","Limes Dacicus","","Roman limes of Dacia (modern Romania)","47.18079","23.15941","","RO","0"
"world-heritage:561","world-heritage","Dambulla-Höhlentempel","Dambulla cave temple","buddhistischer Tempel in Sri Lanka","UNESCO World Heritage Site in Matale District, Sri Lanka","7.85656","80.64834","","LK","0"
"world-heritage:1321","world-heritage","Das architektonische Werk von Le Corbusier","The Architectural Work of Le Corbusier","","serial World Heritage Site in seven countries around the world","46.46841","6.82934","","IN","0"
"world-heritage:729","world-heritage","Das Bauhaus und seine Stätten in Weimar, Dessau und Bernau","Bauhaus and its Sites in Weimar, Dessau and Bernau","Welterbestätte in Deutschland","Joint World Heritage Site, comprising six separate sites associated with Bauhaus art school, designated in 1996, extended 2017","50.97477","11.32949","","DE","0"
"world-heritage:942","world-heritage","Das historische Zentrum (Chorá) der Insel Patmos mit dem Kloster des Hl. Johannes und der Höhle der Apokalypse","The Historic Centre (Chorá) with the Monastery of Saint-John the Theologian and the Cave of the Apocalypse on the Island of Pátmos","Gebäude-Ensemble in Griechenland","World Heritage site in Greece","37.30000","26.55000","","GR","0"
"world-heritage:91","world-heritage","Das historische Zentrum Roms mit den Stätten des Heiligen Stuhls in der Stadt sowie Sankt Paul vor den Mauern","Historic Centre of Rome, the Properties of the Holy See in that City Enjoying Extraterritorial Rights and San Paolo Fuori le Mura","Welterbestätte in Italien und im Vatikan","World Heritage Site in Italy","41.89280","12.48660","","VA","0"
"world-heritage:789","world-heritage","Das historische Zentrum von Pienza","Historic Centre of the City of Pienza","","human settlement in Pienza, Province of Siena, Tuscany, Italy","43.07660","11.67900","","IT","0"
"world-heritage:828","world-heritage","Das historische Zentrum von Urbino","Historic Centre of Urbino","","human settlement in Urbino, Pesaro and Urbino Province, Marche, Italy","43.72500","12.63333","","IT","0"
"world-heritage:1661","world-heritage","Das modernistische Kaunas: Architektur des Optimismus, 1919–1939","Modernist Kaunas: Architecture of Optimism, 1919-1939","Welterbestätte in Litauen","World Heritage site in Lithuania","54.89694","23.92917","","LT","0"
"world-heritage:1643","world-heritage","Das Werk von Jože Plečnik in Ljubljana – am Menschen orientierte Stadtgestaltung","The works of Jože Plečnik in Ljubljana – Human Centred Urban Design","Slowenische UNESCO-Welterbe-Stätte","World Heritage site in Slovenia","46.04333","14.50222","","SI","0"
"world-heritage:1505","world-heritage","Dascht-e Lut","Dasht-e Lut","iranische Wüste","","30.26389","59.24111","","IR","0"
"world-heritage:1448","world-heritage","Daurische Landschaften","Landscapes of Dauria","Welterbestätte in der Mongolei und Russland","World Heritage site in Mongolia and Russia","49.93022","115.42544","","MN","0"
"world-heritage:530","world-heritage","Delos","","Insel im Ägäischen Meer","island in Greece with famous Apollo sanctuary","37.38948","25.26904","","GR","0"
"world-heritage:393","world-heritage","Delphi","archaeological Site of Delphi","archäologische Stätte auf dem Gebiet der antiken Stadt Delphi","archaeological site on the area of the ancient city of Delphi","38.48201","22.50022","","GR","0"
"world-heritage:792","world-heritage","Denkmalensemble von Querétaro","Historic Monuments Zone of Querétaro","","old town in Mexico","20.58333","-100.36667","","MX","0"
"world-heritage:312","world-heritage","Denkmäler von Oviedo und des Königreiches Asturien","Monuments of Oviedo and the Kingdom of the Asturias","Welterbestätte in Spanien","","43.37889","-5.86583","","ES","0"
"world-heritage:1713","world-heritage","Der Königshof von Tiébélé","Royal Court of Tiébélé","Gehöft des Königs in Tiebele, Burkina Faso; seit 2024 Weltkulturerbe","World Heritage Site in Burkina Faso","11.08972","-0.96156","","BF","0"
"world-heritage:534","world-heritage","Dessau-Wörlitzer Gartenreich","Dessau-Wörlitz Garden Realm","Kulturlandschaft in Sachsen-Anhalt","cultural landscape","51.86360","12.28140","","DE","0"
"world-heritage:1645","world-heritage","Dholavira","","archäologische Ausgrabungsstätte in Indien","archaeological site in Kutch, Gujarat in western India","23.88611","70.21667","","IN","0"
"world-heritage:1496","world-heritage","Die Architektur des 20. Jahrhunderts von Frank Lloyd Wright","The 20th-Century Architecture of Frank Lloyd Wright","Welterbestätte in den USA","World Heritage site in the United States","39.90557","-79.46648","","US","0"
"world-heritage:1723","world-heritage","Die Entstehung des modernen Menschen: Die pleistozänen Besiedlungsstätten Südafrikas","The Emergence of Modern Humans: The Pleistocene occupation sites of South Africa","Welterbestätte in Südafrika","World Heritage Site in South Africa","-32.38639","18.45250","","ZA","0"
"world-heritage:1571","world-heritage","Die Hügel des Prosecco zwischen Conegliano und Valdobbiadene","Le Colline del Prosecco di Conegliano e Valdobbiadene","Welterbestätte in Italien","World Heritage site in Italy","45.95300","12.22610","","IT","0"
"world-heritage:1574","world-heritage","Die Inseln Amami-Oshima, Tokunoshima, Iriomote und nördlicher Teil der Insel Okinawa","Amami-Ōshima Island, Tokunoshima Island, northern part of Okinawa Island, and Iriomote Island","Welterbestätte in Japan","World Heritage site in Japan","28.27917","129.37833","","JP","0"
"world-heritage:1671","world-heritage","Die kosmologische Achse von Yogyakarta und ihre historischen Landmarken","The Cosmological Axis of Yogyakarta and its Historic Landmarks","Welterbestätte in Indonesien","world heritage site","-7.80139","110.36478","","ID","0"
"world-heritage:1318","world-heritage","Die Langobarden in Italien, Orte der Macht (568 bis 774 n. Chr.)","Longobards in Italy, Places of Power","","world heritage site in Italy","46.09417","13.43306","","IT","0"
"world-heritage:1768","world-heritage","Die Medinas der historischen Sultanate der Komoren","The Medinas of the Historic Sultanates of the Comoros","","World Heritage Site in Comoros","-12.26091","44.53176","","KM","0"
"world-heritage:1668","world-heritage","Die persische Karawanserei","Persian Caravanserai","Welterbestätte im Iran","UNESCO World Heritage Site in Iran","35.05835","51.42014","","IR","0"
"world-heritage:1506","world-heritage","Die persischen Qanate","Persian Qanat","Welterbestätte im Iran","UNESCO World Heritage Site in Iran","34.29000","58.65444","","IR","0"
"world-heritage:733","world-heritage","Die Renaissance-Altstadt von Ferrara sowie das Po-Delta","Ferrara, City of the Renaissance, and its Po Delta","","UNESCO World Heritage site","44.83778","11.61944","","IT","0"
"world-heritage:1750","world-heritage","Die Roças von São Tomé und Príncipe: Koloniales Agrarsystem und Zwangsmigration","The Roças of Sao Tome and Principe: Colonial Agricultural System and Forced Migration","","World Heritage in Sao Tome and Principe","0.14022","6.64622","","ST","0"
"world-heritage:670","world-heritage","Die Sassi und der Park der Felskirchen von Matera","The Sassi and the Park of the Rupestrian Churches of Matera","archäologische Stätte in Italien","World Heritage site in Italy","40.66639","16.61028","","IT","0"
"world-heritage:1030","world-heritage","Die Spinnereien in Derwent Valley","Derwent Valley Mills","UNESCO-Weltkulturerbe in Großbritannien","World Heritage Site, where water-powered cotton-spinning mills were first built in the UK","53.10800","-1.55600","","GB","0"
"world-heritage:1390","world-heritage","Die Weintraubenlandschaften von Piedmont: Langhe-Roero und Monferrato","The Vineyard Landscape of Piedmont: Langhe-Roero and Monferrato","","UNESCO World Heritage Site in the region of Piedmont (Italy)","44.65194","7.99417","","IT","0"
"world-heritage:1719","world-heritage","Die weitere Umgebung des Olymp","The wider area of Mount Olympus","Wetlerbestätte in Griechenland","World Heritage Site in Greece","40.07830","22.34890","","GR","0"
"world-heritage:71","world-heritage","Dinosaur Provincial Park","","Provinzpark in Kanada","provincial park in the province of Alberta, Canada; UNESCO World Heritage site","50.76170","-111.48500","","CA","0"
"world-heritage:358","world-heritage","Divriği-Moschee","Divriği Great Mosque and Hospital","Moschee in der Türkei","mosque in Turkey","39.37122","38.12158","","TR","0"
"world-heritage:1745","world-heritage","Diy-Gid-Biy","","archäologische Stätte in Kamerun","monument of Cameroon","10.91667","13.83333","","CM","0"
"world-heritage:407","world-heritage","Dja-Wildtierreservat","Dja Faunal Reserve","Naturschutzgebiet in Kamerun","reserve in Cameroon","3.01670","12.98330","","CM","0"
"world-heritage:191","world-heritage","Djémila","Djemila","archäologischer Fundplatz in Algerien","archaeological site of ancient Cuicul in Algeria","36.32056","5.73667","","DZ","0"
"world-heritage:1640","world-heritage","Djerba","","tunesische Mittelmeerinsel","island in Tunisia","33.78370","10.88330","","TN","0"
"world-heritage:1501","world-heritage","Dolmenstätten von Antequera World Heritage Site","Antequera Dolmens Site","Weltkulturerbestätte in Spanien","World Heritage Site in Antequera, Spain","37.02333","-4.54806","","ES","0"
"world-heritage:977","world-heritage","Dolmenstätten von Gochang, Hwasun und Ganghwa","Gochang, Hwasun and Ganghwa Dolmen Sites","Megalithgräber in Südkorea","","34.96667","126.92917","","KR","0"
"world-heritage:187","world-heritage","Dom St. Mariae und Michaeliskirche Hildesheim","St Mary's Cathedral and St Michael's Church at Hildesheim","Unesco-Weltkulturerbe in Deutschland","World Heritage site in Germany","52.15278","9.94389","","DE","0"
"world-heritage:695","world-heritage","Dom zu Roskilde","Roskilde Cathedral","Kirchengebäude in Dänemark","cathedral in Denmark (Church of Denmark)","55.64267","12.08031","","DK","0"
"world-heritage:1730","world-heritage","Domus de Janas","domus de janas","Gattung von Felsengräbern auf Sardinien","type of chamber tomb found in Sardinia, Italy","40.08500","8.95100","","IT","0"
"world-heritage:588","world-heritage","Donaudelta","Danube Delta","Flussdelta in Osteuropa","river delta in Eastern Europe located on the territory of Romania and Ukraine","45.20000","29.50000","","RO","0"
"world-heritage:1002","world-heritage","Dörfer Xidi und Hongcun","Ancient Villages in Southern Anhui - Xidi and Hongcun","","","29.90444","117.98750","","CN","0"
"world-heritage:794","world-heritage","Dougga","","archäologische Stätte in Tunesien","archaeological site in Tunisia","36.42333","9.22028","","TN","0"
"world-heritage:1083","world-heritage","Drei Parallelflüsse Yunnans","Three Parallel Rivers National Park","Nationalpark in der Volksrepublik China","national park in China","27.89500","98.40639","","CN","0"
"world-heritage:657","world-heritage","Dreifaltigkeitskloster von Sergijew Possad","Trinity Lavra of St. Sergius","Kloster in Russland","Russian monastery and the spiritual centre of the Russian Orthodox Church","56.31035","38.13065","","RU","0"
"world-heritage:859","world-heritage","Dreifaltigkeitssäule","Holy Trinity Column in Olomouc","Dreifaltigkeitssäule in Olmütz","monument in Olomouc, Czech Republic","49.59402","17.25049","","CZ","0"
"world-heritage:1260","world-heritage","Drinabrücke","Mehmed Paša Sokolović Bridge","osmanische Brücke in Bosnien und Herzegowina","bridge in Bosnia and Herzegovina","43.78248","19.28794","","BA","0"
"world-heritage:370","world-heritage","Durham Castle and Cathedral","","","World Heritage site in Durham, County Durham, England, UK","54.77472","-1.57611","","GB","0"
"world-heritage:854","world-heritage","East Rennell","","Insel auf den Salomonen","southern portion of Rennell Island in the Solomon Islands","-11.68333","160.33333","","SB","0"
"world-heritage:1587","world-heritage","Ebene der Steinkrüge","Plain of Jars","archäologische Stätten in Laos","megalithic archaeological landscape in Laos, consisting of thousands of stone jars scattered around the upland valleys and the lower foothills of the central plain of the Xiangkhoang Plateau","19.43111","103.15250","","LA","0"
"world-heritage:1240","world-heritage","Ebene von Stari Grad","Stari Grad Plain","","agricultural landscape","43.18167","16.63861","","HR","0"
"world-heritage:1683","world-heritage","Eise Eisinga Planetarium","","Museum in den Niederlanden","museum in Franeker","53.18738","5.54375","","NL","0"
"world-heritage:1716","world-heritage","Ekbatana","Ecbatana","archäologische Stätte im Iran","ancient city that was the capital of the Median empire","34.80650","48.51625","","IR","0"
"world-heritage:1351","world-heritage","El Camino Real de Tierra Adentro","","Straße in Mexiko","northernmost of Mexico City‘s four ""royal roads""","22.60806","-102.37917","","MX","0"
"world-heritage:1410","world-heritage","El Pinacate y Gran Desierto de Altar","El Pinacate y Gran Desierto de Altar Biosphere Reserve","Biosphärenreservat in Mexiko","biosphere reserve in Mexico","32.00000","-113.91667","","MX","0"
"world-heritage:631","world-heritage","El Tajín","Tajín Veracruz","archäologischer Fundplatz in Mexiko","archaeological site in Mexico","20.44806","-97.37824","","MX","0"
"world-heritage:244","world-heritage","Elephanta-Höhlen","Elephanta Caves","Höhlen auf der Insel Elephanta, Bundesstaat Maharashtra, Indien","Shiva cave temples and UNESCO world heritage site on a Mumbai harbor island","18.96333","72.93139","","IN","0"
"world-heritage:243","world-heritage","Ellora","Ellora Caves","Komplex aus Höhlentempeln in Indien","ancient cave temples of Hinduism, Buddhism and Jainism in Maharashtra, India","20.02639","75.17917","","IN","0"
"world-heritage:1475","world-heritage","Ennedi-Massiv","Ennedi Plateau","Gebirgszug im Tschad","mountain range in Chad, Africa","17.00000","23.00000","","TD","0"
"world-heritage:1493","world-heritage","Ensemble der Moderne in Pampulha","Pampulha Modern Ensemble","Welterbestätte in Brasilien","UNESCO World Heritage Site in Minas Gerais, Brazil","-19.85194","-43.97361","","BR","0"
"world-heritage:1018","world-heritage","Ephesos","Ephesus","Welterbestätte in der Türkei","World Heritage site in Turkey","37.92917","27.35944","","TR","0"
"world-heritage:1681","world-heritage","ESMA-Museum und Ort der Erinnerung – ehemaliges geheimes Zentrum für Inhaftierung, Folter und Vernichtung","ESMA Museum and Site of Memory – Former Clandestine Center of Detention, Torture and Extermination","Museum in Argentinien","museum in Argentina","-34.53663","-58.46547","","AR","0"
"world-heritage:1158","world-heritage","Etruskische Nekropolen von Cerveteri und Tarquinia","Etruscan Necropolises of Cerveteri and Tarquinia","UNESCO-Welterbestätte in Italien","World Heritage site in Italy","42.00683","12.10189","","IT","0"
"world-heritage:809","world-heritage","Euphrasius-Basilika","Euphrasian Basilica","Kirchengebäude in Poreč, frühchristliche Basilka","","45.22861","13.59361","","HR","0"
"world-heritage:1692","world-heritage","Evaporitischer Karst und Höhlen im Nordappenin","Evaporitic Karst and Caves of Northern Apennines","","World Heritage site in Italy","44.37994","10.38892","","IT","0"
"world-heritage:76","world-heritage","Everglades-Nationalpark","Everglades National Park","Nationalpark in den Vereinigten Staaten","one-and-a-half million acres in Florida (US) managed by the National Park Service","25.31250","-80.68750","","US","0"
"world-heritage:1368","world-heritage","Fagus-Werk","Fagus Factory","Fabrikanlage bei Alfeld in Niedersachsen, UNESCO-Weltkulturerbe","factory in Alfeld, Germany","51.98370","9.81256","","DE","0"
"world-heritage:1207","world-heritage","Faladsch","Aflaj Irrigation System of Oman","Bewässerungssystem in Oman","irrigation system in Oman","22.99889","57.53606","","OM","0"
"world-heritage:1559","world-heritage","Fanjingshan","","chinesisches Biosphärenreservat","Biosphere Reserve","27.88333","108.76667","","CN","0"
"world-heritage:19","world-heritage","Fasil Ghebbi","","Festungsstadt in Äthiopien","","12.60806","37.46972","","ET","0"
"world-heritage:255","world-heritage","Fatehpur Sikri","","Stadt in Uttar Pradesh, Indien","town in Agra District, Uttar Pradesh, India","27.09111","77.66111","","IN","0"
"world-heritage:1654","world-heritage","Felsbilder am Onegasee und am Weißen Meer","Petroglyphs of Lake Onega and the White Sea","Welterbestätte in Russland","World Heritage site in Russia","61.72990","36.01264","","RU","0"
"world-heritage:1472","world-heritage","Felsbildkunst in der Region Ha´il","Rock Art in the Hail Region of Saudi Arabia","Welterbestätte in Saudi-Arabien","World Heritage site in Saudi Arabia","28.00000","40.90000","","SA","0"
"world-heritage:352","world-heritage","Felsbildkunst von Alta","Rock carvings at Alta","Welterbestätte in Norwegen","cave paintings located in and around the municipality of Alta in the county of Finnmark in northern Norway","69.94694","23.18778","","NO","0"
"world-heritage:516","world-heritage","Felsen von Bandiagara","Bandiagara Escarpment","","Escarpment in Dogon country of Mali","14.41667","-3.31667","","ML","0"
"world-heritage:18","world-heritage","Felsenkirchen von Lalibela","Monolithic churches in Lalibela","elf Kirchen in Äthiopien, UNESCO-Welterbe","Churches made from a single block of stone in Ethiopia","12.02935","39.04042","","ET","0"
"world-heritage:1183","world-heritage","Felsenmalereien von Kondoa","Kondoa Rock Art Sites","archäologischer Fundplatz in Tansania","cave in Tanzania","-4.72444","35.83389","","TZ","0"
"world-heritage:45","world-heritage","Felskirchen von Iwanowo","Rock-hewn Churches of Ivanovo","Gruppe von Kirchengebäuden in Bulgarien","UNESCO World Heritage Site in Ruse Province, Bulgaria","43.69556","25.98806","","BG","0"
"world-heritage:874","world-heritage","Felsmalereien in der spanischen Levante","Rock Art of the Mediterranean Basin on the Iberian Peninsula","Malereien aus der Jungsteinzeit und Weltkulturerbe in Spanien","World Heritage Site in Spain","39.79000","-1.03333","","ES","0"
"world-heritage:94","world-heritage","Felsritzungen des Valcamonica","rock drawings in Valcamonica","archäologische Stätte in Italien","collection of prehistoric petroglyphs in Brescia, Italy","46.02389","10.35000","","IT","0"
"world-heritage:557","world-heritage","Felsritzungen von Tanum","Rock Carvings in Tanum","Felsbild in Tanum, Schweden","archaeological site in Sweden","58.69995","11.33641","","SE","0"
"world-heritage:912","world-heritage","Felsskulpturen von Dazu","Dazu Rock Carvings","archäologische Stätte in der Volksrepublik China","archaeological site","29.71333","105.70694","","CN","0"
"world-heritage:714","world-heritage","Felszeichnungen in der Sierra de San Francisco","Rock Paintings of Sierra de San Francisco","mexikanische Kulturerbe derUNESCO","prehistoric rock art pictographs in Mexico","27.65556","-112.91611","","MX","0"
"world-heritage:433","world-heritage","Festung Hisn Tamah","Bahla Fort","UNESCO-Welterbe in Bahla, Oman","medieval Islamic fort in Oman","22.96440","57.30070","","OM","0"
"world-heritage:817","world-heritage","Festung Hwaseong","Hwaseong Fortress","koreanische Festungsanlage","","37.28073","127.01020","","KR","0"
"world-heritage:1439","world-heritage","Festung Namhansanseong","Namhansanseong","koreanische Bergfestung","fortress in Korea","37.47803","127.18419","","KR","0"
"world-heritage:1274","world-heritage","Festung San Miguel de Allende und Wallfahrtskirche Jesús de Nazareno in Atotonilco","Protective town of San Miguel and the Sanctuary of Jesús Nazareno de Atotonilco","","UNESCO world heritage inscription","20.91444","-100.74639","","MX","0"
"world-heritage:171","world-heritage","Festung und Shalimar-Gärten in Lahore","Fort and Shalamar Gardens in Lahore","UNESCO-Welterbestätte in Pakistan","UNESCO World Heritage Site in Pakistan","31.59028","74.30972","","PK","0"
"world-heritage:34","world-heritage","Festungen und Schlösser in der Volta, Greater Accra, Zentral- und Westregion","Forts and Castles, Volta, Greater Accra, Central and Western Regions","UNESCO-Welterbe in Ghana","UNESCO World Heritage site in Ghana","5.10369","-1.24100","","GH","0"
"world-heritage:906","world-heritage","Festungsanlagen der Daker in den Bergen von Orăștie","Dacian Fortresses of the Orăștie Mountains","","World Heritage site in Romanie","45.62310","23.31190","","RO","0"
"world-heritage:1283","world-heritage","Festungsanlagen von Vauban","Fortifications of Vauban","","World Heritage site in France","50.28250","2.75889","","FR","0"
"world-heritage:1722","world-heritage","Flow Country","","","Tentative World Heritage site in Highland, Scotland, UK","58.37150","-3.65845","","GB","0"
"world-heritage:1734","world-heritage","Forest Research Institute Malaysia Forest Park Selangor","","","Human-made tropical rainforest in Malaysia","3.23333","101.63333","","MY","0"
"world-heritage:1295","world-heritage","Fort Jesus","Fort Jesus Museum","Festung in Mombasa, Kenia","fort in Mombasa, Kenya","-4.07117","39.68206","","KE","0"
"world-heritage:1485","world-heritage","Forth Bridge","","Eisenbahnbrücke über den Firth of Forth, Schottland","railway bridge in eastern Scotland","55.99840","-3.38760","","GB","0"
"world-heritage:135","world-heritage","fortifications on the Caribbean Side of Panama: Portobelo-San Lorenzo","","","World Heritage site in Panama","9.55389","-79.65583","","PA","0"
"world-heritage:1388","world-heritage","Fossilienfundstätte von Chengjiang","Chengjiang Fossil Site","","assemblage of organisms found in the Maotianshan Shales","24.66889","102.97722","","CN","0"
"world-heritage:698","world-heritage","Fossilienlagerstätten Riversleigh und Naracoorte","Australian Fossil Mammal Sites (Riversleigh / Naracoorte)","","World Heritage site in Australia","-19.08333","138.71667","","AU","0"
"world-heritage:372","world-heritage","Fountains Abbey","","Kloster im Vereinigten Königreich","ruined Cistercian abbey in Yorkshire, England, UK","54.10970","-1.58139","","GB","0"
"world-heritage:1079","world-heritage","Franziskanermissionen in der Sierra Gorda","Franciscan Missions in the Sierra Gorda","Weltkulturerbe der UNESCO in Mexiko","UNESCO world heritage in Mexico","21.20389","-99.46389","","MX","0"
"world-heritage:1272","world-heritage","Franziskusplatz","São Francisco Square","Platz in São Cristóvão","plaza in São Cristóvão, Brazil","-11.01361","-37.20556","","BR","0"
"world-heritage:1603","world-heritage","Französische Südgebiete und -meere","French Southern and Antarctic Lands nature reserve","Schutzgebiete und Weltnaturerbestätte","protected area in France","-49.13970","69.58110","","FR","0"
"world-heritage:1397","world-heritage","Freitagsmoschee von Isfahan","Jameh Mosque of Isfahan","Moschee in Isfahan, iranisches Nationalerbe","mosque in Isfahan, Iranian national heritage site and World heritage site","32.66972","51.68528","","IR","0"
"world-heritage:775","world-heritage","Friedensdenkmal in Hiroshima","Hiroshima Peace Memorial","Bauwerk in Japan","architectural structure","34.39556","132.45361","","JP","0"
"world-heritage:1504","world-heritage","Friedhöfe mit Stećci – mittelalterliche Grabsteine","","Welterbestätte in Osteuropa","cemeteries in Southeast Europe","43.09221","17.92405","","RS","0"
"world-heritage:203","world-heritage","From the Great Saltworks of Salins-les-Bains to the Royal Saltworks of Arc-et-Senans, the Production of Open-pan Salt","","","World Heritage site in France","46.93750","5.87639","","FR","0"
"world-heritage:788","world-heritage","Frühchristliche Bauwerke in Ravenna","Early Christian Monuments of Ravenna","","","44.42042","12.19625","","IT","0"
"world-heritage:456","world-heritage","Frühchristliche und byzantinische Bauten in Thessaloniki","Paleochristian and Byzantine monuments of Thessaloniki","Bauwerk in Griechenland","UNESCO World Heritage Site in Macedonia, Greece","40.63860","22.94780","","GR","0"
"world-heritage:853","world-heritage","frühchristlicher Friedhof von Pécs","Early Christian Necropolis of Pécs","Friedhof in Ungarn","cemetery and World Heritage site, Pécs, Hungary","46.07444","18.22778","","HU","0"
"world-heritage:702","world-heritage","Früheste Klöster des 16 Jh. an den Hängen des Popocatepetl","Monasteries on the slopes of Popocatépetl","Welterbestätte in Mexiko","human settlement","18.93472","-98.89778","","MX","0"
"world-heritage:883","world-heritage","Fuerte de Samaipata","El Fuerte de Samaipata","archäologische Stätte in Bolivien","archaeological site","-18.17836","-63.81899","","BO","0"
"world-heritage:1113","world-heritage","Fujian Tulou","Fujian Tulou sites","","Chinese rural dwellings and a world heritage site","24.65870","116.97500","","CN","0"
"world-heritage:1418","world-heritage","Fujisan, sacred place and source of artistic inspiration","","","World Heritage site in Japan","35.36080","138.72750","","JP","0"
"world-heritage:268","world-heritage","Fürstabtei St. Gallen","Abbey of Saint Gall","aufgehobenes Kloster, Stiftsbezirk mit Kathedrale in der Stadt St. Gallen (Schweiz)","abolished monastery and collegiate district with cathedral in the city of St. Gallen, Switzerland","47.42306","9.37722","","CH","0"
"world-heritage:1","world-heritage","Galapagosinseln","Galápagos Islands","UNESCO-Welterbestätte in Ecuador","UNESCO world heritage site in Ecuador","-0.62298","-90.36124","","EC","0"
"world-heritage:1253","world-heritage","Galerius-Palast","Gamzigrad","","Аrchaeological site and UNESCO World Heritage Site in Serbia","43.89931","22.18617","","RS","0"
"world-heritage:860","world-heritage","Gärten und Schloss von Kroměříž (Kremsier)","Gardens and Castle at Kroměříž","","","49.29717","17.38143","","CZ","0"
"world-heritage:1666","world-heritage","Gaya-Tumuli","Gaya Tumuli","archäologische Stätte in Südkorea","World Heritage Site in South Korea","35.23726","128.87373","","KR","0"
"world-heritage:954","world-heritage","Gebiet des Katharinenklosters","Saint Catherine Area","Weltkulturerbestätte in Ägypten","","28.55623","33.97543","","EG","0"
"world-heritage:1433","world-heritage","Geburtskirche","Church of the Nativity","Kirchengebäude in Bethlehem","basilica in Bethlehem","31.70431","35.20758","","PS","0"
"world-heritage:180","world-heritage","Geschichtspark – Zitadelle, Sans Souci, Ramiers","National History Park","UNESCO-Welterbestätte in Haiti","national park in Haiti","19.57361","-72.24389","","HT","0"
"world-heritage:576","world-heritage","Geschichtspark Ayutthaya","Ayutthaya Historical Park","Geschichtspark in Thailand","historical park in Thailand","14.35163","100.55751","","TH","0"
"world-heritage:1662","world-heritage","Geschichtspark Si Thep","Si Thep historical park","Geschichtspark in Thailand","archaeological site in Thailand","15.46659","101.15009","","TH","0"
"world-heritage:1591","world-heritage","Getbol, die koreanischen Wattflächen","Getbol, Korean Tidal Flats","Welterbestätte in Südkorea","World Heritage site in South Korea","34.82882","126.10444","","KR","0"
"world-heritage:369","world-heritage","Giant’s Causeway","Giant's Causeway","Felsformation aus etwa 40.000 Basaltsäulen an der nördlichen Küste des Countys Antrim","rock formation on the Antrim coast of Northern Ireland","55.24083","-6.51167","","GB","0"
"world-heritage:1317","world-heritage","Gipfel, Talkessel und Hänge der Insel La Réunion","Pitons, cirques and remparts of Reunion Island","","","-21.09940","55.48000","","FR","0"
"world-heritage:1179","world-heritage","Glarner Hauptüberschiebung","Glarus thrust","prominente Hauptstörung der Alpen","","46.91667","9.25000","","CH","0"
"world-heritage:1572","world-heritage","Göbekli Tepe","","steinzeitlicher Fundort in Anatolien in der Türkei","neolithic archaeological site in Turkey","37.22306","38.92250","","TR","0"
"world-heritage:1746","world-heritage","Gola-Tiwai-Komplex","Gola-Tiwai complex","","World Heritage site in Sierra Leone","7.36667","-11.20000","","SL","0"
"world-heritage:1698","world-heritage","Goldbergwerke der Insel Sado","Sado Island Gold Mines","","","38.04083","138.25778","","JP","0"
"world-heritage:768","world-heritage","Goldene Berge von Altai","Golden Mountains of Altai","Weltkulturerbe in Zentralsibirien, Russland","UNESCO World Heritage Site in Russia","50.46667","86.00000","","RU","0"
"world-heritage:1422","world-heritage","Golestanpalast","Golestan Palace","","palace in Tehran, Iranian national heritage site","35.67972","51.42028","","IR","0"
"world-heritage:258","world-heritage","Golf von Porto: Calanche von Piana, Golf von Girolata und Scandola-Reservat","Gulf of Porto: Calanche of Piana, Gulf of Girolata, Scandola Reserve","vier Gebiete im Westen der zu Frankreich gehörenden Insel Korsika, die zusammen zum UNESCO-Welterbe gehören","World Heritage site in France","42.32519","8.62883","","FR","0"
"world-heritage:1398","world-heritage","Gonbad-e Qabus","","","mausoleum tower in Gonbad-e Kavus, Iranian national heritage site","37.25812","55.16899","","IR","0"
"world-heritage:368","world-heritage","Gondwana-Regenwälder Australiens","Gondwana Rainforests of Australia","Nationalpark in Australien","area of subtropical rainforest in Australia","-29.60000","149.60000","","AU","0"
"world-heritage:1669","world-heritage","Gordion","","Hauptstadt des Phrygerreichs","capital city of ancient Phrygia","39.65010","31.97857","","TR","0"
"world-heritage:26","world-heritage","Gorée","","Insel in Senegal und UNESCO-Weltkulturerbe","one of the 19 communes d'arrondissement (i.e. districts) of the city of Dakar, Senegal; World Heritage Site","14.66694","-17.39833","","SN","0"
"world-heritage:357","world-heritage","Göreme National Park and the Rock Sites of Cappadocia","","","World Heritage site in Turkey","38.66667","34.85000","","TR","0"
"world-heritage:1022","world-heritage","Gräber der Buganda-Könige in Kasubi","Kasubi Tombs","Grabstätte der Könige von Buganda","Grass thatched round house containing the tombs and insignia of Mutesa I, and three northern subsequent rulers of Buganda","0.32917","32.55333","","UG","0"
"world-heritage:1542","world-heritage","Grabhügel von Dilmun","Dilmun Burial Mounds","archäologische Stätten in Bahrain","archaeological sites in Bahrain","26.14972","50.51278","","BH","0"
"world-heritage:1139","world-heritage","Grabmal von Askia","Tomb of Askia","","tomb in Gao, Mali","16.28972","-0.04444","","ML","0"
"world-heritage:1345","world-heritage","Grabmal von Scheich Safī ad-Dīn","Sheikh Safi al-Din Khānegāh and Shrine Ensemble","Mausoleum in Ardabil in Iran","mausoleum in Ardabil, Iranian national heritage site","38.24861","48.29139","","IR","0"
"world-heritage:579","world-heritage","Grabstätten aus der Bronzezeit von Sammallahdenmäki","Sammallahdenmäki","Friedhof in Finnland","Bronze Age archaeological site in Rauma, Finland","61.11767","21.77517","","FI","0"
"world-heritage:75","world-heritage","Grand-Canyon-Nationalpark","Grand Canyon National Park","Nationalpark in den Vereinigten Staaten","national park in Coconino and Mohave counties in Arizona, United States","36.05530","-112.12200","","US","0"
"world-heritage:857","world-heritage","Grand-Place","","Hauptplatz in Brüssel","main square in Brussels, Belgium","50.84671","4.35254","","BE","0"
"world-heritage:1404","world-heritage","Grand-Pré","","Siedlung in Kanada","cultural landscape","45.10889","-64.30917","","CA","0"
"world-heritage:154","world-heritage","Great Barrier Reef","","über 2300 Kilometer langes Korallenriff vor der australischen Nordostküste, UNESCO-Weltnaturerbe","over 2300 km long coral reef off Australia's northeast coast, UNESCO World Heritage Site","-16.40000","145.80000","","AU","0"
"world-heritage:259","world-heritage","Great-Smoky-Mountains-Nationalpark","Great Smoky Mountains National Park","Nationalpark in den Vereinigten Staaten","U.S. national park in Tennessee and North Carolina","35.61111","-83.42500","","US","0"
"world-heritage:917","world-heritage","Greater Blue Mountains","Greater Blue Mountains Area","","World Heritage site in Australia","-33.70000","150.00000","","AU","0"
"world-heritage:1367","world-heritage","Grenz- und Garnisonsstadt Elvas mit ihren Befestigungen","Garrison Border Town of Elvas and its Fortifications","UNESCO Weltkulturerbe in Portugal","World Heritage site in Portugal","38.88056","-7.16333","","PT","0"
"world-heritage:430","world-heritage","Grenzen des Römischen Reiches","borders of the Roman Empire","Weltkulturerbe in Deutschland und Großbritannien","world heritage site (limes in Germany and UK)","54.99261","-2.60100","","DE","0"
"world-heritage:1608","world-heritage","Grenzen des Römischen Reichs – Donaulimes (westliches Segment)","Frontiers of the Roman Empire – The Danube Limes (Western Segment)","Welterbestätte in Deutschland, Österreich und der Slowakei","World Heritage site in Germany, Austria and Slovakia","48.11500","16.86100","","SK","0"
"world-heritage:419","world-heritage","Gros-Morne-Nationalpark","Gros Morne National Park","Nationalpark an der Westküste Neufundlands","National Park on the west coast of Newfoundland","49.68944","-57.73806","","CA","0"
"world-heritage:364","world-heritage","Groß-Simbabwe","Great Zimbabwe","archäologischer Fundplatz in Simbabwe","ruined city in the south-eastern hills of Zimbabwe near Lake Mutirikwe and the town of Masvingo, was once the capital of the Kingdom of Zimbabwe during the country's Late Iron Age","-20.27000","30.93300","","ZW","0"
"world-heritage:438","world-heritage","Große Mauer","The Great Wall","Welterbestätte in China","World Heritage site in China","40.41670","116.08330","","CN","0"
"world-heritage:250","world-heritage","Große Tempel der Chola-Dynastie","Great Living Chola Temples","Tempel in Indien","10th to 12th centuries shaivism Hindu temples, UNESCO World Heritage sites situated in India","10.78306","79.13250","","IN","0"
"world-heritage:1406","world-heritage","Großer Himalaya-Nationalpark","Great Himalayan National Park","Nationalpark in Himachal Pradesh, Indien","national park in India","31.80429","77.95102","","IN","0"
"world-heritage:720","world-heritage","Grube Messel","Messel pit","paläontologische Fossilfundstätte bei Darmstadt","disused quarry near the village of Messel, paleontological site","49.91750","8.75667","","DE","0"
"world-heritage:1541","world-heritage","Gulangyu","","Insel in der Volksrepublik China","island of China","24.44750","118.06194","","CN","0"
"world-heritage:737","world-heritage","Haeinsa Temple Janggyeong Panjeon, the Depositories for the Tripitaka Koreana Woodblocks","","buddhistischer Tempel in Südkorea","World Heritage Site","35.80000","128.10000","","KR","0"
"world-heritage:285","world-heritage","Hafen, Festungen und Monumente von Cartagena","Port, Fortresses and Group of Monuments, Cartagena","UNESCO-Welterbe in Cartagena, Kolumbien","UNESCO World Heritage site in the historic center of Cartagena de Indias, Colombia","10.41667","-75.53333","","CO","0"
"world-heritage:937","world-heritage","Halbinsel Valdés","Valdes Peninsula","Halbinsel in Argentinien","","-42.50000","-63.93333","","AR","0"
"world-heritage:1282","world-heritage","Hälsingehof","Decorated Farmhouses of Hälsingland","Weltkulturerbe von Holzbauernhäusern in der Provinz Hälsingland","World Heritage site of Decorated Farmhouses of Hälsingland in Sweden","61.70722","16.19583","","SE","0"
"world-heritage:1467","world-heritage","Hamburger Speicherstadt und Kontorhausviertel mit Chilehaus","Speicherstadt and Kontorhaus District with Chilehaus","Welterbestätte in Deutschland","World Heritage Site in Germany","53.54333","9.99194","","DE","0"
"world-heritage:241","world-heritage","Hampi","","historische Stätte im indischen Bundesstaat Karnataka","ancient and medieval monuments, a UNESCO World Heritage Site in Karnataka, India","15.33455","76.46216","","IN","0"
"world-heritage:1111","world-heritage","Hani-Reisterrassen","Honghe Hani Rice Terraces","","terraces in Honghe Prefecture, Yunnan, China","23.11719","102.73770","","CN","0"
"world-heritage:272","world-heritage","Hansestadt Lübeck","Hanseatic City of Lübeck","UNESCO Weltkulturerbe","World Heritage site in Germany","53.86667","10.69167","","DE","0"
"world-heritage:731","world-heritage","Hansestadt Visby","Hanseatic town of Visby","","town of the Hanseatic League in Sweden","57.64167","18.29583","","SE","0"
"world-heritage:1189","world-heritage","Harar Jugol, the Fortified Historic Town","","","","9.30910","42.13720","","ET","0"
"world-heritage:277","world-heritage","Hatra","","archäologische Stätte im Irak","ancient city in northern Iraq","35.58806","42.71833","","IQ","0"
"world-heritage:377","world-heritage","Hattusha: die Hethiter-Hauptstadt","Hattusha: the Hittite Capital","Weltkulturerbe in der Türkei","World Heritage site in Turkey","40.01389","34.62056","","TR","0"
"world-heritage:1135","world-heritage","Hauptstädte und Grabstätten des antiken Königreichs Koguryo","Capital Cities and Tombs of the Ancient Koguryo Kingdom","archäologische Stätte in der Volksrepublik China","UNESCO World Heritage Site in China","41.15694","126.18722","","CN","0"
"world-heritage:409","world-heritage","Hawaiʻi-Volcanoes-Nationalpark","Hawaiʻi Volcanoes National Park","Nationalpark in den Vereinigten Staaten","national park of the United States","19.40083","-155.12361","","US","0"
"world-heritage:158","world-heritage","Head-Smashed-In Buffalo Jump","","historischer Jagdplatz nordamerikanischer Indianer","buffalo jump located at the foothills of the Rocky Mountains in Canada","49.74940","-113.62500","","CA","0"
"world-heritage:577","world-heritage","Heard und McDonaldinseln","Heard Island and McDonald Islands","subantarktisches australisches Außengebiet","Australian external territory and volcanic group of barren Antarctic islands","-53.09353","73.51700","","AU","0"
"world-heritage:1670","world-heritage","Heilige Ensembles der Hoysala","Sacred Ensembles of the Hoysalas","Welterbestätte in Indien","World Heritage Site in India","13.21245","75.99407","","IN","0"
"world-heritage:1535","world-heritage","Heilige Insel Okinoshima und zugehörige Stätten in der Region Munakata","Sacred Island of Okinoshima and Associated Sites in the Munakata Region","Welterbestätte in Japan","World Heritage site in Japan","34.24500","130.10560","","JP","0"
"world-heritage:1231","world-heritage","Heilige Mijikenda Kaya Wälder","Sacred Mijikenda Kaya Forests","Waldgebiete und verlassene Siedlungen des Volks der Mijikenda","forest in Kenya","-3.93194","39.59611","","KE","0"
"world-heritage:1142","world-heritage","Heilige Stätten und Pilgerstraßen in den Kii-Bergen","Sacred Sites and Pilgrimage Routes in the Kii Mountain Range","Gebirge in Japan","UNESCO World Heritage Site in Japan","33.83694","135.77639","","JP","0"
"world-heritage:1118","world-heritage","Heiliger Hain der Göttin Osun","Osun-Osogbo Grove","","Sacred forest along the bank of Osun river in Osogbo","7.75491","4.55063","","NG","0"
"world-heritage:334","world-heritage","Heiligtum Bom Jesus de Matosinhos (Congonhas)","Sanctuary of Bom Jesus de Matosinhos","katholischer Wallfahrtsort in Brasilien","church in Congonhas, Brazil","-20.50778","-43.86069","","BR","0"
"world-heritage:949","world-heritage","Heiligtum von My Son","Mỹ Sơn","Alte Tempelstadt in Vietnam","Vietnamese world heritage site with over 100 Cham Hindu monument ruins","15.76324","108.12445","","VN","0"
"world-heritage:487","world-heritage","Henderson","Henderson Island","zu den Pitcairninseln (GB) gehörende Koralleninsel; UNESCO-Welterbe","atoll in the Pitcairn Islands, British Overseas Territories","-24.37500","-128.32500","","GB","0"
"world-heritage:1312","world-heritage","Herkulesturm","Tower of Hercules","römischer Leuchtturm in Spanien","Ancient lighthouse in Spain","43.38583","-8.40639","","ES","0"
"world-heritage:514","world-heritage","Herz des neolitischen Orkney","Heart of Neolithic Orkney","Ansammlung von Kulturdenkmalen auf Orkney, Großbritannien","World Heritage site in Orkney Islands, Scotland, UK","58.99750","-3.21500","","GB","0"
"world-heritage:485","world-heritage","Hierapolis-Pamukkale","","","World Heritage site in Turkey","37.92389","29.12333","","TR","0"
"world-heritage:263","world-heritage","Hieronymuskloster und Turm von Belém in Lissabon","Monastery of the Hieronymites and Tower of Belém in Lisbon","Welterbestätte in Portugal","World Heritage site in Portugal","38.69194","-9.21583","","PT","0"
"world-heritage:661","world-heritage","Himeji-jō","Himeji Castle","","Japanese castle complex","34.83944","134.69361","","JP","0"
"world-heritage:881","world-heritage","Himmelstempel","Temple of Heaven","Tempel in der Volksrepublik China","imperial complex of religious buildings in Beijing, China","39.88220","116.40660","","CN","0"
"world-heritage:1621","world-heritage","Hirschsteine und zugehörige Stätten der Bronzezeit","Deer Stone Monuments, the Heart of Bronze Age Culture","Welterbestätte in der Mongolei","World Heritage Site in Mongolia","47.74278","101.22583","","MN","0"
"world-heritage:1270","world-heritage","Historic Centre of Camagüey","","","World Heritage site in Cuba","22.14240","-80.45310","","CU","0"
"world-heritage:1202","world-heritage","Historic Centre of Cienfuegos","","","UNESCO World Heritage","22.14556","-80.43639","","CU","0"
"world-heritage:273","world-heritage","Historic centre of Cusco","","","world Heritage Site in Peru","-13.51833","-71.97806","","PE","0"
"world-heritage:604","world-heritage","Historic Monuments of Novgorod and Surroundings","","Siedlung in Russland","World Heritage site in Russia","58.51833","31.28556","","RU","0"
"world-heritage:747","world-heritage","Historic Quarter of the City of Colonia del Sacramento","","","historic district and World Heritage Site in Uruguay","-34.47154","-57.85123","","UY","0"
"world-heritage:1322","world-heritage","Historic town of Grand-Bassam","","","UNESCO World Heritage Site","5.19650","-3.73680","","CI","0"
"world-heritage:1170","world-heritage","historical centre of Yaroslavl","","","historical center of Yaroslavl","57.62361","39.88750","","RU","0"
"world-heritage:708","world-heritage","Historical Monuments of Mtskheta","","","","41.84389","44.71639","","GE","0"
"world-heritage:887","world-heritage","Historische Agrarlandschaft von Kuk","Kuk Swamp","archäologische Stätte in Papua-Neuguinea","archaeological site","-5.78250","144.33000","","PG","0"
"world-heritage:1067","world-heritage","Historische Altstädte Stralsund und Wismar","Historic Centres of Stralsund and Wismar","Welterbe in Deutschland","","54.30250","13.08528","","DE","0"
"world-heritage:356","world-heritage","Historische Bereiche von Istanbul","Historic Areas of Istanbul","Welterbestätte in der Türkei","World Heritage Site in Turkey","41.00847","28.97993","","TR","0"
"world-heritage:1324","world-heritage","Historische Dörfer Hahoe und Yangdong","Historic Villages of Korea: Hahoe and Yangdong","UNESCO-Weltkukturerbestätte in Südkorea","","36.53917","128.51667","","KR","0"
"world-heritage:734","world-heritage","Historische Dörfer von Shirakawa-gō und Gokayama","Historic Villages of Shirakawa-gō and Gokayama","Ort in der Präfektur Gifu, Japan","World Heritage Site in Japan","36.25694","136.90639","","JP","0"
"world-heritage:895","world-heritage","Historische Festungsstadt Campeche","Historic Fortified Town of Campeche","Welterbestätte in Mexiko","human settlement in Mexico","19.84722","-90.54167","","MX","0"
"world-heritage:781","world-heritage","Historische Festungsstadt Cuenca","Historic Walled Town of Cuenca","Weltkulturerbe in Spanien","human settlement in Cuenca, Cuenca Province, Castile-La Mancha, Spain","40.07660","-2.13175","","ES","0"
"world-heritage:1399","world-heritage","Historische Hafenstadt Levuka","Levuka Historical Port Town","","world heritage site in Fiji","-17.68338","178.83453","","FJ","0"
"world-heritage:940","world-heritage","Historische Innenstadt von Paramaribo","Historic Inner City of Paramaribo","UNESCO Welterbe in Suriname","UNESCO World Heritage site","5.82600","-55.15387","","SR","0"
"world-heritage:143","world-heritage","Historische Monumente in Makli, Thatta","Historical Monuments at Makli, Thatta","UNESCO-Welterbestätte in Pakistan","","24.75639","67.89861","","PK","0"
"world-heritage:1278","world-heritage","Historische Monumente und Stätten von Kaesŏng","Historic Monuments and Sites in Kaesong","Welterbestätte in Nordkorea","World Heritage site in North Korea","37.98167","126.50806","","KP","0"
"world-heritage:321","world-heritage","Historische Moscheenstadt Bagerhat","Mosque City of Bagerhat","Welterbestätte in Bangladesch","Historical Mosque City of Bagerhat","22.66097","89.75855","","BD","0"
"world-heritage:566","world-heritage","Historische Stadt Sucre","Historic City of Sucre","UNESCO Welterbe","UNESCO World Heritage site","-19.04799","-65.25959","","BO","0"
"world-heritage:574","world-heritage","Historische Stadt Sukhothai und zugehörige historische Städte","Historic Town of Sukhothai and Associated Historic Towns","Welterbestätte in Thailand","World Heritage Sites in Thailand","17.02111","99.70361","","TH","0"
"world-heritage:379","world-heritage","Historische Stadt Toledo","Historic City of Toledo","Weltkulturerbe in Spanien","World Heritage Site in Toledo, Spain","39.85690","-4.02461","","ES","0"
"world-heritage:1477","world-heritage","Historische Stätten der Baekje","Baekje Historic Areas","Welterbestätte in Südkorea","World Heritage Site in South Korea","36.46194","127.12722","","KR","0"
"world-heritage:1602","world-heritage","Historische Stätten der Eisenverhüttung","Ancient ferrous metallurgy sites of Burkina Faso","Welterbestätte in Burkina Faso","World Heritage site in Burkina Faso","12.58780","-3.32900","","BF","0"
"world-heritage:1313","world-heritage","Historische Stätten der Quecksilbergewinnung: Almadén und Idrija","Heritage of Mercury. Almadén and Idrija","Weltkulturerbe in Spanien und Slowenien","World Heritage Site in Slovenia and Spain","46.00389","14.02667","","SI","0"
"world-heritage:1305","world-heritage","Historische Stätten von Dengfeng „Zentrum von Himmel und Erde“","Historic Monuments of Dengfeng in “The Centre of Heaven and Earth”","","World Heritage Site in China","34.45875","113.06772","","CN","0"
"world-heritage:976","world-heritage","Historische Stätten von Gyeongju","Gyeongju Historic Areas","Welterbestätte in Südkorea","world heritage site in South Korea","35.78889","129.22667","","KR","0"
"world-heritage:1580","world-heritage","Historische Wasserwirtschaft Augsburg","Water Management System of Augsburg","historische Anlagen zur Fließgewässernutzung und zur Trinkwasserversorgung","World Heritage site in Germany","48.36550","10.90200","","DE","0"
"world-heritage:569","world-heritage","Historische Zentren von Berat und Gjirokastra","Historic Centres of Berat and Gjirokastër","albanische Altstädte","World Heritage Site in Albania","40.07417","20.14083","","AL","0"
"world-heritage:97","world-heritage","Historischer Komplex in Split mit dem Palast Diokletians","Historical Complex of Split with the Palace of Diocletian","UNESCO-Welterbestätte in Kroatien","World Heritage site in Croatia","43.50833","16.43889","","HR","0"
"world-heritage:1315","world-heritage","Historisches Hydraulik-System von Shushtar – Brücken, Dämme, Kanäle, Gebäude und Wassermühlen","Shushtar Historical Hydraulic System","","hydraulic complex in Shushtar, Iranian national heritage site and World heritage site","32.05372","48.84869","","IR","0"
"world-heritage:89","world-heritage","Historisches Kairo","Islamic Cairo","Welterbestätte in Ägypten","","30.04600","31.26270","","EG","0"
"world-heritage:688","world-heritage","Historisches Kyōto","Historic Monuments of Ancient Kyoto","","World Heritage Site","35.06028","135.75278","","JP","0"
"world-heritage:959","world-heritage","Historisches Viertel der Hafenstadt Valparaíso","Historic Quarter of the Seaport City of Valparaíso","","UNESCO World Heritage site","-33.04064","-71.62800","","CL","0"
"world-heritage:819","world-heritage","Historisches Viertel von Willemstad, Innenstadt und Hafen, Curaçao","Historic Area of Willemstad, Inner City and Harbour, Curaçao","","World Heritage site in Curaçao","12.10614","-68.93420","","CW","0"
"world-heritage:890","world-heritage","Historisches Zentrum der Stadt Diamantina","Historic Centre of the Town of Diamantina","","human settlement in Brazil","-18.23333","-43.60000","","BR","0"
"world-heritage:784","world-heritage","Historisches Zentrum der Stadt Salzburg","Historic Centre of the City of Salzburg","Stadtkern der Stadt Salzburg, UNESCO-Welterbestätte","old town of Salzburg, Austria, UNESCO World Heritage site","47.79970","13.04860","","AT","0"
"world-heritage:1268","world-heritage","Historisches Zentrum von Agadez","Historic Center of Agadez","Welterbestätte in Agadez in Niger","World Heritage Site in Agadez, Niger","16.97440","7.98960","","NE","0"
"world-heritage:602","world-heritage","Historisches Zentrum von Buxoro","Historic Centre of Bukhara","Welterbestätte in Usbekistan","UNESCO World Heritage site","39.76667","64.43333","","UZ","0"
"world-heritage:617","world-heritage","Historisches Zentrum von Český Krumlov (Böhmisch Krumau)","Historic Centre of Český Krumlov","Altstadt in Tschechien","World Heritage site in the Czech Republic","48.81667","14.31667","","CZ","0"
"world-heritage:313","world-heritage","Historisches Zentrum von Córdoba","historic centre of Córdoba","Weltkulturerbe in Spanien","World Heritage Site in Córdoba, Spain","37.87919","-4.77972","","ES","0"
"world-heritage:361","world-heritage","Historisches Zentrum von Évora","Centro Histórico de Évora","Welterbestätte in Portugal","human settlement in Portugal","38.57306","-7.90778","","PT","0"
"world-heritage:993","world-heritage","Historisches Zentrum von Goias","Historic Centre of the Town of Goiás","UNESCO-Welterbestätte","human settlement in Brazil","-15.93328","-50.13336","","BR","0"
"world-heritage:1031","world-heritage","Historisches Zentrum von Guimarães und die Couros-Zone","Couros Zone","UNESCO Welterbe in Portugal","site in Guimarães, former location of tanneries, part of the Historic Centre of Guimarães and Couros Zone (extension)","41.44000","-8.29300","","PT","0"
"world-heritage:732","world-heritage","Historisches Zentrum von Kutná Hora und Marienkirche von Sedletz","Kutná Hora: Historical Town Centre with the Church of St Barbara and the Cathedral of Our Lady at Sedlec","","World Heritage site","49.95000","15.26667","","CZ","0"
"world-heritage:865","world-heritage","Historisches Zentrum von Lwiw (Lemberg)","Old Town of Lviv","","historic centre of the western Ukrainian city of Lviv","49.84167","24.03194","","UA","0"
"world-heritage:412","world-heritage","Historisches Zentrum von Mexiko-Stadt und Xochimilco","Historic Centre of Mexico City and Xochimilco","UNESCO Welterbestätten, Kulturerbe in Mexiko","UNESCO World Heritage site","19.41833","-99.13278","","MX","0"
"world-heritage:1703","world-heritage","Historisches Zentrum von Odessa","historical city centre of Odesa","Welterbestätte in der Ukraine","World Heritage site in Ukraine","46.48500","30.74100","","UA","0"
"world-heritage:755","world-heritage","Historisches Zentrum von Porto","Historic Centre of Porto","","human settlement in Portugal","41.14319","-8.61297","","PT","0"
"world-heritage:616","world-heritage","Historisches Zentrum von Prag","Historic Centre of Prague","","World Heritage site in Prague, Czech Republic","50.08972","14.41944","","CZ","0"
"world-heritage:416","world-heritage","Historisches Zentrum von Puebla","Historic Centre of Puebla","","old town in Mexico","19.04722","-98.20833","","MX","0"
"world-heritage:309","world-heritage","Historisches Zentrum von Salvador da Bahia","Historic Centre of Salvador da Bahia","Welterbestätte in Brasilien","World Heritage Site in Salvador, Bahia, Brazil","-12.96670","-38.50000","","BR","0"
"world-heritage:550","world-heritage","Historisches Zentrum von San Gimignano","Historic Centre of San Gimignano","UNESCO-Welterbestätte in Italien","UNESCO World Heritage Site","43.46706","11.04280","","IT","0"
"world-heritage:1245","world-heritage","Historisches Zentrum von San Marino und Monte Titano","San Marino Historic Centre and Mount Titano","","UNESCO World Heritage site","43.93278","12.45194","","SM","0"
"world-heritage:540","world-heritage","Historisches Zentrum von Sankt Petersburg und zugehörige Monumente","Historic Centre of Saint Petersburg and Related Groups of Monuments","Welterbestätte in Russland","World Heritage site in Russia","59.93889","30.31556","","RU","0"
"world-heritage:863","world-heritage","Historisches Zentrum von Santa Ana de los Rios de Cuenca","Historic Centre of Santa Ana de los Ríos de Cuenca","","UNESCO World Heritage site","-2.89790","-79.00490","","EC","0"
"world-heritage:742","world-heritage","Historisches Zentrum von Santa Cruz de Mompox","Historic Centre of Santa Cruz de Mompox","","national monument of Colombia","9.24047","-74.42308","","CO","0"
"world-heritage:717","world-heritage","Historisches Zentrum von Siena","Historic Centre of Siena","UNESCO-Welterbe","city centre of Siena, Italy","43.31861","11.33167","","IT","0"
"world-heritage:902","world-heritage","Historisches Zentrum von Sighișoara","Historic Centre of Sighișoara","","","46.21778","24.79222","","RO","0"
"world-heritage:621","world-heritage","Historisches Zentrum von Telč (Teltsch)","Historic Centre of Telč","Altstadt in Tschechien","historic centre of Telč, Czech Republic","49.18333","15.45000","","CZ","0"
"world-heritage:1033","world-heritage","Historisches Zentrum von Wien","Historic Centre of Vienna","Welterbestätte in Wien","World Heritage Site in Vienna, Austria","48.20840","16.37220","","AT","0"
"world-heritage:898","world-heritage","Höga Kusten/Kvarken-Archipel","High Coast/Kvarken Archipelago","länderübergreifendes Weltnaturerbe-Gebiet in Schweden und Finnland","World Heritage Site in Sweden and Finland","63.06667","20.45000","","SE","0"
"world-heritage:1540","world-heritage","Hoh Xil","","Nationalpark in der Volksrepublik China","plateau in China","35.15000","91.00000","","CN","0"
"world-heritage:310","world-heritage","Höhle von Altamira und Altsteinzeitliche Höhlenmalereien in Nordspanien","Cave of Altamira and Paleolithic Cave Art of Northern Spain","Welterbestätte in Spanien","cave with prehistoric art and World Heritage Site in Spain","43.38250","-4.11611","","ES","0"
"world-heritage:1743","world-heritage","Höhle von Kapowa","Kapova Cave","Höhle in Russland","cave in Bashkortostan, Russia","53.04444","57.06389","","RU","0"
"world-heritage:1527","world-heritage","Höhlen und Eiszeitkunst der Schwäbischen Alb","Caves and Ice Age Art in the Swabian Jura","UNESCO-Weltkulturerbestätte in Deutschland","Germany world heritage","48.38778","9.76556","","DE","0"
"world-heritage:725","world-heritage","Höhlen von Aggtelek Karst und Slovak Karst","Caves of Aggtelek Karst and Slovak Karst","712 Höhlen an der Grenze von Ungarn und Slowakei","","48.47178","20.49532","","SK","0"
"world-heritage:390","world-heritage","Höhlen von Škocjan","Škocjan Caves","Höhle in Slowenien","cave system in Slovenia","45.66500","13.99472","","SI","0"
"world-heritage:1500","world-heritage","Höhlenkomplex von Gorham","Gorham's Cave complex","archäologische Stätte im Vereinigten Königreich","","36.12250","-5.34194","","GB","0"
"world-heritage:861","world-heritage","Holašovice","","Gemeinde in Tschechien","village in the České Budějovice District, South Bohemian Region, the Czech Republic","48.96667","14.26667","","CZ","0"
"world-heritage:759","world-heritage","Holländische Wasserverteidigungslinien","Dutch Water Defence Lines","Welterbestätte in den Niederlanden","World Heritage site in the Netherlands","52.05861","5.16833","","NL","0"
"world-heritage:401","world-heritage","Hollókő","","Gemeinde in Ungarn","place in Nógrád, Hungary","47.99611","19.59167","","HU","0"
"world-heritage:1424","world-heritage","Hölzerne Tserkvas-Kirchen der Karpaten in Polen und der Ukraine","Wooden tserkvas of Carpathian region in Poland and Ukraine","Kirchengebäude in Polen und der Ukraine","","49.53390","21.03220","","UA","0"
"world-heritage:1053","world-heritage","Holzkirchen im südlichen Kleinpolen","Wooden churches of Southern Lesser Poland","","World Heritage site in Poland","49.63059","21.18605","","PL","0"
"world-heritage:904","world-heritage","Holzkirchen in der Maramureș","wooden churches of Maramureș","Sakralbauten in Rumänien und der Ukraine","World Heritage site in Romania","47.81940","24.05580","","RO","0"
"world-heritage:1273","world-heritage","Holzkirchen in der Slowakei","wooden churches of the Slovak Carpathians","","UNESCO World Heritage Site in Slovakia that consists of nine wooden churches","49.33611","19.55833","","SK","0"
"world-heritage:544","world-heritage","Holzkirchen von Kischi Pogost","Kizhi Pogost","Kunstmuseum in Russland","museum in Russia","62.06767","35.22345","","RU","0"
"world-heritage:1694","world-heritage","Holzsäulenmoscheen des mittelalterlichen Anatolien","Wooden Hypostyle Mosques of Medieval Anatolia","Welterbestätte in der Türkei","World Heritage site in Turkey","38.75504","30.52958","","TR","0"
"world-heritage:1689","world-heritage","Hopewell Ceremonial Earthworks","","Welterbestätte in den USA","World Heritage Site in the United States","40.05366","-82.44606","","US","0"
"world-heritage:474","world-heritage","Hortobágyi-Nationalpark","Hortobágy National Park","größter Nationalpark von Ungarn, Steppengebiet","national park of Hungary","47.59458","21.15678","","HU","0"
"world-heritage:815","world-heritage","Hospicio Cabañas","","Weltkulturerbestätte in Guadalajara, Mexiko","World Heritage Site in Mexico","20.67690","-103.33733","","MX","0"
"world-heritage:547","world-heritage","Huang Shan","Huangshan","Gebirge in China","mountain range in southern Anhui province in eastern China","30.12500","118.16667","","CN","0"
"world-heritage:638","world-heritage","Huanglong","","Gemeinde in Sichuan, China","scenic and historic interest area in the northwest part of Sichuan, China","32.74076","103.83108","","CN","0"
"world-heritage:1508","world-heritage","Huashan-Felsbilder","Rock Paintings of Hua Mountain","archäologische Stätte in der Volksrepublik China","cave in People's Republic of China","22.24833","107.04228","","CN","0"
"world-heritage:1704","world-heritage","Huichol route to Huiricuta","","","World Heritage Site in Mexico","22.15000","-104.16667","","MX","0"
"world-heritage:232","world-heritage","Humayun-Mausoleum","Humayun's Tomb","Grabbau der Mogularchitektur (16. Jh.) in Delhi","tomb of the Mughal Emperor Humayun in Delhi, India","28.59326","77.25060","","IN","0"
"world-heritage:1178","world-heritage","Humberstone- und Santa-Laura-Salpeterwerke","Humberstone and Santa Laura Saltpeter Works","","World Heritage sites in northern Chile","-20.20833","-69.79444","","CL","0"
"world-heritage:556","world-heritage","Hüttenwerk Engelsberg","Engelsberg Ironworks","","","59.96917","16.01028","","SE","0"
"world-heritage:130","world-heritage","Hypogäum von Ħal-Saflieni","Hypogeum of Ħal Saflieni","Tempel auf Malta","Neolithic subterranean structure in Malta","35.86956","14.50688","","MT","0"
"world-heritage:1584","world-heritage","Hyrkanische Wälder","Hyrcanian Forests","Welterbestätte im Iran","World Heritage site in Iran and Azerbaijan","37.42150","55.72430","","IR","0"
"world-heritage:417","world-heritage","Ibiza, Biologische Vielfalt und Kultur World Heritage Site","Ibiza, Biodiversity and Culture","World Heritage Site in Spanien","World Heritage site in Spain","38.91114","1.43519","","ES","0"
"world-heritage:543","world-heritage","Ichan-Qal’a","Itchan Kala","Siedlung in Usbekistan","World Heritage Site in Khiva, Uzbekistan","41.37772","60.35948","","UZ","0"
"world-heritage:1612","world-heritage","Iglesia de Cristo Obrero y Nuestra Señora de Lourdes","Church of Cristo Obrero y Nuestra Señora de Lourdes","Kirchengebäude in Uruguay","church in Uruguay","-34.74400","-55.76600","","UY","0"
"world-heritage:303","world-heritage","Iguazú National Park World Heritage Site","","","World Heritage Site in Argentina","-25.66667","-54.40000","","AR","0"
"world-heritage:956","world-heritage","Île de Saint-Louis","Island of Saint-Louis","Insel im Senegal-Fluss mit der Altstadt von Saint-Louis, Senegal","island in Senegal","16.02778","-16.50444","","SN","0"
"world-heritage:599","world-heritage","Ilha de Moçambique","Island of Mozambique","Ort in Mosambik","small island off mainland Mozambique","-15.03667","40.73278","","MZ","0"
"world-heritage:1149","world-heritage","Ilulissat-Eisfjord","Ilulissat Icefjord","Fjord in Grönland","fjord covered with ice and icebergs in Greenland","69.15000","-49.55000","","GL","0"
"world-heritage:78","world-heritage","Independence Hall","","Regierungsgebäude, Kulturdenkmal und archäologische Stätte in Philadelphia, Vereinigte Staaten","historic building in Philadelphia, Pennsylvania, USA","39.94889","-75.15000","","US","0"
"world-heritage:1486","world-heritage","Industriedenkmalstätte Rjukkan-Notodden","Rjukan–Notodden Industrial Heritage Site","Welterbestätte in Norwegen","Norwegian industrial World Heritage Site","59.87861","8.59361","","NO","0"
"world-heritage:984","world-heritage","Industrielandschaft Blaenavon","Blaenavon Industrial Landscape","UNESCO-Welterbe in Blaenavon, Süd-Ost Wales","World Heritage Site in Blaenavon, south-east Wales","51.77028","-3.09222","","GB","0"
"world-heritage:1464","world-heritage","Industrielandschaft von Fray Bentos","Fray Bentos Industrial Landscape","Welterbestätte in Uruguay","world Heritage site in Uruguay","-33.11778","-58.33167","","UY","0"
"world-heritage:1459","world-heritage","Inka-Straßensystem","Inca road system","Straße des Inka-Straßensystems","transportation system of the Inca empire","-18.25000","-69.59167","","BO","0"
"world-heritage:740","world-heritage","Inseln Gough und Inaccessible","Gough and Inaccessible Islands","Inseln im Südatlantik","World Heritage Site","-37.30000","-12.68000","","GB","0"
"world-heritage:1182","world-heritage","Inseln und Schutzgebiete des Golfs von Kalifornien","Islands and Protected Areas of the Gulf of California","","World Heritage site in Mexico","27.75306","-111.67278","","MX","0"
"world-heritage:1000","world-heritage","Inselreservat Fernando de Noronha / Rocas Atoll","Brazilian Atlantic Islands: Fernando de Noronha and Atol das Rocas Reserves","Welterbestätte in Brasilien","World Heritage site in Brazil","-3.85794","-32.42511","","BR","0"
"world-heritage:1702","world-heritage","Internationale Messe „Raschid Karami“ in Tripoli","Rachid Karami International Fair","Welterbestätte im Libanon","World Heritage Site in Tripoli, Lebanon","34.43961","35.82591","","LB","0"
"world-heritage:371","world-heritage","Ironbridge-Schlucht","Ironbridge Gorge","Schlucht im Vereinigten Königreich","canyon in The Gorge, Telford and Wrekin, Shropshire, England, UK","52.62639","-2.47278","","GB","0"
"world-heritage:914","world-heritage","ISimangaliso-Wetland-Park","iSimangaliso Wetland Park","Schutzgebiet in Südafrika","","-28.00000","32.50000","","ZA","0"
"world-heritage:776","world-heritage","Itsukushima-Schrein","Itsukushima Shrine","Religiöse Stätte des Shinto","Shinto shrine in Hiroshima Prefecture, Japan","34.29577","132.32011","","JP","0"
"world-heritage:1653","world-heritage","Ivindo-Nationalpark","Ivindo National Park","Naturreservat in Gabun","national park in Gabon","0.08800","12.63000","","GA","0"
"world-heritage:1538","world-heritage","Ivrea, Industriestadt des 20. Jahrhunderts","Ivrea, industrial city of the 20th century","Welterbestätte in Italien","","45.45750","7.86920","","IT","0"
"world-heritage:1246","world-heritage","Iwami Ginzan","Iwami Ginzan Silver Mine","archäologische Stätte in Japan","","35.10722","132.43750","","JP","0"
"world-heritage:1165","world-heritage","Jahrhunderthalle","Centennial Hall","Mehrzweckhalle in Breslau","multi-purpose hall in Wrocław, Poland","51.10694","17.07722","","PL","0"
"world-heritage:1605","world-heritage","Jaipur","","Hauptstadt des indischen Bundesstaates Rajasthan","capital of Rajasthan, India","26.91500","75.82000","","IN","0"
"world-heritage:868","world-heritage","Jakobsweg in Frankreich: Via Turonensis, Via Lemovicensis, Via Podiensis und Via Tolosana","Way of Saint James UNESCO World Heritage Sites in France","","UNESCO World Heritage Site in France. of the Way of St. James in France part of the World Heritage Site in France","45.18406","-0.72294","","FR","0"
"world-heritage:1338","world-heritage","Jantar Mantar","","","monument site, collection of astronomical instruments in Jaipur, Rajasthan, India","26.92472","75.82500","","IN","0"
"world-heritage:1735","world-heritage","Jebel Faya","Jabal Al Fayah","Berg in den Vereinigten Arabischen Emiraten","hill and archaeological site in the UAE","25.11140","55.83896","","AE","0"
"world-heritage:1264","world-heritage","Jeju-Vulkaninsel und Lavatunnel","Jeju Volcanic Island and Lava Tubes","Weltnaturerbestätte in Südkorea","world nature heritage site in South Korea","33.36139","126.53250","","KR","0"
"world-heritage:697","world-heritage","Jelling Heritage Site","","","Jelling Mounds, Runic Stones and Church","55.75651","9.41974","","DK","0"
"world-heritage:995","world-heritage","Jesuitenblock und Estancias von Córdoba","Jesuit Block and Estancias of Córdoba","Welterbestätte in Argentinien","UNESCO World Heritage Site","-31.65611","-64.43528","","AR","0"
"world-heritage:529","world-heritage","Jesuitenreduktionen der Chiquitos","Jesuit Missions of Chiquitos","Missionsstation in Bolivien","Catholic missions in Bolivia","-16.27480","-62.50720","","BO","0"
"world-heritage:275","world-heritage","Jesuitenreduktionen der Guaraní","Jesuit missions among the Guaraní","Paraguayisch-argentinisch-brasilianische Welterbestätte","Catholic missionary initiative and set of missions in Paraguay, Argentina and Brazil","-27.25528","-55.53167","","AR","0"
"world-heritage:648","world-heritage","Jesuitenreduktionen La Santísima Trinidad de Paraná und Jesús de Tavarangüe","Jesuit Missions of La Santísima Trinidad de Paraná and Jesús de Tavarangüé","","serial World Heritage Site in Paraguay","-27.05600","-55.75300","","PY","0"
"world-heritage:1078","world-heritage","Jewish Quarter and St Procopius' Basilica in Třebíč","","","World Heritage site in the Czech Republic","49.21720","15.87890","","CZ","0"
"world-heritage:637","world-heritage","Jiǔzhàigōu","Jiuzhaigou Valley","Nationalpark in Norden Sichuans, China","nature reserve and national park in northern Sichuan. China","33.20000","103.90000","","CN","0"
"world-heritage:1680","world-heritage","Jodensavanne","","jüdische Siedlung in Suriname","human settlement","5.41328","-54.95298","","SR","0"
"world-heritage:1594","world-heritage","Jodrell-Bank-Radioobservatorium","Jodrell Bank Observatory","Sternwarte im Vereinigten Königreich","astronomical observatory in Cheshire, England, UK","53.23625","-2.30714","","GB","0"
"world-heritage:1285","world-heritage","Joggins Fossil Cliffs","","","","45.75194","-64.41806","","CA","0"
"world-heritage:738","world-heritage","Jongmyo","","konfuzianischer Schrein in Südkorea","royal Confucian shrine in Seoul, South Korea","37.57472","126.99361","","KR","0"
"world-heritage:675","world-heritage","Joya de Cerén","","archäologische Stätte in El Salvador","archaeological site in La Libertad Department, El Salvador","13.82749","-89.35616","","SV","0"
"world-heritage:1656","world-heritage","Jüdisch-Mittelalterliches Erbe in Erfurt","Jewish-Medieval Heritage of Erfurt","UNESCO-Weltkulturerbe in Deutschland","medieval Jewish buildings in Erfurt, Germany","50.97864","11.02925","","DE","0"
"world-heritage:1005","world-heritage","Jugendstilbauten von Victor Horta in Brüssel","Major Town Houses of the Architect Victor Horta","","four houses in Brussels, Belgium, designed and built by Art Nouveau architect Victor Horta","50.81667","4.35000","","BE","0"
"world-heritage:1006","world-heritage","Jungsteinzeitliche Feuersteinbergwerke bei Spiennes","Neolithic flint mines of Spiennes","Bergwerk in Belgien","","50.41999","3.98258","","BE","0"
"world-heritage:1029","world-heritage","Jurassic Coast","","Abschnitt entlang der südenglischen Ärmelkanal-Küste","World Heritage Site in England","50.70556","-2.98989","","GB","0"
"world-heritage:630","world-heritage","K'gari","","Insel an der Südküste von Queensland, Australien","island located along the southern coast of Queensland, Australia","-25.24000","153.15000","","AU","0"
"world-heritage:1112","world-heritage","Kaipinger Wachtürme","Kaiping Diaolou and Villages","UNESCO-Welterbestätte in China","UNESCO site in Jiangmen, Guangdong Province","22.26181","112.52078","","CN","0"
"world-heritage:499","world-heritage","Kairouan","","Stadt in Tunesien","","35.68333","10.10000","","TN","0"
"world-heritage:1443","world-heritage","Kaiserkanal","Grand Canal","längste künstliche Wasserstraße der Welt in China","longest canal or artificial river in the world located in China","30.26139","120.22389","","CN","0"
"world-heritage:1004","world-heritage","Kaiserliche Grabstätten der Ming- und der Qing-Dynastien","Imperial Tombs of the Ming and Qing Dynasties","Ming- und Qing-Gräber in China","UNESCO World Heritage Site including 14 tombs or groups of tombs in China","31.01667","112.65000","","CN","0"
"world-heritage:1328","world-heritage","Kaiserliche Zitadelle von Thang Long","Imperial Citadel of Thang Long","historisch Befestigungsanlage in Vietnam","old imperial citadel in Hanoi, Vietnam","21.03250","105.83972","","VN","0"
"world-heritage:439","world-heritage","Kaiserpaläste der Ming- und Qing-Dynastien in Peking und Shenyang","Imperial Palaces of the Ming and Qing Dynasties in Beijing and Shenyang","Welterbestätte in China","","41.79417","123.44694","","CN","0"
"world-heritage:905","world-heritage","Kalwaria Zebrzydowska Park","Kalwaria Zebrzydowska park","Wallfahrtsort, Weltkulturerbe","religious heritage site","49.86032","19.67072","","PL","0"
"world-heritage:450","world-heritage","Kandy","","Stadt in Sri Lanka","capital city in Central Province, Sri Lanka","7.29306","80.63500","","LK","0"
"world-heritage:1513","world-heritage","Kangchendzönga-Nationalpark","Khangchendzonga National Park","Nationalpark in Indien","national park in India","27.65630","88.31230","","IN","0"
"world-heritage:1248","world-heritage","Karstlandschaften in Südchina","South China Karst","","","24.92330","110.35440","","CN","0"
"world-heritage:980","world-heritage","Kasaner Kreml","Qazan Kremlin","historische Zitadelle an der Kasanka","historic citadel in Tatarstan","55.79744","49.10724","","RU","0"
"world-heritage:565","world-heritage","Kasbah von Algier","Casbah of Algiers","Altstadt von Algier","citadel and neighborhood in Algiers, Algeria","36.78333","3.06028","","DZ","0"
"world-heritage:963","world-heritage","Kathedrale des Heiligen Jakob","Šibenik Cathedral","Kathedrale in Šibenik, Kroatien","cathedral in Croatia","43.73556","15.88917","","HR","0"
"world-heritage:1011","world-heritage","Kathedrale und Kirchen von Etschmiadsin und archäologische Stätte von Swartnoz","Cathedral and Churches of Echmiatsin and the Archaeological Site of Zvartnots","UNESCO-Welterbestätte in Armenien","","40.15931","44.29514","","AM","0"
"world-heritage:162","world-heritage","Kathedrale von Amiens","Notre-Dame d'Amiens","Kirchengebäude in Amiens, Frankreich","cathedral located in Somme, in France","49.89457","2.30210","","FR","0"
"world-heritage:635","world-heritage","Kathedrale von Bourges","Bourges Cathedral","Kirchengebäude in Bourges, Frankreich","cathedral in Bourges, Cher, France","47.08222","2.39917","","FR","0"
"world-heritage:316","world-heritage","Kathedrale von Burgos","Burgos Cathedral","Gotteshaus und Weltkulturerbe in Spanien","cathedral and World Heritage Site in Castile, Spain","42.34081","-3.70447","","ES","0"
"world-heritage:81","world-heritage","Kathedrale von Chartres","Notre-Dame de Chartres","Kirchengebäude in Chartres, Frankreich","medieval Roman Rite Catholic cathedral","48.44778","1.48778","","FR","0"
"world-heritage:1236","world-heritage","Kathedrale von León","León Cathedral","Bischofskirche des ehemals von Honduras über Nicaragua bis nach Panama reichenden Bistums León und ein historisch bedeutsamer Kirchenbau in Mittelamerika","cathedral in Nicaragua","12.43500","-86.87810","","NI","0"
"world-heritage:827","world-heritage","Kathedrale von Modena, Glockenturm und Piazza Grande","Cathedral, Torre Civica and Piazza Grande, Modena","","World Heritage site in Italy","44.64624","10.92568","","IT","0"
"world-heritage:1009","world-heritage","Kathedrale von Tournai","Tournai Cathedral","Kathedrale in Belgien","","50.60650","3.38890","","BE","0"
"world-heritage:496","world-heritage","Kathedrale, Abtei St. Augustin und St. Martins-Kirche in Canterbury","Canterbury Cathedral, St Augustine's Abbey, and St Martin's Church","UNESCO-Welterbestätte im Vereinigten Königreich","World Heritage site in Canterbury, Kent, England, UK","51.28000","1.08333","","GB","0"
"world-heritage:383","world-heritage","Kathedrale, Alcázar und Archivo de Indias in Sevilla","Cathedral, Alcázar and Archivo de Indias in Seville","Welterbestätte in Spanien","World Heritage site in Seville, Spain","37.38384","-5.99155","","ES","0"
"world-heritage:121","world-heritage","Kathmandutal","Kathmandu Valley","Landschaft in Nepal","valley in Bagmati Province, Nepal","27.70394","85.30858","","NP","0"
"world-heritage:337","world-heritage","Kaziranga-Nationalpark","Kaziranga National Park","Nationalpark in Indien","national park in the state of Assam, India","26.66667","93.35000","","IN","0"
"world-heritage:1060","world-heritage","Kenianisches Seensystem im Great Rift Valley","Kenya Lake System in the Great Rift Valley","","part of an intra-continental ridge system that runs through Kenya","0.44250","36.24000","","KE","0"
"world-heritage:340","world-heritage","Keoladeo-Nationalpark","Kevladev National Park","Nationalpark in Indien","National park and bird sanctuary in Rajasthan, India","27.16667","77.51667","","IN","0"
"world-heritage:365","world-heritage","Khami","","archäologischer Fundplatz in Simbabwe","ruined city and capital of the Kingdom of Butua","-20.14329","28.42344","","ZW","0"
"world-heritage:403","world-heritage","Kilimandscharo-Nationalpark","Kilimanjaro National Park","Schutzgebiet in Tansania","national park in Tanzania","-3.06667","37.36667","","TZ","0"
"world-heritage:42","world-heritage","Kirche von Bojana","Boyana Church","Kirche in Bulgarien","church in Sofia, Bulgaria","42.64467","23.26617","","BG","0"
"world-heritage:1523","world-heritage","Kirchen der Architekturschule von Pskow","Churches of the Pskov School of Architecture","Welterbestätte in Russland","World Heritage site in Russia","57.80720","28.32860","","RU","0"
"world-heritage:234","world-heritage","Kirchen und Klöster von Goa","Churches and Convents of Goa","indisches Weltkulturerbe","Indian World Heritage site","15.50240","73.91170","","IN","0"
"world-heritage:971","world-heritage","Kirchen von Chiloé","Churches of Chiloé","Kirchenarchitekturstil auf dem Chiloé-Archipel in Chile","architectural phenomenon in the Americas","-42.50000","-73.76667","","CL","0"
"world-heritage:762","world-heritage","Kirchenstadt Gammelstad","Gammelstad Church Town","dies ist ein Beispiel für eine Art von Kirchenstadt: Für Übernachtungen von Gläubigen in Verbindung mit Kirchenbesuchen vorgesehen, wenn es aufgrund großer Entfernungen unmöglich ist, am selben Tag nach Hause zurückzukehren.","district in Luleå, Sweden","65.64611","22.02861","","SE","0"
"world-heritage:813","world-heritage","Klassische Gärten von Suzhou","Classical Gardens of Suzhou","","","31.32667","120.62556","","CN","0"
"world-heritage:846","world-heritage","Klassisches Weimar","Classical Weimar","Weimarer Klassizismus als Weltkulturerbe laut UNESCO","UNESCO World Heritage Site in Weimar, Germany","50.98333","11.31667","","DE","0"
"world-heritage:537","world-heritage","Klöster Daphni, Hosios Lukas und Nea Moni auf Chios","Monasteries of Daphni, Hosios Loukas and Nea Moni of Chios","Welterbestätte in Griechenland","set of 3 monasteries in Greece","38.40000","22.75000","","GR","0"
"world-heritage:982","world-heritage","Kloster Ferapontow","Ferapontov Monastery","Kloster in Russland","UNESCO World Heritage Site","59.95639","38.56750","","RU","0"
"world-heritage:710","world-heritage","Kloster Gelati","Gelati Monastery","Kloster in Georgien","monastery in Georgia, Caucasus","42.29472","42.76806","","GE","0"
"world-heritage:597","world-heritage","Kloster Horezu","Horezu monastery","Kloster in Rumänien","heritage site in Vâlcea County, Romania","45.16860","24.00690","","RO","0"
"world-heritage:216","world-heritage","Kloster Rila","Rila Monastery","Welterbestätte in Bulgarien","World Heritage site in Bulgaria","42.11667","23.40000","","BG","0"
"world-heritage:805","world-heritage","Klöster San Millán de Yuso und de Suso","Monasteries of San Millán de la Cogolla","Siedlung in Spanien","religious institution in Spain","42.32583","-2.86505","","ES","0"
"world-heritage:389","world-heritage","Kloster Studenica","Studenica monastery","Serben Kloster in Serbien","Serbian Church historic UNESCO site in Kraljevo, Serbia","43.48672","20.53164","","RS","0"
"world-heritage:72","world-heritage","Kluane / Wrangell-St. Elias / Glacier Bay / Tatshenshini-Alsek","Kluane / Wrangell – St. Elias / Glacier Bay / Tatshenshini-Alsek","Parks in Kanada und den USA, UNESCO-Welterbe","international park system in British Columbia, Canada, and Alaska, USA; a UNESCO World Heritage site","61.19750","-140.99200","","US","0"
"world-heritage:1758","world-heritage","Knochenfisch-Fossilien des westlichen Limfjords","The Bony Fish Fossils of the Western Limfjord – Evolution and Climate Adaptation in the Earliest Eocene","","World Heritage Site in Denmark","56.89565","8.75196","","DK","0"
"world-heritage:1593","world-heritage","Kofun-Gruppe von Mozu-Furuichi: Hügelgräber aus Alt-Japan","Mozu-Furuichi Kofun Group: Mounded Tombs of Ancient Japan","Welterbestätte in Japan","World Heritage site in Japan","34.56220","135.60940","","JP","0"
"world-heritage:1091","world-heritage","Koguryo-Grabstätten","Goguryeo tombs","koreanische Gräber aus der Goguryeo-Dynastie","building complex in North Korea","38.86306","125.41500","","KP","0"
"world-heritage:1667","world-heritage","Koh Ker","","Tempelareal des Khmerreiches aus dem 12./13. Jahrhundert","capital of the Khmer Empire","13.78333","104.53333","","KH","0"
"world-heritage:1616","world-heritage","Kolchische Regenwälder und Feuchtgebiete","Colchic Rainforests and Wetlands","Welterbestätte in Georgien","World Heritage site in Georgia","41.70222","41.95111","","GE","0"
"world-heritage:292","world-heritage","Kölner Dom","Cologne Cathedral","Kirche in Köln, Deutschland","Roman-Catholic cathedral in Cologne, Germany","50.94139","6.95833","","DE","0"
"world-heritage:1582","world-heritage","Koloniale Transisthmus-Route von Panamá","The Colonial Transisthmian Route of Panamá","Welterbestätte in Panama","World Heritage site in Panama","8.95243","-79.53474","","PA","0"
"world-heritage:526","world-heritage","Kolonialstadt von Santo Domingo","Colonial City of Santo Domingo","UNESCO-Welterbestätte in der Dominikanischen Republik","place in Distrito Nacional, Dominican Republic","18.47300","-69.88300","","DO","0"
"world-heritage:1555","world-heritage","Kolonien der Barmherzigkeit","Colonies of Benevolence","Welterbestätte in Belgien und den Niederlanden","World Heritage site in the Netherlands and Belgium","53.04222","6.39159","","BE","0"
"world-heritage:1199","world-heritage","Köneürgenç","Konye-Urgench","archäologische Stätte in Turkmenistan","","42.31667","59.15861","","TM","0"
"world-heritage:704","world-heritage","Konfuziustempel, Friedhof und Residenz der Familie Kong in Qufu","Temple and Cemetery of Confucius and the Kong Family Mansion in Qufu","chinesische Bauwerke","group of structures and buildings","35.59651","116.98445","","CN","0"
"world-heritage:1319","world-heritage","Königliche Gräber der Joseon-Dynastie","Royal Tombs of the Joseon Dynasty","UNESCO-Weltkulturerbe einer Gruppe von 40 Grabstätten in Korea","group of 40 tombs of members of the House of Yi, former rulers of Joseon (now Korea) between 1392–1910","37.19722","128.45278","","KR","0"
"world-heritage:32","world-heritage","Königliche Salzbergwerke Wieliczka und Bochnia","Wieliczka and Bochnia Royal Salt Mines","Salzbergwerke im Großraum Krakau, Welterbestätte","World Heritage site in Poland","49.97917","20.06389","","PL","0"
"world-heritage:318","world-heritage","Königliche Schloss- und Klosteranlage San Lorenzo de El Escorial","Monastery and Site of the Escurial, Madrid","Weltkulturerbe in Spanien","World Heritage site in Spain","40.58917","-4.14778","","ES","0"
"world-heritage:1573","world-heritage","Königlicher Gebäudekomplex von Mafra","Royal Building of Mafra","Welterbestätte in Portugal","","38.93692","-9.32639","","PT","0"
"world-heritage:1131","world-heritage","Königliches Ausstellungsgebäude in Carlton Gardens","Royal Exhibition Building and Carlton Gardens","","World Heritage site in Australia","-37.80611","144.97028","","AU","0"
"world-heritage:665","world-heritage","Königliches Kloster der Heiligen Maria von Guadalupe","Royal Monastery of Saint Mary of Guadalupe","Kloster und Weltkulturerbe in Spanien","Roman Catholic monastery in Guadalupe, Extremadura, Spain","39.45278","-5.32750","","ES","0"
"world-heritage:549","world-heritage","Königspalast in Caserta","18th-Century Royal Palace at Caserta with the Park, the Aqueduct of Vanvitelli, and the San Leucio Complex","Weltkulturerbe in der Provinz Caserta, Italien","World Heritage site in Italy","41.07333","14.32639","","IT","0"
"world-heritage:323","world-heritage","Königspaläste von Abomey","Royal Palaces of Abomey","Palast in Benin","group of palaces in Africa","7.18556","1.98806","","BJ","0"
"world-heritage:1027","world-heritage","Kopparbergslagen","Falun Mine","Historische Industrie-Landschaft rund um den Berg Stora Kopparberget in Falun, Schweden","copper mine in Sweden","60.60472","15.63083","","SE","0"
"world-heritage:1140","world-heritage","Koutammakou","","Siedlung in Togo","","10.10000","1.06667","","BJ","0"
"world-heritage:545","world-heritage","Kreml und Roter Platz","Kremlin and Red Square","Welterbestätte in Russland","World Heritage site in Russia","55.75361","37.62000","","RU","0"
"world-heritage:1599","world-heritage","Krzemionki – Montanregion der prähistorischen Gewinnung von gebändertem Feuerstein","Krzemionki Prehistoric Striped Flint Mining Region","Welterbestätte in Polen","World Heritage site in Poland","50.96800","21.50230","","PL","0"
"world-heritage:444","world-heritage","Ksar Aït-Ben-Haddou","Aït Benhaddou","Dorf im Südosten Marokkos","Historical village in southeastern Morocco","31.05000","-7.13333","","MA","0"
"world-heritage:1536","world-heritage","Kujataa","","Weltkulturerbe in Grönland","World Heritage Site on Greenland","61.16444","-45.59806","","GL","0"
"world-heritage:1658","world-heritage","Kuldīga / Goldingen in Kurland","Old town of Kuldīga","Welterbestätte in Lettland","World Heritage site in Latvia","56.96750","21.97056","","LV","0"
"world-heritage:1627","world-heritage","Kulturerbestätten des alten Khuttal","Cultural Heritage Sites of Ancient Khuttal","UNESCO-Welterbe in Tadschikistan","world heritage site in Tajikistan","37.77774","69.55673","","TJ","0"
"world-heritage:1044","world-heritage","Kulturlandschaft Aranjuez World Heritage Site","Aranjuez Cultural Landscape","Weltkulturerbe in Spanien","World Heritage Site in Spain","40.03640","-3.60934","","ES","0"
"world-heritage:1194","world-heritage","Kulturlandschaft auf Bali: Subak Bewässerungssystem","Cultural Landscape of Bali Province: the Subak System as a Manifestation of the Tri Hita Karana Philosophy","Weltkulturerbe in Indonesien","The cultural landscape of Bali implement Tri Hita Karana consists of five rice terraces and their water temples that cover 19,500 ha. Established 9th century","-8.25917","115.40278","","ID","0"
"world-heritage:1665","world-heritage","Kulturlandschaft der alten Teewälder des Jing-Mai-Berges in Pu’er","Cultural Landscape of Old Tea Forests of the Jingmai Mountain in Pu’er","","","22.20189","100.01454","","CN","0"
"world-heritage:1333","world-heritage","Kulturlandschaft der Konso","Konso Cultural Landscape","Die von den Konso (Volk) bearbeitete Terassenfelderlandschaft","","5.25000","37.48306","","ET","0"
"world-heritage:1371","world-heritage","Kulturlandschaft der Serra de Tramuntana World Heritage Site","Cultural Landscape of the Serra de Tramuntana","World Heritage Site in Spanien","World Heritage site in Spain","39.73083","2.69472","","ES","0"
"world-heritage:1545","world-heritage","Kulturlandschaft der ǂKhomani","Khomani Cultural Landscape","Welterbestätte in Südafrika","UNESCO World Heritage Site in South Africa","-25.68761","20.37458","","ZA","0"
"world-heritage:1696","world-heritage","Kulturlandschaft des Khinalig-Volkes und „Köç Yolu“-Transhumanzroute","Cultural Landscape of Khinalig People and “Köç Yolu” Transhumance Route","Welterbestätte in Aserbaidschan","world heritage site in Azerbaijan","40.70590","48.88540","","AZ","0"
"world-heritage:772","world-heritage","Kulturlandschaft Fertő/Neusiedler See","Fertö / Neusiedlersee Cultural Landscape","Kulturlandschaft in Österreich","","47.80056","16.73472","","AT","0"
"world-heritage:1488","world-heritage","Kulturlandschaft Festung von Diyarbakır und Hevsel-Gärten","Diyarbakır Fortress and Hevsel Gardens Cultural Landscape","Welterbestätte in der Türkei","World Heritage Site in Turkey","37.91086","40.22728","","TR","0"
"world-heritage:806","world-heritage","Kulturlandschaft Hallstatt–Dachstein/Salzkammergut","Hallstatt-Dachstein Salzkammergut cultural landscape","UNESCO-Welterbestätte in Österreich","cultural landscape in Austria","47.55940","13.64640","","AT","0"
"world-heritage:1647","world-heritage","Kulturlandschaft Hawraman/Uramanat","Cultural Landscape of Hawraman/Uramanat","Welterbestätte im Iran","World Heritage site in Iran","35.10736","46.47785","","IR","0"
"world-heritage:1688","world-heritage","Kulturlandschaft Kenosero-See","Cultural Landscape of Kenozero Lake","","Russian cultural landscape","61.92800","38.17261","","RU","0"
"world-heritage:763","world-heritage","Kulturlandschaft Lednice-Valtice","Lednice-Valtice Cultural Landscape","UNESCO Weltkulturerbe-stätte in Lednice und Valtice, Tschechien","World Heritage site in the Czech Republic","48.77580","16.77500","","CZ","0"
"world-heritage:1099","world-heritage","Kulturlandschaft Mapungubwe","Mapungubwe Cultural Landscape","Kulturlandschaft in Südafrika","cultural landscape in South Africa","-22.21167","29.38789","","ZA","0"
"world-heritage:1066","world-heritage","Kulturlandschaft Oberes Mittelrheintal","Rhine Gorge","Kulturlandschaft am Mittelrhein, Teil des Weltkulturerbes der UNESCO","cultural landscape in the Middle Rhine, part of the World Heritage of UNESCO","50.17360","7.69417","","DE","0"
"world-heritage:1081","world-heritage","Kulturlandschaft Orchon-Tal","Orkhon Valley","Tal in Mongolei","","47.55667","102.83139","","MN","0"
"world-heritage:1265","world-heritage","Kulturlandschaft Richtersveld","Richtersveld","","desert in South Africa","-28.60000","17.20389","","ZA","0"
"world-heritage:723","world-heritage","Kulturlandschaft Sintra","Cultural Landscape of Sintra","","cultural heritage monument in Sintra, Portugal","38.78839","-9.43382","","PT","0"
"world-heritage:208","world-heritage","Kulturlandschaft und archäologische Relikte des Bamyian-Tals","Cultural Landscape and Archaeological Remains of the Bamiyan Valley","Welterbestätte in Afghanistan","World Heritage Site in Afghanistan","34.83204","67.82680","","AF","0"
"world-heritage:1641","world-heritage","Kulturlandschaft von Gedeo","The Gedeo Cultural Landscape","Welterbestätte in Äthiopien","World Heritage Site in Ethiopia","5.11670","38.66670","","ET","0"
"world-heritage:1619","world-heritage","Kulturraum von Ḥimā","Bir Hima Rock Petroglyphs and Inscriptions","archäologische Stätte in Saudi-Arabien","Ancient settlement in Saudi Arabia","18.24924","44.45184","","SA","0"
"world-heritage:1343","world-heritage","Kulturstätten von al-Ain","Cultural Sites of Al Ain (Hafit, Hili, Bidaa Bint Saud and Oases Areas)","UNESCO-Welterbestätte in den Vereinigten Arabischen Emiraten","","24.06778","55.80639","","AE","0"
"world-heritage:1642","world-heritage","Kŭmgangsan","Mount Kumgang","nordkoreanischer Berg","mountain range in North Korea","38.65676","128.10490","","KP","0"
"world-heritage:1614","world-heritage","Künstlerkolonie Mathildenhöhe in Darmstadt","Artists' Colony in Darmstadt","Unesco Weltkulturerbe in Darmstadt","UNESCO World Heritage Site in Hesse, Germany","49.87543","8.66650","","DE","0"
"world-heritage:761","world-heritage","Kunta Kinteh Island und zugehörige Stätten","Kunta Kinteh Island and Related Sites","","World Heritage site in the Gambia","13.31747","-16.36147","","GM","0"
"world-heritage:994","world-heritage","Kurische Nehrung","Curonian Spit","litauisch-russische Nehrung zwischen Klaipėda und Lesnoi","dune spit in Lithuania and Russia","55.27444","20.97083","","RU","0"
"world-heritage:190","world-heritage","Kyrene","Cyrene","archäologischer Fundplatz in Libyen","ancient Greek and Roman city near present-day Shahhat, Libya","32.81667","21.85000","","LY","0"
"world-heritage:31","world-heritage","KZ Auschwitz","Auschwitz","deutscher Lagerkomplex in Polen und das größte Vernichtungslager in der Zeit des Nationalsozialismus","German network of concentration and extermination camps in occupied Poland during World War II","50.03583","19.17833","","PL","0"
"world-heritage:4","world-heritage","L’Anse aux Meadows","L'Anse aux Meadows","ehemalige isländisch-grönländische Siedlung auf Neufundland","archaeological site on the island of Newfoundland, Canada","51.59527","-55.53122","","CA","0"
"world-heritage:1302","world-heritage","La Chaux-de-Fonds/Le Locle","La Chaux-de-Fonds / Le Locle, Watchmaking Town Planning","","World Heritage site in the Switzerland","47.08000","6.78000","","CH","0"
"world-heritage:266","world-heritage","La Fortaleza und San Juan National Historic Site in Puerto Rico","La Fortaleza and San Juan National Historic Site","Welterbestätte in Puerto Rico","World Heritage Site in Puerto Rico","18.46389","-66.11917","","US","0"
"world-heritage:422","world-heritage","Lake District","","Nationalpark in England, Vereinigtes Königreich","mountainous region in North West England, UK","54.50000","-3.16667","","GB","0"
"world-heritage:1589","world-heritage","Landschaft für die Zucht und Dressur von zeremoniellen Wagenpferden in Kladruby nad Labem","Landscape for Breeding and Training of Ceremonial Carriage Horses at Kladruby nad Labem","Welterbestätte in Tschechien","World Heritage site in the Czech Republic","50.05670","15.48430","","CZ","0"
"world-heritage:1438","world-heritage","Landschaftskomplex Tràng An","Tràng An","Landschaft in Vietnam","UNESCO World Heritage Site in Red River Delta, Vietnam","20.25570","105.91560","","VN","0"
"world-heritage:1581","world-heritage","Landungsstrände der Alliierten, Normandie, 1944","Beaches of the D-Day Landings, Normandy, 1944","","World Heritage Site in France","49.37085","-0.87959","","FR","0"
"world-heritage:1134","world-heritage","Längstwellensender Grimeton","Grimeton VLF transmitter","historischer, schwedischer Hörfunksender","working life museum in Varberg Municipality, Sweden","57.11398","12.40442","","SE","0"
"world-heritage:774","world-heritage","Laponia","Laponian National Park","","national park in Sweden","67.33333","17.58333","","SE","0"
"world-heritage:803","world-heritage","Las Médulas","","Bergwerk und Weltkulturerbe in Spanien","cultural property in Borrenes y Carucedo, Spain","42.45870","-6.75900","","ES","0"
"world-heritage:934","world-heritage","Laurisilva von Madeira","Laurisilva of Madeira","portugiesisches Naturschutzgebiet","protected area in Portugal","32.76667","-17.00000","","PT","0"
"world-heritage:1243","world-heritage","Lavaux","","Weinbaugebiet im Kanton Waadt in der Schweiz am nordöstlichen Ufer des Genfersees","region of terraced vineyards in Switzerland","46.49194","6.74611","","CH","0"
"world-heritage:1259","world-heritage","Le Morne Brabant","","Berg und Halbinsel in Mauritius","peninsula and mountain in Mauritius","-20.46056","57.31361","","MU","0"
"world-heritage:1211","world-heritage","Le Strade Nuove und die Palazzi dei Rolli","Genoa: Le Strade Nuove and the system of the Palazzi dei Rolli","","Palaces in Genoa, Italy. UNESCO World Heritage Site","44.41222","8.93111","","IT","0"
"world-heritage:1611","world-heritage","Lençóis Maranhenses","Lençóis Maranhenses National Park","ausgedehntes Dünengebiet im Norden Brasiliens","national park in northeastern Brazil, known for its rolling dunes and fresh water lagoons","-2.48333","-43.13333","","BR","0"
"world-heritage:183","world-heritage","Leptis Magna","","archäologischer Fundplatz in Libyen","ancient city in modern Libya","32.63675","14.29220","","LY","0"
"world-heritage:1625","world-heritage","Leuchtturm von Cordouan","Cordouan Lighthouse","dienstältester Leuchtturm Frankreichs","lighthouse in Gironde, France","45.58632","-1.17333","","FR","0"
"world-heritage:307","world-heritage","Liberty Island","","Insel mit der Freiheitsstatue in der New York Bay","island in the Upper New York Bay, United States","40.69000","-74.04500","","US","0"
"world-heritage:908","world-heritage","Liparische Inseln","Aeolian Islands","Inselgruppe im Tyrrhenischen Meer nördlich von Sizilien","","38.49667","14.93583","","IT","0"
"world-heritage:1003","world-heritage","Longmen-Grotten","Longmen Grottoes","Buddhistische Grotten bei Luoyang, China","cave in People's Republic of China","34.55556","112.46972","","CN","0"
"world-heritage:186","world-heritage","Lord-Howe-Inselgruppe","Lord Howe Island Group","Inselgruppe östlich von Australien","the group of islands including Lord Howe Island","-31.55617","159.07972","","AU","0"
"world-heritage:778","world-heritage","Lu Shan-Nationalpark","Lushan Quaternary Glaciation National Geopark","Nationalpark in China","park in Jiangxi Province, China","29.56667","115.96667","","CN","0"
"world-heritage:479","world-heritage","Luang Prabang","","Luang Prabang, Hauptstadt der laotischen Provinz Luang Prabang","city located in north central Laos","19.89000","102.13472","","LA","0"
"world-heritage:666","world-heritage","Lumbini","","Geburtsort des Begründers des Buddhismus in Nepal","Buddhist pilgrimage site in Nepal","27.48140","83.27583","","NP","0"
"world-heritage:783","world-heritage","Luthergedenkstätten in Eisleben und Wittenberg","Luther Memorials in Eisleben and Wittenberg","","group of buildings","51.86472","12.65278","","DE","0"
"world-heritage:1511","world-heritage","M’banza Kongo","M'banza-Kongo","Stadt in Angola","capital of Angola's northwestern Zaire Province","-6.26667","14.25000","","AO","0"
"world-heritage:188","world-heritage","M'zab","","archäologische Stätte in Algerien","Valley in the north of Algerian Sahara, in the Ghardaïa province","32.48722","3.68139","","DZ","0"
"world-heritage:629","world-heritage","Macquarieinsel","Macquarie Island","australische Insel","sub-Antarctic island of Australia","-54.63000","158.86000","","AU","0"
"world-heritage:1293","world-heritage","Mada'in Salih","Hegra","Ausgrabungsstätte in Saudi-Arabien","Ancient settlement in Saudi Arabia","26.79167","37.95278","","SA","0"
"world-heritage:1560","world-heritage","Madinat Al-Zahra","","archäologische Stätte in Spanien","archeological site of Moorish palace in Spain","37.88608","-4.86779","","ES","0"
"world-heritage:1056","world-heritage","Mahabodhi-Tempel","Mahabodhi Temple","Tempel in Bodhgaya, Indien; UNESCO-Weltkulturerbe","Buddhist temple in Bodh Gaya, Bihar, India","24.69600","84.99136","","IN","0"
"world-heritage:1711","world-heritage","Maidam","","Hügelgrab in Indien","tumuli of the Ahom Kingdom","26.94361","94.87500","","IN","0"
"world-heritage:1569","world-heritage","Maison carrée","Maison Carrée","Römischer Tempel in Nimes in Frankreich","ancient Roman temple in Nîmes, southern France","43.83819","4.35611","","FR","0"
"world-heritage:289","world-heritage","Malawisee-Nationalpark","Lake Malawi National Park","Nationalpark in Malawi","","-14.03333","34.88333","","MW","0"
"world-heritage:985","world-heritage","Maloti-Drakensberg-Park","Maloti-Drakensberg Park","Internationaler Park in Lesotho und Südafrika","international park in Lesotho and South Africa","-29.46650","29.39390","","LS","0"
"world-heritage:1216","world-heritage","Malpelo Fauna and Flora Sanctuary","","","","4.00000","-81.60000","","CO","0"
"world-heritage:150","world-heritage","Mammoth-Cave-Nationalpark","Mammoth Cave National Park","Nationalpark und Mammut-Höhle in Kentucky, USA","U.S. national park in Kentucky","37.18694","-86.10111","","US","0"
"world-heritage:302","world-heritage","Mana Pools National Park, Sapi and Chewore Safari Areas","","Nationalpark in Simbabwe","","-15.81944","29.40806","","ZW","0"
"world-heritage:338","world-heritage","Manas-Nationalpark","Manas National Park","Nationalpark in Indien","national park in Assam, India","26.71667","90.93333","","IN","0"
"world-heritage:1287","world-heritage","Mantua und Sabbioneta","Mantua and Sabbioneta","UNESCO-Welterbe","World Heritage site in Italy","45.15944","10.79444","","IT","0"
"world-heritage:1529","world-heritage","Marae von Taputapuatea","Taputapuatea marae","Zeremonialstätte in Französisch-Polynesien","large marae complex at Opoa in Taputapuatea, on the south eastern coast of Raiatea","-16.83611","-151.35917","","FR","0"
"world-heritage:1525","world-heritage","Mariä-Himmelfahrts-Kloster von Swijaschsk","Sviyazhsk Assumption Monastery","Kloster in Russland","monastery in Sviyazhsk, Tatarstan, Russia","55.77012","48.65245","","RU","0"
"world-heritage:847","world-heritage","Marienburg","Malbork Castle","Burganlage in Marienburg (Malbork), Polen","castle built in Prussia (now Poland) by the Teutonic Knights","54.03972","19.02778","","PL","0"
"world-heritage:871","world-heritage","Marinehafen von Karlskrona","Naval City of Karlskrona","Welterbestätte in Schweden","","56.16667","15.58333","","SE","0"
"world-heritage:1290","world-heritage","Mariposa Monarca","Monarch Butterfly Biosphere Reserve","","","19.60639","-100.24167","","MX","0"
"world-heritage:795","world-heritage","Maritimes Greenwich","Maritime Greenwich","UNESCO-Welterbestätte in England","World Heritage site in the United Kingdom","51.47778","0.00000","","GB","0"
"world-heritage:1379","world-heritage","Markgräfliches Opernhaus","Margravial Opera House","Theatergebäude und Weltkulturerbe in Bayreuth, Bayern","cultural heritage monument D-4-62-000-278 (0) in Bayreuth, Bavaria","49.94434","11.57866","","DE","0"
"world-heritage:1707","world-heritage","Marquesas-Inseln","Marquesas Islands","Archipel in Französisch-Polynesien","island group in French Polynesia","-8.90000","-139.60000","","FR","0"
"world-heritage:1040","world-heritage","Masada","","ehemalige jüdische Festung","archaeological site in southeastern Israel","31.31556","35.35389","","IL","0"
"world-heritage:306","world-heritage","Matopo-Gebirge","Matobo Hills","","mountains in Zimbabwe","-20.58333","28.66667","","ZW","0"
"world-heritage:441","world-heritage","Mausoleum Qin Shihuangdis","Mausoleum of the First Qin Emperor","frühchinesische Grabanlage","","34.38167","109.25389","","CN","0"
"world-heritage:1103","world-heritage","Mausoleum von Hodscha Ahmad Yasawi","Mausoleum of Khoja Ahmed Yasawi","Mausoleum in Kasachstan","mausoleum in the city of Turkistan, Kazakhstan","43.29764","68.27104","","KZ","0"
"world-heritage:1423","world-heritage","Maymand","","Siedlung im Iran","village in Shahr-e Babak County, Iranian national heritage site and World heritage site","30.16806","55.37556","","IR","0"
"world-heritage:1058","world-heritage","Mazagan","","Welterbestätte Altstadt von El Jadida, Marokko","former Portuguese possession in Africa, Moroccan cultural heritage site","33.25656","-8.50248","","MA","0"
"world-heritage:175","world-heritage","Medici-Villen","Medici Villas and Gardens in Tuscany","Landvillen der Medici zwischen dem 15. und dem 17. Jahrhundert in der Toskana","world heritage site in Italy","43.85778","11.30417","","IT","0"
"world-heritage:793","world-heritage","Medina of Meknes","","","Moroccan cultural heritage site","33.89486","-5.56448","","MA","0"
"world-heritage:753","world-heritage","Medina von Essaouira","Medina of Essaouira","","World Heritage site in Morocco","31.51441","-9.76890","","MA","0"
"world-heritage:170","world-heritage","Medina von Fès","Medina of Fez","Altstadt in Marokko","Moroccan cultural heritage site","34.06250","-4.97250","","MA","0"
"world-heritage:331","world-heritage","Medina von Marrakesh","Medina of Marrakesh","Weltkulturerbe in Marrakesh, Marokko","Moroccan cultural heritage site","31.63139","-7.98667","","MA","0"
"world-heritage:498","world-heritage","Medina von Sousse","Medina of Sousse","Altstadt von Sousse","Old city of Sousse","35.82780","10.63860","","TN","0"
"world-heritage:837","world-heritage","Medina von Tétouan","Medina of Tétouan","marokkanisches Stadtviertel","World heritage site in Morocco","35.57106","-5.36647","","MA","0"
"world-heritage:36","world-heritage","Medina von Tunis","Medina of Tunis","Altstadt von Tunis","Old city of Tunis, Tunisia","36.79903","10.17006","","TN","0"
"world-heritage:262","world-heritage","Meeres-Nationalpark Sanganeb und Meeres-Nationalpark Dungonab-Bucht – Insel Mukkawar","Sanganeb Marine National Park and Dungonab Bay – Mukkawar Island Marine National Park","Welterbestätte im Sudan","World Heritage site in Sudan","19.73610","37.44310","","SD","0"
"world-heritage:1742","world-heritage","Meeresreservat von Akaba","Aqaba Marine Reserve","","marine park in Jordan","29.43070","34.97184","","JO","0"
"world-heritage:1325","world-heritage","Meeresschutzgebiet Phoenixinseln","Phoenix Islands Protected Area","Meeresschutzgebiet in Kiribati","large marine protected area in the central pacific","-3.64972","-172.85750","","KI","0"
"world-heritage:132","world-heritage","Megalithische Tempel von Malta","Megalithic Temples of Malta","Gruppe neolithischer Megalithanlagen","several prehistoric temples on the Maltese Islands","36.04917","14.26944","","MT","0"
"world-heritage:1725","world-heritage","Megaliths of Carnac and of the shores of Morbihan","","","World heritage site in France","47.61611","-3.08722","","FR","0"
"world-heritage:13","world-heritage","Melka Kunture","","archäologische Stätte in Äthiopien","paleolithic site in the upper Awash Valley, Ethiopia","8.70250","38.60833","","ET","0"
"world-heritage:86","world-heritage","Memphis und seine Nekropole – die Pyramidenfelder von Gizeh bis Dahschur","Memphis and its Necropolis – the Pyramid Fields from Giza to Dahshur","UNESCO-Welterbestätte in Ägypten","UNESCO World Heritage site","29.97600","31.13040","","EG","0"
"world-heritage:1676","world-heritage","Menschenrechte, Befreiung und Versöhnung: Das Vermächtnis von Nelson Mandela","Human Rights, Liberation and Reconciliation: Nelson Mandela Legacy Sites","Weltkulturerbe in Südafrika","World Heritage Site in South Africa","-33.94393","18.52716","","ZA","0"
"world-heritage:886","world-heritage","Merw","Merv","historische Stätte in Turkmenistan","archaeological site in Turkmenistan","37.66278","62.19250","","TM","0"
"world-heritage:27","world-heritage","Mesa-Verde-Nationalpark","Mesa Verde National Park","Nationalpark in Colorado, Vereinigte Staaten","U.S. national park in Colorado","37.26038","-108.49444","","US","0"
"world-heritage:455","world-heritage","Meteora","","griechische Klöster nahe der Stadt Kalambaka in Thessalien","rock formation with cluster of Greek Orthodox monasteries","39.71250","21.62667","","GR","0"
"world-heritage:211","world-heritage","Minarett und archäologische Relikte von Dschām","Minaret and Archaeological Remains of Jam","Welterbestätte in Afghanistan","World Heritage site in Afghanistan","34.39640","64.51590","","AF","0"
"world-heritage:1733","world-heritage","Minoische Palast-Zentren","Minoan Palatial Centres","","UNESCO World Heritage site in Greece","35.29722","25.16250","","GR","0"
"world-heritage:1466","world-heritage","Missionsstationen in San Antonio","San Antonio Missions","Welterbestätte in den USA","world heritage site in the United States","29.32810","-98.46000","","US","0"
"world-heritage:835","world-heritage","Mittelalterliche Altstadt von Toruń","Medieval Town of Toruń","UNESCO-Welterbe","oldest historic district in Toruń, Poland","53.01028","18.60472","","PL","0"
"world-heritage:724","world-heritage","Mittelalterliche Denkmäler im Kosovo","Medieval Monuments in Kosovo","","UNESCO World Heritage Site in Autonomous province of Kosovo, Serbia","42.66111","20.26556","","RS","0"
"world-heritage:873","world-heritage","Mittelalterliche Handelsstadt Provins","Provins","","town of Medieval Fairs in France","48.55972","3.29889","","FR","0"
"world-heritage:493","world-heritage","Mittelalterliche Stadt von Rhodos","Medieval City of Rhodes","Burg in Griechenland","part of the modern city on Rhodes island, Greece","36.44306","28.22694","","GR","0"
"world-heritage:1715","world-heritage","Modernistisches Zentrum von Gdynia","Śródmieście","","centre of Gdynia, Poland","54.51953","18.53891","","PL","0"
"world-heritage:440","world-heritage","Mogao-Grotten","Mogao Caves","Höhle in der Volksrepublik China","caves in Dunhuang City, Gansu, China","40.03722","94.80417","","CN","0"
"world-heritage:138","world-heritage","Mohenjo-Daro","Mohenjo-daro","historische Siedlung am Unterlauf des Indus","archaeological site in the province of Sindh, Pakistan","27.32917","68.13889","","PK","0"
"world-heritage:598","world-heritage","Moldauklöster","churches of Moldavia","","complex of multiple built objects","47.73300","25.93300","","RO","0"
"world-heritage:777","world-heritage","Monasteries of Haghpat and Sanahin","","","","41.09500","44.71028","","AM","0"
"world-heritage:960","world-heritage","Monastery of Geghard and the Upper Azat Valley","","","","40.15889","44.79667","","AM","0"
"world-heritage:518","world-heritage","Monestir de Santa Maria de Poblet","Poblet Monastery","katalanisches Zisterzienserkloster und Weltkulturerbe in der Provinz Tarragona, Spanien","monastery in Prades mountains, Catalonia. Spain","41.38083","1.08250","","ES","0"
"world-heritage:80","world-heritage","Mont-Saint-Michel und seine Bucht","Mont-Saint-Michel and its Bay","Welterbestätte in Frankreich","World Heritage site in France","48.63556","-1.51056","","FR","0"
"world-heritage:1478","world-heritage","Montanregion Erzgebirge/Krušnohoří","Ore Mountain Mining Region","deutsch-tschechisches Bergbaurevier","industrial heritage location","50.40650","12.83730","","CZ","0"
"world-heritage:1090","world-heritage","Monte San Giorgio","Monte San Giorgio site fossils","","fossils site in Switzerland","45.88925","8.91462","","CH","0"
"world-heritage:442","world-heritage","Monticello und Universität von Virginia in Charlottesville","Monticello and the University of Virginia in Charlottesville","Welterbestätte in den Vereinigten Staaten","World Heritage site in the United States","38.03278","-78.50389","","US","0"
"world-heritage:814","world-heritage","Morne-Trois-Pitons-Nationalpark","Morne Trois Pitons National Park","Nationalpark in Dominica","World Heritage Site in Dominica, in the Caribbean","15.26667","-61.28333","","DM","0"
"world-heritage:1648","world-heritage","Moscheen im sudanesischen Stil im Norden der Elfenbeinküste","Sudanese style mosques in northern Côte d'Ivoire","Welterbestätte in der Elfenbeinküste","World Heritage Site in Côte d'Ivoire","10.49032","-6.41017","","CI","0"
"world-heritage:264","world-heritage","Mosteiro da Batalha","Batalha Monastery","Kloster in Portugal","building in Batalha, Leiria District, Portugal","39.65917","-8.82611","","PT","0"
"world-heritage:505","world-heritage","Mosteiro de Alcobaça","Alcobaça Monastery","Kloster in Portugal","building in Alcobaça, Leiria District, Portugal","39.54859","-8.97863","","PT","0"
"world-heritage:454","world-heritage","Mount Athos","","","World Heritage Site in Greece","40.15833","24.32722","","GR","0"
"world-heritage:779","world-heritage","Mount Emei Scenic Area, including Leshan Giant Buddha Scenic Area","","Wikimedia-Begriffsklärungsseite","set of two World Heritage Sites in Sichuan, China","29.54490","103.76925","","CN","0"
"world-heritage:1403","world-heritage","Mount Hamiguitan Range Wildlife Sanctuary","","","","6.74000","126.18200","","PH","0"
"world-heritage:818","world-heritage","Mühlenanlagen in Kinderdijk-Elshout","Windmills at Kinderdijk","","group of windmills in Kinderdijk, Netherlands","51.88861","4.63472","","NL","0"
"world-heritage:1201","world-heritage","Mulanje Massiv","Mulanje Massif","Bergmassiv in Malawi","mountain in Malawi","-15.90000","35.65000","","MW","0"
"world-heritage:1709","world-heritage","Murujuga-Nationalpark","Murujuga National Park","großes Schutzgebiet eines südwestlichen Landes in Australien und UNESCO-Welterbe","national park in Australia","-20.57528","116.81097","","AU","0"
"world-heritage:1185","world-heritage","Museum Plantin-Moretus","","Druckereimuseum in Antwerpen, Belgien","museum in Antwerp, Belgium","51.21829","4.39816","","BE","0"
"world-heritage:896","world-heritage","Museumsinsel","Museum Island","nördlicher Teil der Spreeinsel in der historischen Mitte von Berlin","northern part of Spree Island in the Spree river in central Berlin","52.52139","13.39556","","DE","0"
"world-heritage:1127","world-heritage","Muskauer Park (Sachgesamtheit)","","Sachgesamtheitsbestandteil der Sachgesamtheit Muskauer Park: Landschaftspark (Gartendenkmal) mitsamt der Alaunbergbaufolgelandschaft im Bergpark (Technisches Denkmal) ohne Einzeldenkmale (siehe auch Sachgesamtheitsliste, Bad Muskau, OT Bad Muskau -Ob","heritage site in Bad Muskau, Germany","51.55000","14.72500","","DE","0"
"world-heritage:511","world-heritage","Mystras","","byzantinische Ruinenstadt beim gleichnamigen Dorf in Griechenland","fortified medieval city in Laconia, Peloponnese, Greece","37.07400","22.36730","","GR","0"
"world-heritage:1393","world-heritage","Nachal Me'arot","Nahal Me'arot Nature Reserve","Naturschutzgebiet und UNESCO-Welterbe in Israel","protected area in northern Israel","32.67083","34.96611","","IL","0"
"world-heritage:1502","world-heritage","Nalanda","Nalanda Mahavihara","archäologische Stätte in Indien","ancient Hindu-Buddhist monastery in present-day Bihar, India","25.13680","85.44383","","IN","0"
"world-heritage:1430","world-heritage","Namib-Sandmeer","Namib Sand Sea","UNESCO-Welterbe Namib-Sandmeer","World Heritage Site in Namibia","-24.88528","15.40778","","NA","0"
"world-heritage:1503","world-heritage","Nan Madol","","Ruinenstadt vor Temwen Island im Archipel der Karolinen","ruined city of Federated States of Micronesesia","6.84194","158.33222","","FM","0"
"world-heritage:115","world-heritage","Naqsch-e Dschahan","Naqsh-e Jahan Square","Platz in Isfahan, Iran; UNESCO-Weltkulturerbe","square in Isfahan, Iranian national heritage site","32.65822","51.67733","","IR","0"
"world-heritage:1751","world-heritage","Nationales Wildtierschutzgebiet Okefenokee","Okefenokee National Wildlife Refuge","","nature center in Folkston, Georgia, USA","30.73812","-82.13974","","US","0"
"world-heritage:506","world-heritage","Nationalpark Banc d'Arguin","Banc d'Arguin National Park","Nationalpark in Mauretanien","Mauritanian National Park","20.23472","-16.10889","","MR","0"
"world-heritage:910","world-heritage","Nationalpark Brimstone Hill Fortress","Brimstone Hill Fortress National Park","Nationalpark, ehemalige Festung auf St. Kitts, Karibik","national park in Saint Kitts","17.34700","-62.83600","","KN","0"
"world-heritage:701","world-heritage","Nationalpark Canaima","Canaima National Park","Nationalpark in Venezuela","national park in Venezuela","5.31934","-61.79535","","VE","0"
"world-heritage:1174","world-heritage","Nationalpark Chiribiquete","Chiribiquete National Park","Nationalpark in Kolumbien","national park in Colombia","0.70061","-72.80540","","CO","0"
"world-heritage:842","world-heritage","Nationalpark Cilento und Vallo di Diano mit den archäologischen Stätten von Paestum und Elea und der Kartause von Padula","Cilento and Vallo di Diano National Park with the Archeological Sites of Paestum and Velia, and the Certosa di Padula","Welterbestätte in Italien","World Heritage site in Italy","40.28333","15.26667","","IT","0"
"world-heritage:1138","world-heritage","Nationalpark Coiba","Coiba","Nationalpark in Panama","island and national park in Panama","7.48000","-81.79000","","PA","0"
"world-heritage:227","world-heritage","Nationalpark Comoé","Comoé National Park","Nationalpark in der Elfenbeinküste","protected areas of Côte d'Ivoire","8.82250","-3.59056","","CI","0"
"world-heritage:159","world-heritage","Nationalpark Darién","Darién National Park","Nationalpark in Panama","national park in Panamá","7.73611","-77.54722","","PA","0"
"world-heritage:889","world-heritage","Nationalpark Desembarco del Granma","Desembarco del Granma National Park","Nationalpark in Kuba","","19.88333","-77.63333","","CU","0"
"world-heritage:25","world-heritage","Nationalpark Djoudj","Djoudj National Bird Sanctuary","Nationalpark in Senegal","national park in Senegal","16.35849","-16.27410","","SN","0"
"world-heritage:685","world-heritage","Nationalpark Doñana","Doñana National Park","Nationalpark und Weltnaturerbe in Spanien","national park located in Spain","37.02000","-6.44000","","ES","0"
"world-heritage:100","world-heritage","Nationalpark Durmitor","Durmitor National Park","Nationalpark in Montenegro","national park in Montenegro","43.15320","19.03687","","ME","0"
"world-heritage:380","world-heritage","Nationalpark Garajonay","Garajonay National Park","Nationalpark und Weltnaturerbe in Spanien","national park of Spain","28.12625","-17.23722","","ES","0"
"world-heritage:136","world-heritage","Nationalpark Garamba","Garamba National Park","Nationalpark in der Demokratischen Republik Kongo","national park in DR Congo","4.19559","29.48093","","CD","0"
"world-heritage:1013","world-heritage","Nationalpark Gunung Mulu","Gunung Mulu National Park","Schutzgebiet auf Borneo","national park in Sarawak, Malaysia","4.04250","114.81250","","MY","0"
"world-heritage:333","world-heritage","Nationalpark Huascarán","Huascarán National Park","Welterbestätte und Nationalpark in Peru","World Heritage Site and national park in Peru","-9.40000","-77.40000","","PE","0"
"world-heritage:8","world-heritage","Nationalpark Ichkeul","Ichkeul National Park","Nationalpark in Tunesien","national park in Tunisia","37.12344","9.65544","","TN","0"
"world-heritage:355","world-heritage","Nationalpark Iguaçu","Iguaçu National Park","Schutzgebiet in Brasilien","national park in Brazil","-25.68333","-54.43333","","BR","0"
"world-heritage:137","world-heritage","Nationalpark Kahuzi-Biéga","Kahuzi-Biéga National Park","Nationalpark in der Demokratischen Republik Kongo","national park in the Democratic Republic of the Congo","-2.31481","28.75867","","CD","0"
"world-heritage:147","world-heritage","Nationalpark Kakadu","Kakadu National Park","UNESCO-Welterbestätte in Australien","World Heritage site in Australia","-13.00550","132.51950","","AU","0"
"world-heritage:1012","world-heritage","Nationalpark Kinabalu","Kinabalu Park","Schutzgebiet auf Borneo","national park and UNESCO World Heritage Site in Malaysia","6.15000","116.65000","","MY","0"
"world-heritage:820","world-heritage","Nationalpark Kokosinsel","Cocos Island National Park","Nationalpark in Costa Rica","","5.53333","-87.06670","","CR","0"
"world-heritage:609","world-heritage","Nationalpark Komodo","Komodo National Park","Nationalpark in Indonesien","national park in Indonesia","-8.65162","119.57657","","ID","0"
"world-heritage:955","world-heritage","Nationalpark Lorentz","Lorentz National Park","Nationalpark in Indonesien","national park in the Indonesian province of Papua","-4.75000","137.83333","","ID","0"
"world-heritage:1526","world-heritage","Nationalpark Los Alerces","Los Alerces National Park","Nationalpark in Argentinien","national park of Argentina","-42.80750","-71.89889","","AR","0"
"world-heritage:145","world-heritage","Nationalpark Los Glaciares","Los Glaciares National Park","Schutzgebiet im argentinischen Teil Patagoniens","national park of Argentina","-50.33053","-73.23416","","AR","0"
"world-heritage:711","world-heritage","Nationalpark Los Katíos","Los Katíos National Park","Nationalpark in Kolumbien","national park in Colombia","7.80000","-77.15000","","CO","0"
"world-heritage:475","world-heritage","Nationalpark Manovo-Gounda Saint Floris","Manovo-Gounda St. Floris National Park","Nationalpark in der Zentralafrikanische Republik","","8.50000","21.50000","","CF","0"
"world-heritage:402","world-heritage","Nationalpark Manu","Manu National Park","Nationalpark in Peru","World Heritage Site and national park in Peru","-12.14000","-71.66000","","PE","0"
"world-heritage:686","world-heritage","Nationalpark Miguasha","Miguasha National Park","Provinzpark in Kanada","national park of Quebec","48.11056","-66.36944","","CA","0"
"world-heritage:800","world-heritage","Nationalpark Mount Kenya","Mount Kenya National Park","Schutzgebiet in Kenia","national park in Kenya","-0.12389","37.33667","","KE","0"
"world-heritage:24","world-heritage","Nationalpark Nahanni","Nahanni National Park Reserve","Nationalpark in Kanada","national park in Canada","61.59710","-125.85200","","CA","0"
"world-heritage:153","world-heritage","Nationalpark Niokolo-Koba","Niokolo-Koba National Park","Nationalpark in Senegal","national park of Senegal and UNESCO World Heritage Site","13.07417","-12.72222","","SN","0"
"world-heritage:967","world-heritage","Nationalpark Noel Kempff Mercado","Noel Kempff Mercado National Park","Nationalpark in Bolivien","","-14.23028","-60.84667","","BO","0"
"world-heritage:1697","world-heritage","Nationalpark Nyungwe","Nyungwe Forest","Nationalpark in Ruanda","national park located in southwest part of Rwanda","-2.52822","29.27585","","RW","0"
"world-heritage:692","world-heritage","Nationalpark Odzala","Odzala National Park","Nationalpark in der Republik Kongo","","0.80000","14.90000","","CG","0"
"world-heritage:225","world-heritage","Nationalpark Pirin","Pirin National Park","Nationalpark in Bulgarien","national park in Bulgaria","41.67222","23.48778","","BG","0"
"world-heritage:98","world-heritage","Nationalpark Plitvicer Seen","Plitvice Lakes National Park","Nationalpark in Kroatien","national park of Croatia, a UNESCO World Heritage Site","44.88045","15.61604","","HR","0"
"world-heritage:715","world-heritage","Nationalpark Rapa Nui","Rapa Nui National Park","Chilenischer Nationalpark auf der Osterinsel","Chilean national park, in Easter Island","-27.07288","-109.34858","","CL","0"
"world-heritage:548","world-heritage","Nationalpark Río-Abiseo","Río Abiseo National Park","Nationalpark in Peru","World Heritage Site and national park in Peru","-7.75000","-77.25000","","PE","0"
"world-heritage:684","world-heritage","Nationalpark Rwenzori Mountains","Rwenzori Mountains National Park","Schutzgebiet in Uganda","national park in Uganda","0.40000","29.95000","","UG","0"
"world-heritage:280","world-heritage","Nationalpark Salonga","Salonga National Park","Nationalpark in der Demokratischen Republik Kongo","national park in the Democratic Republic of the Congo","-2.00000","21.00000","","CD","0"
"world-heritage:260","world-heritage","Nationalpark Sangay","Sangay National Park","Nationalpark in Ecuador","national park in Ecuador","-1.83333","-78.33333","","EC","0"
"world-heritage:606","world-heritage","Nationalpark Serra da Capivara","Serra da Capivara National Park","Nationalpark in Brasilien","national park of Brazil","-8.66670","-42.55000","","BR","0"
"world-heritage:195","world-heritage","Nationalpark Taï","Taï National Park","Nationalpark in der Elfenbeinküste","protected areas of Côte d'Ivoire","5.75000","-7.12000","","CI","0"
"world-heritage:1258","world-heritage","Nationalpark Teide","Teide National Park","Nationalpark und Weltnaturerbe auf der spanischen Insel Teneriffa","National Park in Tenerife, Spain","28.26470","-16.61810","","ES","0"
"world-heritage:64","world-heritage","Nationalpark Tikal","Tikal National Park","Nationalpark in Guatemala","national park in Guatemala","17.21667","-89.61667","","GT","0"
"world-heritage:608","world-heritage","Nationalpark Ujung Kulon","Ujung Kulon National Park","Nationalpark in Indonesien","national park in Java, Indonesia","-6.75000","105.33333","","ID","0"
"world-heritage:652","world-heritage","Nationalpark Unterirdischer Fluss bei Puerto-Princesa","Puerto Princesa Subterranean River National Park","Nationalpark auf den Philippinen","national park in the Philippines","10.16667","118.91667","","PH","0"
"world-heritage:63","world-heritage","Nationalpark Virunga","Virunga National Park","Nationalpark in der Demokratischen Republik Kongo","national park in the Democratic Republic of the Congo","-0.50000","29.50000","","CD","0"
"world-heritage:749","world-heritage","Nationalparkkomplex W–Arly–Pendjari","W-Arly-Pendjari Complex","Welterbestätte in Afrika","Natural UNESCO World Heritage Site in Benin, Burkina Faso and Niger","11.88420","2.48780","","NE","0"
"world-heritage:801","world-heritage","Nationalparks am Turkana-See","Lake Turkana National Parks","Weltnaturerbestätte in Kenia","group of three national parks of Kenya","3.05131","36.50367","","KE","0"
"world-heritage:335","world-heritage","Nationalparks Nanda Devi und Tal der Blumen","Nanda Devi and Valley of Flowers National Parks","Nationalparks und UNESCO-Welterbe in Uttarakhand, Indien","","30.71667","79.66667","","IN","0"
"world-heritage:99","world-heritage","Natur- und Kulturerbe der Region Ohrid","Natural and Cultural Heritage of the Ohrid region","Welterbestätte in Albanien und Nordmazedonien","World Heritage Site in North Macedonia","40.90070","20.66402","","AL","0"
"world-heritage:125","world-heritage","Natur- und Kulturerbe Region Kotor","Natural and Culturo-Historical Region of Kotor","Region in Montenegro, UNESCO-Welterbe","UNESCO World Heritage Site","42.43000","18.77000","","ME","0"
"world-heritage:1299","world-heritage","Naturpark Lenafelsen","Lena Pillars","","protected area of Russia","61.10694","127.36167","","RU","0"
"world-heritage:966","world-heritage","Naturparks Ischigualasto und Talampaya","Ischigualasto / Talampaya Natural Parks","","World Heritage Site in Argentina","-29.80000","-67.83333","","AR","0"
"world-heritage:494","world-heritage","Naturreservat Tsingy de Bemaraha","Tsingy de Bemaraha Strict Nature Reserve","","strict nature reserve of Madagascar","-18.66667","44.75000","","MG","0"
"world-heritage:573","world-heritage","Naturschutzgebiet Aïr und Ténéré","Aïr and Ténéré National Nature Reserve","Naturschutzgebiet in Niger","nature reserve in Niger","18.00000","9.00000","","NE","0"
"world-heritage:205","world-heritage","Naturschutzgebiet Talamanca und Nationalpark La Amistad","Talamanca Range-La Amistad Reserves","Welterbestätte in Costa Rica und Panama","World Heritage site in Costa Rica and Panama","9.40690","-82.93860","","PA","0"
"world-heritage:998","world-heritage","Naturschutzkomplex Zentralamazonien","Central Amazon Conservation Complex","brasilianisches Schutzgebiet und Welterbe","","-2.33333","-62.00830","","BR","0"
"world-heritage:1470","world-heritage","Naumburger Dom","Naumburg Cathedral","Kirchengebäude in Naumburg (Saale), Burgenlandkreis, Sachsen-Anhalt","cathedral in Saxony-Anhalt, Germany","51.15472","11.80389","","DE","0"
"world-heritage:700","world-heritage","Nazca-Linien","Nazca Lines","Scharrbilder bei Nazca und Palpa in Peru","large geoglyphs made in the soil of the Nazca Desert in Peru","-14.69750","-75.13500","","PE","0"
"world-heritage:726","world-heritage","Neapel, das historische Zentrum","Historic Centre of Naples","","World Heritage site in Naples, Italy","40.85139","14.26278","","IT","0"
"world-heritage:1736","world-heritage","Nekropole der Tanguten","Western Xia Mausoleums","archäologische Stätte in der Volksrepublik China","building in Western Xia mausoleums, China","38.43503","105.98717","","CN","0"
"world-heritage:448","world-heritage","Nemrut Dağı","Mount Nemrut","Berg und Grabstätte in der Türkei","mountain and UNESCO World Heritage Site in Turkey","37.98074","38.74083","","TR","0"
"world-heritage:880","world-heritage","Neuer Sommerpalast","Summer Palace","Palast in Peking","Ensemble of lakes, gardens and palaces in Beijing, China","39.99750","116.26890","","CN","0"
"world-heritage:1115","world-heritage","Neukaledonisches Barriereriff","New Caledonia Barrier Reef","französisch-neukaledonisches Korallenriff","World Heritage site in New Caledonia","-20.41194","164.56639","","FR","0"
"world-heritage:429","world-heritage","New Lanark","","Dorf in Lanarkshire, Schottland","village in South Lanarkshire, Scotland, UK","55.66361","-3.78139","","GB","0"
"world-heritage:39","world-heritage","Ngorongoro","Ngorongoro Conservation Area","Einbruchkrater in Tansania","World Heritage Site","-3.21000","35.46000","","TZ","0"
"world-heritage:1014","world-heritage","Niah-Höhlen","Niah National Park","Höhle in Malaysia","national park in Malaysia","3.81389","113.78139","","MY","0"
"world-heritage:1631","world-heritage","Niedergermanischer Limes","Lower German Limes","ehemalige Grenze des römischen Reichs","UNESCO World Heritage Site in Germany, Netherlands","51.66222","6.45389","","DE","0"
"world-heritage:1369","world-heritage","Ningaloo Reef","","Korallenriff in Westaustralien","coral reef in Western Australia","-22.73900","113.62800","","AU","0"
"world-heritage:1242","world-heritage","Nisa","","Siedlung in Turkmenistan","capital of Parthian Empire","37.95115","58.21241","","TM","0"
"world-heritage:1635","world-heritage","Nizza, Winterkurort der Riviera","Nice, Winter Resort Town of the Riviera","Welterbestätte in Frankreich","world heritage site in France","43.70169","7.27231","","FR","0"
"world-heritage:1360","world-heritage","Nordfranzösisches Kohlerevier","northern French coal mining region","","","50.46250","3.54611","","FR","0"
"world-heritage:1097","world-heritage","Nowodewitschi-Kloster","Novodevichy Convent","Kloster in Russland","convent and UNESCO World Heritage Site in Moscow, Russia","55.72597","37.55658","","RU","0"
"world-heritage:88","world-heritage","Nubische Denkmäler von Abu Simbel bis Philae","Nubian Monuments from Abu Simbel to Philae","UNESCO-Welterbestätte in Ägypten","","22.33639","31.62611","","EG","0"
"world-heritage:1362","world-heritage","Ogasawara-Inseln","Ogasawara Archipelago","alle zur Gemeinde Ogasawara gehörigen Inseln und Inselgruppen","the geographical description of Tokyo's Ogasawara Subprefecture, including the Bonin and Volcano island groups along with three isolated islands, chiefly as a calque of the Japanese 'Ogasawara-Shotō'","27.00000","142.16667","","JP","0"
"world-heritage:718","world-heritage","Okapi-Wildtierreservat","Okapi Wildlife Reserve","Nationalpark in der Demokratischen Republik Kongo","","2.00000","28.50000","","CD","0"
"world-heritage:1432","world-heritage","Okavangodelta","Okavango Delta","Binnendelta des Okavango in Botswana","river delta in Botswana","-19.40000","22.90000","","BW","0"
"world-heritage:1497","world-heritage","Ökoreservat Mistaken Point","Mistaken Point Ecological Reserve","Schutzgebiet in Kanada","protected area in Newfoundland and Labrador, Canada","46.63190","-53.19030","","CA","0"
"world-heritage:1147","world-heritage","Ökosystem und Relikt-Kulturlandschaft Lopé-Okanda","Ecosystem and Relict Cultural Landscape of Lopé-Okanda","Nationalpark in Gabun","","-0.50000","11.50000","","GA","0"
"world-heritage:741","world-heritage","Old Town Lunenburg","","","old town in Lunenburg, Nova Scotia","44.37611","-64.30917","","CA","0"
"world-heritage:811","world-heritage","Old Town of Lijiang","","","World Heritage site in China","26.86670","100.23330","","CN","0"
"world-heritage:517","world-heritage","Olympia","","Heiligtum des Zeus auf dem Peloponnes","town on the Peloponnese peninsula in Greece, site of the ancient Olympic Games","37.63833","21.63000","","GR","0"
"world-heritage:151","world-heritage","Olympic-Nationalpark","Olympic National Park","Nationalpark in den Vereinigten Staaten","national park on the Olympic Peninsula in Washington State, USA","47.70000","-123.75000","","US","0"
"world-heritage:1623","world-heritage","Paduas Freskenzyklen aus dem 14. Jahrhundert","Padua's fourteenth-century fresco cycles","Welterbestätte in Italien","World Heritage site in Italy","45.41189","11.87961","","IT","0"
"world-heritage:426","world-heritage","Palast und Abtei von Westminster mit Margarethenkirche","Palace of Westminster and Westminster Abbey including Saint Margaret's Church","Welterbestätte im Vereinigten Königreich","UNESCO World Heritage Site","51.50056","-0.12694","","GB","0"
"world-heritage:83","world-heritage","Palast und Park von Versailles","Palace and Park of Versailles","UNESCO-Weltkulturerbe in Frankreich","","48.80500","2.11944","","FR","0"
"world-heritage:804","world-heritage","Palau de la Música Catalana und Hospital de Sant Pau, Barcelona","Palau de la Música Catalana and Hospital de Sant Pau, Barcelona","Weltkulturerbe in Spanien","World Heritage site in Spain","41.38778","2.17500","","ES","0"
"world-heritage:411","world-heritage","Palenque","","archäologischer Fundplatz in Mexiko","former Maya city state in southern Mexico","17.48417","-92.04639","","MX","0"
"world-heritage:1492","world-heritage","Palestine: Land of Olives and Vines – Cultural Landscape of Southern Jerusalem, Battir","","","","31.71972","35.13056","","PS","0"
"world-heritage:930","world-heritage","Palmenhain von Elche","Palmeral of Elche","Weltkulturerbe in Spanien","historic palm grove in Elche, Spain, inscribed as a UNESCO World Heritage Site in 2000","38.26444","-0.69083","","ES","0"
"world-heritage:23","world-heritage","Palmyra","","antike Oasenstadt in Syrien","ancient city in Homs Governorate, Syria","34.56000","38.26722","","SY","0"
"world-heritage:1326","world-heritage","Papahānaumokuākea Marine National Monument","","Meeresschutzgebiet in den Vereinigten Staaten","national monument in the United States","25.50000","-170.50000","","US","0"
"world-heritage:79","world-heritage","Paphos","","","World Heritage site in Cyprus","34.75833","32.40556","","CY","0"
"world-heritage:228","world-heritage","Papstpalast, Kathedrale und Brücke von Avignon","Historic Centre of Avignon","Weltkulturerbe in Avignon, Frankreich","historic district in Avignon, France","43.95278","4.80611","","FR","0"
"world-heritage:560","world-heritage","Paquimé","Casas Grandes","archäologischer Fundplatz in Mexiko","prehistoric archaeological site in the northern Mexican state of Chihuahua","30.37583","-107.95556","","MX","0"
"world-heritage:1308","world-heritage","Paraty und Ilha Grande – Kultur und Biodiversität","Paraty and Ilha Grande – Culture and Biodiversity","Welterbestätte in Brasilien","World Heritage site in Brazil","-23.01860","-44.68540","","BR","0"
"world-heritage:1469","world-heritage","Parforcejagdlandschaft in Nordseeland","Par force hunting landscape in North Zealand","Welterbestätte in Dänemark","World Heritage site en Denmark","55.91360","12.35780","","DK","0"
"world-heritage:1106","world-heritage","Pasargadae","","archäologische Stätte im Iran","ancient city and archaeological site in Fars Province, Iranian national heritage site","30.20000","53.17944","","IR","0"
"world-heritage:1618","world-heritage","Paseo del Prado und Buen Retiro, Landschaft der Künste und der Wissenschaften","Paseo del Prado and Buen Retiro, a landscape of Arts and Sciences","Welterbestätte in der spanischen Hauptstadt Madrid","cultural landscape World Heritage Site, in Madrid (Spain)","40.41414","-3.68653","","ES","0"
"world-heritage:239","world-heritage","Pattadakal","Pattadakal Group of Monuments","archäologische Stätte in Indien","World Heritage site with 7th and 8th century temples","15.95133","75.81464","","IN","0"
"world-heritage:1457","world-heritage","Pergamon and its Multi-Layered Cultural Landscape","","","World Heritage site in Turkey","39.12583","27.18000","","TR","0"
"world-heritage:1364","world-heritage","Perlenfischerei als Zeugnis einer Inselökonomie","Bahrain Pearling Trail","Welterbestätte in Bahrein","a serial cultural heritage site in Bahrain inscribed on the UNESCO World Heritage List","26.25000","50.61000","","BH","0"
"world-heritage:114","world-heritage","Persepolis","","archäologische Stätte im Iran; ehemalige zeremonielle Hauptstadt des Achämenidenreiches","ancient city in Marvdasht County, Iranian national heritage site and World heritage site","29.93500","52.89000","","IR","0"
"world-heritage:326","world-heritage","Petra","","antike Felsenstadt in Jordanien","ancient rock-cut historical city in Jordan","30.32889","35.44028","","JO","0"
"world-heritage:1382","world-heritage","Petroglyphen des mongolischen Altai","Petroglyphic Complexes of the Mongolian Altai","archäologische Stätte in Mongolei","prehistoric rock engravings and World Heritage site in western Mongolia","49.33389","88.39528","","MN","0"
"world-heritage:1740","world-heritage","Petroglyphs along the Bangucheon Stream","","","petroglyphic sites in South Korea, designated as World Heritage Site in 2025","35.60845","129.17400","","KR","0"
"world-heritage:1517","world-heritage","Philippi","","antike Stadt und Festung im Osten von Makedonien","ancient city in eastern Macedonia, in the Edonis region","41.01207","24.28458","","GR","0"
"world-heritage:951","world-heritage","Phong Nha-Ke Bang","Phong Nha–Ke Bang National Park","Nationalpark in Vietnam","national park in Vietnam","17.53333","106.15000","","VN","0"
"world-heritage:1507","world-heritage","Phu Phrabat, a testimony to the Sīma stone tradition of the Dvaravati period","","","World Heritage Sites in Thailand","17.73106","102.35628","","TH","0"
"world-heritage:395","world-heritage","Piazza dei Miracoli","Piazza del Duomo, Pisa","Domplatz der toskanischen Stadt Pisa","World Heritage site in Pisa, Italy","43.72343","10.39478","","IT","0"
"world-heritage:669","world-heritage","Pilgerwege nach Santiago de Compostela: Camino Francés und die Routen Nordspaniens","Routes of Santiago de Compostela: Camino Francés and Routes of Northern Spain","Welterbestätte in Spanien","UNESCO World Heritage Site in Spain, network of routes and built heritage part of the Way of Saint James, first listed 1993, revised 2015","43.33500","-6.41472","","ES","0"
"world-heritage:445","world-heritage","Pilotplan von Brasilia","Pilot Plan of Brasília","Welterbestätte in Brasilien","World heritage listing","-15.79389","-47.88278","","BR","0"
"world-heritage:1415","world-heritage","Pimachiowin Aki","","Welterbestätte in Kanada","UNESCO World Heritage site in Manitoba and Ontario, Canada","51.00000","-95.00000","","CA","0"
"world-heritage:1161","world-heritage","Pitons","","Berg auf St. Lucia","volcanic spires in Saint Lucia","13.80708","-61.07036","","LC","0"
"world-heritage:229","world-heritage","Plätze Stanislas, de la Carrière und d’Alliance in Nancy","Place Stanislas, Place de la Carrière and Place d'Alliance in Nancy","Welterbestätte in Frankreich","World Heritage site in France","48.69361","6.18333","","FR","0"
"world-heritage:201","world-heritage","Polonnaruwa","","Stadt in der Nord-Zentralprovinz Sri Lankas","town in North Central Province, Sri Lanka","7.93333","81.00000","","LK","0"
"world-heritage:344","world-heritage","Pont du Gard","","Aquäduktbrücke in Südfrankreich","ancient Roman aqueduct bridge that crosses the Gardon River in Vers-Pont-du-Gard, France","43.94730","4.53550","","FR","0"
"world-heritage:1303","world-heritage","Pontcysyllte Aqueduct and Canal","","","World Heritage site in Weston Rhyn, Shropshire, England, UK","52.97212","-3.08727","","GB","0"
"world-heritage:1256","world-heritage","Port de la Lune (Bordeaux)","port of the Moon","Hafen und historischer Stadtkern in Frankreich","","44.83889","-0.57222","","FR","0"
"world-heritage:1595","world-heritage","Port Royal","","","settlement in Jamaica","17.93750","-76.84139","","JM","0"
"world-heritage:826","world-heritage","Portovenere und Cinque Terre mit den Inseln Palmaria, Tino und Tinetto","Portovenere, Cinque Terre, and the Islands (Palmaria, Tino and Tinetto)","","World Heritage site in Italy","44.10694","9.72917","","IT","0"
"world-heritage:707","world-heritage","Potala-Palast und Norbulingka","World Heritage Sites in Tibet","Weltkulturerbe in Lhasa, China","architectural ensemble in China","29.65792","91.11717","","CN","0"
"world-heritage:420","world-heritage","Potosí","","Großstadt in Bolivien","city in Bolivia","-19.58917","-65.75333","","BO","0"
"world-heritage:1435","world-heritage","Poverty Point","","archäologische Stätte in Louisiana, Vereinigte Staaten","prehistoric site of the Poverty Point culture in northeastern Louisiana, United States","32.63670","-91.41140","","US","0"
"world-heritage:1352","world-heritage","Prähistorische Höhlen von Yagul und Mitla im Tal von Oaxaca","Prehistoric Caves of Yagul and Mitla in the Central Valley of Oaxaca","","World Heritage prehistoric sites in Mexico","16.95083","-96.42111","","MX","0"
"world-heritage:1363","world-heritage","Prähistorische Pfahlbauten um die Alpen","prehistoric pile dwellings around the Alps","UNESCO-Weltkulturerbe in der Schweiz, in Deutschland, Österreich, Italien, Frankreich und Slowenien","series of stilt houses built near the Alps mountain range","47.67460","9.12099","","DE","0"
"world-heritage:1632","world-heritage","Prähistorische Stätten der Jomon in Nordjapan","Jōmon Prehistoric Sites in Northern Japan","Welterbestätte in Japan","World Heritage site in Japan","41.06556","140.55222","","JP","0"
"world-heritage:1528","world-heritage","Prähistorische Stätten des Talayotischen Menorca","Talayotic Culture of Minorca","Weltkulturerbestätte in Spanien","World Heritage Site in Spain","39.99750","3.90889","","ES","0"
"world-heritage:642","world-heritage","Prambanan","Prambanan Temple","Hinduistische Tempelanlage auf der indonesischen Insel Java","Hindu temple in Yogyakarta and Central Java, Indonesia","-7.75200","110.49122","","ID","0"
"world-heritage:1224","world-heritage","Prasat Preah Vihear","Preah Vihear Temple","archäologische Stätte in Kambodscha","Khmer Temple that has territorial conflict between Cambodia and Thailand","14.39056","104.68028","","KH","0"
"world-heritage:791","world-heritage","Pre-Hispanic Town of Uxmal","","","World Heritage site in Mexico","20.36170","-89.77030","","MX","0"
"world-heritage:1453","world-heritage","Precolumbian Chiefdom Settlements with Stone Spheres of the Diquís","","","World Heritage site in Costa Rica","8.93845","-83.50254","","CR","0"
"world-heritage:866","world-heritage","Prehistoric Rock Art Sites in the Côa Valley and Siega Verde World Heritage Site","Prehistoric Rock-Art Site of the Côa Valley and Siega Verde","archäologische Stätte und Weltkulturerbe in Portugal und Spanien","World Heritage site in Portugal and Spain","40.69750","-6.66111","","PT","0"
"world-heritage:1744","world-heritage","Prehistoric Sites of the Khorramabad Valley","","","Unesco World Heritage Site in Iran","33.46667","48.31667","","IR","0"
"world-heritage:1217","world-heritage","Puente de Vizcaya","Vizcaya Bridge","Schwebefähre und Weltkulturerbe bei Bilbao in Spanien","","43.32306","-3.01694","","ES","0"
"world-heritage:332","world-heritage","Punische Stadt Kerkouan und ihre Nekropole","Punic Town of Kerkuane and its Necropolis","Welterbestätte in Tunesien","World Heritage site in Tunisia","36.94640","11.09920","","TN","0"
"world-heritage:1094","world-heritage","Purnululu-Nationalpark","Purnululu National Park","Nationalpark in Australien","national park in the Kimberley region of Western Australia","-17.44879","128.54605","","AU","0"
"world-heritage:1234","world-heritage","Putorana-Gebirge","Putorana Plateau","","","69.00000","93.00000","","RU","0"
"world-heritage:773","world-heritage","Pyrénées - Mont Perdu World Heritage Site","Pyrénées – Mont Perdu World Heritage Site","World Heritage Site in Frankreich und Spanien","UNESCO World Heritage Site in Spain and France","42.65000","0.05000","","FR","0"
"world-heritage:595","world-heritage","Pythagoreion und Heraion von Samos","Pythagoreion and Heraion of Samos","Welterbestätte in Griechenland","archaeological site in Samos, Greece","37.67204","26.88663","","GR","0"
"world-heritage:1444","world-heritage","Pyu: Stadtstaaten Sri Ksetra, Beikthano-myo und Halin","Pyu Ancient Cities","","Pyu Ancient Cities includes the remains of three brick, walled and moated cities of Halin, Beikthano and Sri Ksetra","22.47000","95.81861","","MM","0"
"world-heritage:850","world-heritage","Qadisha Tal und Zedern des Herrn","Ouadi Qadisha (the Holy Valley) and the Forest of the Cedars of God (Horsh Arz el-Rab)","","","34.28294","35.95161","","LB","0"
"world-heritage:1192","world-heritage","Qal'at al-Bahrain","Qal’at al Bahrain","archäologische Stätte in Bahrain","archaeological site in Bahrain","26.23361","50.52056","","BH","0"
"world-heritage:1537","world-heritage","Qalhat","","Siedlung im Nordosten von Oman","ancient city of the Kingdom of Hormuz, in Oman","22.70000","59.36990","","OM","0"
"world-heritage:1712","world-heritage","Qaryat al-Faw","","archäologische Stätte in Saudi-Arabien","ancient village and the capital of Kinda","19.78330","45.15000","","SA","0"
"world-heritage:1561","world-heritage","Quanzhou: Markt- und Handelsplatz der Song-Yuan-Dynastie","Quanzhou: Emporium of the World in Song-Yuan China","Welterbestätte in China","World Heritage Site in China","24.71028","118.44417","","CN","0"
"world-heritage:1116","world-heritage","Quebrada de Humahuaca","","Schlucht in Argentinien","valley in Argentina","-23.19986","-65.34886","","AR","0"
"world-heritage:149","world-heritage","Quiriguá","","archäologischer Fundplatz in Guatemala","ancient Maya archaeological site in south-eastern Guatemala","15.26944","-89.04028","","GT","0"
"world-heritage:327","world-heritage","Qusair 'Amra","Qasr Amra","Burg in Jordanien","","31.80175","36.58731","","JO","0"
"world-heritage:233","world-heritage","Qutb-Komplex","Qutb complex","Gelände im Süden von Delhi","monuments and buildings from the Delhi Sultanate at Mehrauli, Delhi, India","28.52438","77.18543","","IN","0"
"world-heritage:1401","world-heritage","Rabat","","Hauptstadt von Marokko","capital city of Morocco","34.02111","-6.84139","","MA","0"
"world-heritage:1570","world-heritage","Ramappa-Tempel","Ramappa Temple","hinduistischer Tempel in Telangana, Indien","13th century Kakatiya temple in Telangana","18.25944","79.94250","","IN","0"
"world-heritage:922","world-heritage","Rani-Ki-Vav-Stufenbrunnen","Rani ki vav","Stufenbrunnen in Gujarat, Indien","stepwell in Patan, Gujarat built during the reign of the Chaulukya king Bhima","23.85892","72.10162","","IN","0"
"world-heritage:1412","world-heritage","Red Bay","Red Bay National Historic Site","","national historic site in Newfondland and Labrador, Canada","51.72692","-56.42953","","CA","0"
"world-heritage:134","world-heritage","Redwood National and State Parks","","","collaborative group of parks in California","41.37389","-123.99806","","US","0"
"world-heritage:1257","world-heritage","Regenwälder von Atsinanana","Rainforests of the Atsinanana","von der UNESCO gelistete Stätte des Weltnaturerbes in Madagaskar","madagascan World Heritage Sitie","-14.45972","49.70250","","MG","0"
"world-heritage:974","world-heritage","Reichenau","Reichenau Island","Insel im Bodensee","island in Germany","47.69306","9.06306","","DE","0"
"world-heritage:722","world-heritage","Reisterrassen in den philippinischen Kordilleren","Rice Terraces of the Philippine Cordilleras","","various rice terraces located at the Cordillera Administrative Region, Philippines","16.93389","121.13667","","PH","0"
"world-heritage:43","world-heritage","Reiter von Madara","Madara Rider","frühmittelalterliches Felsrelief in Bulgarien","early medieval rock relief","43.27737","27.11889","","BG","0"
"world-heritage:522","world-heritage","Renaissance Monumental Ensembles of Úbeda and Baeza World Heritage Site","Renaissance Monumental Ensembles of Úbeda and Baeza","World Heritage Site in Spanien","World Heritage site in Spain","38.01131","-3.37122","","ES","0"
"world-heritage:155","world-heritage","Reservat Berg Nimba","Mount Nimba Strict Nature Reserve","Naturschutzgebiet im Dreiländereck Guinea, Liberia und der Elfenbeinküste","protected areas of Côte d'Ivoire","7.60300","-8.39100","","CI","0"
"world-heritage:893","world-heritage","Reservat Südöstliche Atlantische Wälder","Atlantic Forest South-East Reserves","Wald und Welterbe in Brasilien","nature reserve in Brazil","-24.16667","-48.00000","","BR","0"
"world-heritage:1330","world-heritage","Residenz der orthodoxen Metropoliten der Bukowina und Dalmatiens","Residence of Bukovinian and Dalmatian Metropolitans","Gebäudeensemble und UNESCO-Welterbe in Czernowitz","","48.29664","25.92491","","UA","0"
"world-heritage:823","world-heritage","Residenzen des Hauses Savoyen","Residences of the Royal House of Savoy","","group of structures in Italy","45.07250","7.68583","","IT","0"
"world-heritage:1705","world-heritage","Residenzensemble Schwerin","Residence Ensemble Schwerin","Welterbestätte in Mecklenburg-Vorpommern","world heritage site in Schwerin, Germany","53.62417","11.41889","","DE","0"
"world-heritage:1510","world-heritage","Revillagigedo-Inseln","Revillagigedo Islands","mexikanische Inselgruppe","","18.82139","-112.76389","","MX","0"
"world-heritage:1221","world-heritage","Rideau-Kanal","Rideau Canal World Heritage Site","Weltkulturerbestätte in Kanada","world heritage site in Ontario, Canada","44.99439","-75.76512","","CA","0"
"world-heritage:965","world-heritage","Rietveld-Schröder-Haus","Rietveld Schröder House","durch Gerrit Rietveld entworfenes Wohnhaus in Utrecht","house in the Dutch city of Utrecht built in 1924 by Gerrit Rietveld","52.08533","5.14760","","NL","0"
"world-heritage:1100","world-heritage","Rio de Janeiro: Carioca-Landschaften zwischen Bergen und Meer","Rio de Janeiro: Carioca Landscapes between the Mountain and the Sea","Welterbestätte in Brasilien","","-22.94778","-43.29139","","BR","0"
"world-heritage:1578","world-heritage","Risco Caído und die Kulturlandschaft der heiligen Berge von Gran Canaria","Risco Caido","Welterbestätte in Spanien","archaeological site on Gran Canaria in Spain","28.04356","-15.66126","","ES","0"
"world-heritage:17","world-heritage","rivière Omo","Omo River","Fluss in Äthiopien","river in Ethiopia","4.49690","36.01380","","ET","0"
"world-heritage:916","world-heritage","Robben Island","","Insel vor der südafrikanischen Großstadt Kapstadt","island in Table Bay, South Africa","-33.80500","18.37000","","ZA","0"
"world-heritage:1620","world-heritage","Roberto-Burle-Marx-Stätte","Sítio Roberto Burle Marx","Museum in Brasilien","museum in Rio de Janeiro, Rio de Janeiro","-23.02385","-43.54474","","BR","0"
"world-heritage:586","world-heritage","Rohtas","Rohtas Fort","","fort in Punjab, Pakistan","32.96528","73.57642","","PK","0"
"world-heritage:988","world-heritage","Romanischen Kirchen des Vall de Boí","Catalan Romanesque Churches of the Vall de Boí","Kirchengebäude und Weltkulturerbe in Spanien","set of nine Early Romanesque churches in the Vall de Boí, Spain","42.50472","0.80361","","ES","0"
"world-heritage:367","world-heritage","Römische Baudenkmäler, Dom und Liebfrauenkirche in Trier","Roman Monuments, Cathedral of St. Peter and Church of Our Lady in Trier UNESCO World Heritage Site","Reihe von römischen und mittelalterlichen Kulturdenkmälern in Trier sowie in der Trierer Nachbargemeinde Igel","example of a large Roman capital after the division of the empire","49.75000","6.63306","","DE","0"
"world-heritage:987","world-heritage","Römische Stadtmauer von Lugo","Roman Walls of Lugo","Denkmal in Spanien","cultural property in Lugo, Spain","43.01419","-7.55989","","ES","0"
"world-heritage:164","world-heritage","Römische und romanische Denkmäler von Arles","Arles, Roman and Romanesque Monuments","UNESCO-Welterbestätte in Frankreich","UNESCO World Heritage Site in Arles, France","43.67764","4.63069","","FR","0"
"world-heritage:163","world-heritage","Römisches Theater und seine Umgebung und „Triumphbogen“ von Orange","Roman Theatre and its Surroundings and the ""Triumphal Arch"" of Orange","UNESCO-Welterbestätte in Frankreich","World Heritage site in France","44.13572","4.80842","","FR","0"
"world-heritage:251","world-heritage","Rotes Fort","Agra Fort","Festung in Agra, Indien","UNESCO World Heritage Site","27.17958","78.02130","","IN","0"
"world-heritage:231","world-heritage","Rotes Fort","Red Fort","Festungs- und Palastanlage in Delhi, Indien","historic fortress in Delhi, India","28.65583","77.24028","","IN","0"
"world-heritage:1084","world-heritage","Royal Botanic Gardens, Kew","Kew Gardens","botanischer Garten in London","botanical garden and world's largest collection of living plants in the London Borough of Richmond upon Thames","51.47889","-0.29361","","GB","0"
"world-heritage:613","world-heritage","Ruínas de León Viejo","","archäologische Stätte in Nicaragua","archaeological site in Nicaragua","12.40055","-86.61780","","NI","0"
"world-heritage:1720","world-heritage","Ruinen von Gedi","Ruins of Gedi","archäologischer Fundplatz in Kenia","archaeological site in Kenya","-3.30917","40.01667","","KE","0"
"world-heritage:144","world-heritage","Ruinen von Kilwa Kisiwani und von Songo Mnara","Ruins of Kilwa Kisiwani and Ruins of Songo Mnara","UNESCO-Welterbestätte in Tansania","World Heritage site in Tanzania","-8.95778","39.52278","","TZ","0"
"world-heritage:1225","world-heritage","Ruinen von Loropéni","Ruins of Loropéni","Überreste einer ehemaligen Befestigungsanlage in der Gemeinde Loropéni in Burkina Faso","ancient heritage site in Burkina Faso","10.31028","-3.56306","","BF","0"
"world-heritage:299","world-heritage","Ruinen von Tyros","Tyre","archäologische Stätte in Libanon","World Heritage Site in Lebanon","33.26917","35.19583","","LB","0"
"world-heritage:184","world-heritage","Sabratha","Archaeological Site of Sabratha","archäologischer Fundplatz in Libyen","Archaeological Site in Libya","32.80528","12.48500","","LY","0"
"world-heritage:1068","world-heritage","Sacri Monti","Sacri Monti of Piedmont and Lombardy","","UNESCO World Heritage Site","45.97456","9.16956","","IT","0"
"world-heritage:120","world-heritage","Sagarmatha-Nationalpark","Sagarmatha National Park","Nationalpark in Nepal","national park in Nepal","27.89107","86.69303","","NP","0"
"world-heritage:1359","world-heritage","Saloum-Delta","Saloum Delta","Flussdelta in Senegal","river delta in Senegal","13.83528","-16.49861","","SN","0"
"world-heritage:689","world-heritage","Salt","","Stadt in Jordanien (ehemalige Hauptstadt)","","32.03917","35.72722","","JO","0"
"world-heritage:1028","world-heritage","Saltaire","","Siedlung im Vereinigten Königreich und UNESCO-Welterbe","Victorian model village located in Shipley, City of Bradford Metropolitan District, West Yorkshire, England, UK","53.83717","-1.79026","","GB","0"
"world-heritage:603","world-heritage","Samarkand – Schnittpunkt der Kulturen","Samarkand – Crossroad of Cultures","Stätte des UNESCO-Weltkulturerbes in Usbekistan","UNESCO World Heritage site","39.66861","67.00000","","UZ","0"
"world-heritage:276","world-heritage","Samarra","","","","34.19590","43.88568","","IQ","0"
"world-heritage:1532","world-heritage","Sambor Prei Kuk","","Siedlung in Kamboscha","6th–7th century Archaeological Park in Kampong Thom, Cambodia","12.86728","105.04002","","KH","0"
"world-heritage:929","world-heritage","San Cristóbal de La Laguna","","Gemeinde auf Teneriffa, Provinz Santa Cruz de Tenerife, Spanien","municipality in Tenerife","28.48528","-16.31667","","ES","0"
"world-heritage:524","world-heritage","Sanchi","","Denkmal in Indien","Buddhist complex, famous for its Great Stupa, in Madhya Pradesh, India","23.47944","77.73972","","IN","0"
"world-heritage:593","world-heritage","Sangiran","","archäologische Ausgrabungsstätte auf der Insel Java in Indonesien","archaeological excavation site in Java in Indonesia","-7.45000","110.85000","","ID","0"
"world-heritage:1292","world-heritage","Sanqing Shan","Mount Sanqing","","","28.95194","118.05194","","CN","0"
"world-heritage:1562","world-heritage","Sansa, traditionelle buddhistische Bergtempel in Korea","Sansa, Buddhist Mountain Monasteries in Korea","südkoreanische Tempel","UNESCO World Heritage Site in South Korea","34.99658","127.33112","","KR","0"
"world-heritage:93","world-heritage","Santa Maria delle Grazie","","Kirche in Mailand","church in Milan","45.46583","9.17111","","IT","0"
"world-heritage:274","world-heritage","Santuario Histórico de Machupicchu","Historic Sanctuary of Machu Picchu","nationales Schutzgebiet in Peru","UNESCO World Heritage Site in Latin America and the Caribbean","-13.11667","-72.58333","","PE","0"
"world-heritage:1141","world-heritage","Sarasm","Sarazm","archäologischer Fundplatz in Tadschikistan","archaeological site","39.51667","67.56667","","TJ","0"
"world-heritage:1731","world-heritage","Sardis and the Lydian Tumuli of Bin Tepe","","","World Heritage site in Turkey","38.48194","28.04528","","TR","0"
"world-heritage:927","world-heritage","Sarnath","","buddhistisches Pilgerziel, Ort bei Varanasi, Uttar Pradesh, Indien","village in Varanasi district, Uttar Pradesh, India","25.38111","83.02139","","IN","0"
"world-heritage:1102","world-heritage","Saryarka","Saryarka – Steppe and Lakes of Northern Kazakhstan","UNESCO-Welterbestätte in Kasachstan","UNESCO World Heritage Site in Kazakhstan","50.43333","69.18889","","KZ","0"
"world-heritage:1456","world-heritage","Schahr-e Suchte","Shahr-e Sukhteh","archäologische Stätte im Iran","archaeological site in Sistan and Baluchistan Province, Iran","30.59528","61.33194","","IR","0"
"world-heritage:192","world-heritage","Schibam","Shibam","historische Hauptstadt der Region Hadramaut im Jemen","","15.92694","48.62667","","YE","0"
"world-heritage:1633","world-heritage","Schieferlandschaft von Nordwestwales","The Slate Landscape of Northwest Wales","Welterbestätte im Vereinigten Königreich","UK World Heritage Site from July 2021","53.12083","-4.11500","","GB","0"
"world-heritage:856","world-heritage","Schiffshebewerke des belgischen Canal du Centre","lifts on the old Canal du Centre","historische Schiffshebewerke in Houdeng-Goegnies, Houdeng-Aimeries, Bracquegnies und Thieu, Belgien","","50.47140","4.09450","","BE","0"
"world-heritage:1054","world-heritage","Schlesische Friedenskirchen","Churches of Peace","evangelischen Kirchenbauten im gesamten Habsburger Reich","World Heritage site in Poland","51.05391","16.18904","","PL","0"
"world-heritage:559","world-heritage","Schloss Drottningholm","Drottningholm Palace","Schwedens besterhaltener königlicher Palast, UNESCO-Weltkulturerbe, private königliche Residenz","royal palace in Ekerö Municipality, Sweden","59.32169","17.88638","","SE","0"
"world-heritage:160","world-heritage","Schloss Fontainebleau","Palace of Fontainebleau","Schloss in Frankreich","palace in Fontainebleau, France","48.40222","2.70056","","FR","0"
"world-heritage:696","world-heritage","Schloss Kronborg","Kronborg Castle","Festung, heute Barockschloss in Helsingör Dänemark","castle in Helsingør, Denmark","56.03861","12.62194","","DK","0"
"world-heritage:901","world-heritage","Schloss Leitomischl","Litomyšl Chateau","Schloss in Tschechien","Renaissance chateau in Litomyšl","49.87344","16.31265","","CZ","0"
"world-heritage:625","world-heritage","Schloss Mir","Mir Castle Complex","Schloss in Belarus","castle in Mir, Belarus","53.45127","26.47289","","BY","0"
"world-heritage:786","world-heritage","Schloss und Gärten von Schönbrunn","Palace and gardens of Schönbrunn","UNESCO-Weltkulturerbe in Österreich","World Heritage site in Austria","48.18667","16.31333","","AT","0"
"world-heritage:288","world-heritage","Schlösser Augustusburg und Falkenlust","Augustusburg and Falkenlust Palaces","Schloss in Deutschland","complex of multiple built objects","50.82750","6.90806","","DE","0"
"world-heritage:1726","world-heritage","Schlösser König Ludwigs II. von Bayern","The Palaces of King Ludwig II of Bavaria: Neuschwanstein, Linderhof, Schachen and Herrenchiemsee","UNESCO-Weltkulturerbestätte","World Heritage site in Germany","47.41972","11.11250","","DE","0"
"world-heritage:532","world-heritage","Schlösser und Parks von Potsdam und Berlin","Palaces and Parks of Potsdam and Berlin","Weltkulturerbe in Deutschland","World Heritage site in Germany","52.40000","13.03333","","DE","0"
"world-heritage:913","world-heritage","Schreine und Tempel von Nikko","Shrines and Temples of Nikkō","","UNESCO World Heritage Site in Kantō region, Japan","36.75650","139.59940","","JP","0"
"world-heritage:1636","world-heritage","SchUM-Stätten von Speyer, Worms und Mainz","ShUM Sites of Speyer, Worms and Mainz","Bestandteil der Liste des UNESCO-Welterbes und umfassen jüdisches Kulturerbe der SchUM-Städte Speyer, Worms und Mainz","World Heritage site in Germany","49.31621","8.43954","","DE","0"
"world-heritage:928","world-heritage","Schutzgebiet Guanacaste","Area de Conservación Guanacaste World Heritage Site","","","10.85000","-85.61667","","CR","0"
"world-heritage:892","world-heritage","Schutzgebiete der Atlantischen Wälder an der Küste der Entdeckung","Discovery Coast Atlantic Forest Reserves","Wald und Welterbe in Brasilien","nature reserve in Brazil","-16.50000","-39.25000","","BR","0"
"world-heritage:1007","world-heritage","Schutzgebiete der Region Cape Floral","Cape Floristic Kingdom","Schutzgebiete und UNESCO Welterbe in Südafrika","one of the Earth's six floristic kingdoms","-34.16667","18.37500","","ZA","0"
"world-heritage:1213","world-heritage","Schutzgebiete des Großen Panda in Sichuan","Sichuan Giant Panda Sanctuaries","","","30.83333","103.00000","","CN","0"
"world-heritage:1037","world-heritage","Schweizer Alpen Jungfrau-Aletsch","Jungfrau-Aletsch protected area","UNESCO-Welterbe","World Heritage site in the Switzerland","46.50000","8.03333","","CH","0"
"world-heritage:1809","world-heritage","Sebastia","","Siedlung in den palästinensischen Autonomiegebieten","municipality in Nablus, West Bank, Palestine","32.26667","35.18333","","PS","0"
"world-heritage:1400","world-heritage","Seen von Ounianga","Lakes of Ounianga","Seen im Nord-Osten von Tschad","lakes in north-eastern Chad","18.98333","20.66667","","TD","0"
"world-heritage:782","world-heritage","Seidenbörse von Valencia","Lonja de la Seda","Weltkulturerbe in Spanien","Late Valencian Gothic style civil building in Valencia, Spain.","39.47444","-0.37833","","ES","0"
"world-heritage:1442","world-heritage","Seidenstraßen: das Straßennetzwerk des Chang'an-Tianshan-Korridors","Silk Roads: the Routes Network of Chang'an-Tianshan Corridor","UNESCO-Welterbestätte","UNESCO World Heritage Site","34.30440","108.85720","","KG","0"
"world-heritage:1675","world-heritage","Seidenstraßen: Zarafshan-Karakum-Korridor","Silk Roads: Zarafshan-Karakum Corridor","Welterbestätte entlang der Seidenstraße","UNESCO World Heritage Site","39.44149","69.68556","","TJ","0"
"world-heritage:600","world-heritage","Seineufer von Paris","banks of the Seine","Weltkulturerbe in Paris, Frankreich","World Heritage Site in Paris, France","48.85000","2.35889","","FR","0"
"world-heritage:1366","world-heritage","Selimiye Moschee","Selimiye Mosque","Moschee in Edirne, Türkei","mosque in Edirne, northwestern Turkey","41.67806","26.55944","","TR","0"
"world-heritage:785","world-heritage","Semmeringbahn","Semmering railway","Teilstrecke der Südbahn in Österreich","","47.64300","15.83100","","AT","0"
"world-heritage:736","world-heritage","Seokguram Grotto and Bulguksa Temple","","buddhistischer Tempel in Südkorea","","35.76667","129.33333","","KR","0"
"world-heritage:1498","world-heritage","Seowon, koreanische neokonfuzianische Akademien","Seowon, Korean Neo-Confucian Academies","Welterbestätte in Südkorea","World Heritage Sites in South Korea","36.72730","128.84343","","KR","0"
"world-heritage:156","world-heritage","Serengeti-Nationalpark","Serengeti National Park","Nationalpark in Tansania","national park in Tanzania","-2.40000","34.60000","","TZ","0"
"world-heritage:1214","world-heritage","Sewell","","Werkssiedlung in Chile","company town in Chile","-34.08500","-70.38250","","CL","0"
"world-heritage:157","world-heritage","SGang Gwaay","Ninstints","archäologische Stätte in Kanada","Haida village site in Haida Gwaii, British Columbia, Canada","52.09889","-131.21750","","CA","0"
"world-heritage:885","world-heritage","Shahrisabz","","Stadt in Usbekistan","city in Uzbekistan","39.05000","66.83333","","UZ","0"
"world-heritage:1389","world-heritage","Shangdu","Xanadu","Sommer-Residenzstadt Kublai Khans","former summer capital of Kublai Khan's Yuan Dynasty","42.35802","116.18516","","CN","0"
"world-heritage:1375","world-heritage","Shantiniketan","Santiniketan","Kleinstadt in Indien","World Heritage Site in Birbhum, West Bengal, India, known for Tagore's university","23.67760","87.68520","","IN","0"
"world-heritage:578","world-heritage","Shark Bay","","","natural national heritage site in Australia, comprises marine and land area","-25.92897","113.60465","","AU","0"
"world-heritage:1509","world-heritage","Shennongjia in Hubei","Hubei Shennongjia","UNESCO Biosphärenreservat und Welterbestätte","Biosphere reserve in China, designated in 1990","31.29000","110.19000","","CN","0"
"world-heritage:663","world-heritage","Shirakami-Sanchi","","Gebirge in Japan","UNESCO World Heritage Site in Japan","40.45028","140.19861","","JP","0"
"world-heritage:1193","world-heritage","Shiretoko","","Region in Japan","","43.93333","144.95000","","JP","0"
"world-heritage:410","world-heritage","Sian Ka'an","","archäologischer Fundplatz in Mexiko","biosphere reserve","19.38333","-87.79167","","MX","0"
"world-heritage:1769","world-heritage","Sidi Bou Saïd","Sidi Bou Said","Stadt in Tunesien","","36.86976","10.34101","","TN","0"
"world-heritage:1239","world-heritage","Siedlungen der Berliner Moderne","Berlin Modernism Housing Estates","Bezeichnung für sechs im Juli 2008 von der UNESCO in die Liste des Welterbes aufgenommene Wohnsiedlungen in Berlin","six subsidized housing estates","52.44833","13.45000","","DE","0"
"world-heritage:1468","world-heritage","Siedlungen der Herrnhuter Brüdergemeine","Moravian Church Settlements","Weltkulturerbe in Dänemark, Deutschland, USA und dem Vereinigten Köingreich","World Heritage Site in Denmark, Germany, USA and the UK","40.61917","-75.38083","","DE","0"
"world-heritage:1634","world-heritage","Siedlungen und künstliche Mumifizierung der Chinchorro-Kultur in Arica y Parinacota","Settlement and Artificial Mummification of the Chinchorro Culture in the Arica and Parinacota Region","Welterbestätte in Chile","World Heritage site in Chile","-18.48200","-70.32200","","CL","0"
"world-heritage:202","world-heritage","Sigiriya","","Siedlung in Sri Lanka","ancient rock fortress near Dambulla, Sri Lanka.","7.95694","80.75972","","LK","0"
"world-heritage:9","world-heritage","Simien-Nationalpark","Simien Mountains National Park","Nationalpark in Äthiopien","national park in Ethiopia","13.18333","38.06667","","ET","0"
"world-heritage:405","world-heritage","Sinharaja Forest","Sinharaja Forest Reserve","Waldreservat in Sri Lanka","protected area in Sri Lanka","6.24000","80.28000","","LK","0"
"world-heritage:757","world-heritage","Skellig Michael","","Insel in Irland","UNESCO heritage island off coast of Kerry, Ireland","51.77111","-10.54056","","IE","0"
"world-heritage:558","world-heritage","Skogskyrkogården","","Friedhof im Südstockholmer Stadtteil Enskede","cemetery in Stockholm, Sweden","59.27556","18.09944","","SE","0"
"world-heritage:1473","world-heritage","Skulpturenensemble von Constantin Brâncuși in Târgu Jiu","Sculptural Ensemble of Constantin Brâncuși at Târgu Jiu","Skulpturenensemble in Rumänien","sculptural ensemble by Constantin Brancuși in Romania","45.03743","23.28537","","RO","0"
"world-heritage:1263","world-heritage","Sokotra","Socotra Archipelago","","Yemeni Archipelago in the Indian Ocean","12.50000","53.40000","","YE","0"
"world-heritage:632","world-heritage","Solowezki-Inseln","Solovetsky Islands","russische Inselgruppe im Weißen Meer","archipelago in White Sea, Russia","65.02444","35.71056","","RU","0"
"world-heritage:1188","world-heritage","Soltaniye","Soltaniyeh","","city in Zanjan Province, Iran","36.43472","48.79750","","IR","0"
"world-heritage:703","world-heritage","Sommerpalast","Chengde Mountain Resort and its outlying temples","Kaiserlicher Sommerpalast in Chengde","UNESCO culture heritage of Chengde, Hebei Province, China","40.98750","117.93750","","CN","0"
"world-heritage:246","world-heritage","Sonnentempel von Konark","Konark Sun Temple","hinduistischer Tempel in Konark, Indien","13th century Surya Temple and UNESCO world heritage site in Odisha, India","19.88744","86.09460","","IN","0"
"world-heritage:527","world-heritage","Sophienkathedrale und Höhlenkloster Lawra Petschersk in Kiew","Kyiv: Saint-Sophia Cathedral and Related Monastic Buildings, Kyiv-Pechersk Lavra","","","50.45258","30.51686","","UA","0"
"world-heritage:1024","world-heritage","Spätbarocke Städte des Val di Noto","Late Baroque Towns of the Val di Noto","Gruppe von Städten im südöstlichen Sizilien","World Heritage site in Italy","36.79242","14.70572","","IT","0"
"world-heritage:168","world-heritage","Speyerer Dom","Speyer Cathedral","Kathedrale in Speyer","cathedral in Speyer, Germany","49.31722","8.44250","","DE","0"
"world-heritage:219","world-heritage","Srebarna","Srebarna Nature Reserve","UNESCO-Biosphärenreservat und -Welterbestätte in Bulgarien","nature reserve and biosphere reserve in Bulgaria","44.11112","27.07221","","BG","0"
"world-heritage:983","world-heritage","St George and Related Fortifications","","","17th-century World Heritage Site in Bermuda","32.37944","-64.67778","","GB","0"
"world-heritage:387","world-heritage","St. Kilda","St Kilda","Inselgruppe vor der Nordwestküste Schottlands","archipelago in Outer Hebrides, Scotland, United Kingdom","57.81500","-8.58750","","GB","0"
"world-heritage:1076","world-heritage","Staatliches historisch-künstlerisches Schutzgebiet Gobustan","Gobustan State Historical and Cultural Reserve","Schutzgebiet in Aserbaidschan","Protected site in Azerbaijan","40.10556","49.38889","","AZ","0"
"world-heritage:58","world-heritage","Stabkirche Urnes","Urnes Stave Church","Kulturgut in Norwegen","church building in Luster, Vestland, Norway","61.29806","7.32250","","NO","0"
"world-heritage:931","world-heritage","Stadt Graz – Historisches Zentrum und Schloss Eggenberg","City of Graz – Historic Centre and Schloss Eggenberg","UNESCO-Weltkulturerbe in Österreich","World Heritage site in Austria","47.07417","15.39167","","AT","0"
"world-heritage:206","world-heritage","Stadtzentrum von Angra do Heroísmo auf den Azoren","Centro Histórico de Angra do Heroísmo","Welterbestätte in Portugal","human settlement in Portugal","38.65500","-27.22000","","PT","0"
"world-heritage:96","world-heritage","Stari Ras und Sopoćani","Stari Ras and Sopoćani","UNESCO-Welterbe in Serbien","world heritage site in Serbia","43.11889","20.42278","","RS","0"
"world-heritage:1765","world-heritage","Stätten der handwerklichen Porzellanindustrie von Jingdezhen","Jingdezhen Handicraft Porcelain Industry Sites","","World Heritage Site in China","29.29722","117.20194","","CN","0"
"world-heritage:1739","world-heritage","Stätten der Maratha-Militärarchitektur","Maratha Military Landscapes of India","","World Heritage Site in India","20.72250","73.94250","","IN","0"
"world-heritage:1484","world-heritage","Stätten Japans industrieller Revolution der Meiji-Zeit: Eisen und Stahl, Schiffsbau und Kohlebergbau","Sites of Japan’s Meiji Industrial Revolution: Iron and Steel, Shipbuilding and Coal Mining","Welterbestätte in Japan","World Heritage Site in Japan","34.43056","131.41222","","JP","0"
"world-heritage:1226","world-heritage","Steinkreise von Senegambia","Stone Circles of Senegambia","transnationale Welterbestätte in Afrika","transnational world heritage site in Africa","13.68333","-15.51667","","SN","0"
"world-heritage:1416","world-heritage","Stevns Klint","","Steilküste auf der dänischen Ostseeinsel Seeland","cliff in Stevns Municipality, Denmark","55.28220","12.45000","","DK","0"
"world-heritage:535","world-heritage","Stiftskirche, Schloss und Altstadt von Quedlinburg","Collegiate Church, Castle, and Old Town of Quedlinburg","Weltkulturerbe in Quedlinburg, Deutschland","World Heritage site in Germany","51.78333","11.15000","","DE","0"
"world-heritage:1298","world-heritage","Stoclet Palast","Stoclet Palace","Historisches Herrenhaus in Woluwe-Saint-Pierre, Brüssel, Belgien","historic mansion in Woluwe-Saint-Pierre, Brussels, Belgium","50.83514","4.41625","","BE","0"
"world-heritage:173","world-heritage","Stone Town","","Altstadt von Sansibar, der Hauptstadt des Staates Sansibar in Tansania","old part of Zanzibar City, the main city of Zanzibar, in Tanzania","-6.16494","39.19879","","TZ","0"
"world-heritage:373","world-heritage","Stonehenge, Avebury und zugehörige Stätten","Stonehenge, Avebury and Associated Sites","Welterbestätte im Vereinigten Königreich","World Heritage Site","51.17890","-1.82528","","GB","0"
"world-heritage:495","world-heritage","Strasbourg, Grande-Île und Neustadt","Strasbourg: from Grande-île to Neustadt, a European urban scene","Welterbestätte in Frankreich","world heritage site in France","48.58444","7.74889","","FR","0"
"world-heritage:1187","world-heritage","Struve-Bogen","Struve Geodetic Arc","Netz geodätischer Vermessungspunkte","meridian arc from Hammerfest in Norway to the Black Sea","52.28944","25.64944","","MD","0"
"world-heritage:833","world-heritage","Su Nuraxi","Su Nuraxi di Barumini","Nuraghenanlage in Barumini, Sardinien","","39.70286","8.99988","","IT","0"
"world-heritage:877","world-heritage","Subantarktische Inseln Neuseelands","New Zealand Subantarctic Islands","zu Neuseeland gehörende Snares-, Auckland-, Campbell-, Antipoden- und Bountyinseln im südlichen Pazifik","world heritage site in New Zealand","-50.75000","166.10400","","NZ","0"
"world-heritage:1386","world-heritage","Südliche Lagune der Rock Islands","Rock Islands Southern Lagoon","UNESCO-Welterbestätte des ozeanischen Inselstaates Palau","lagoon of Rock Islands, Palau","7.24690","134.35250","","PW","0"
"world-heritage:938","world-heritage","Sukur","","Kulturerbestätte des UNESCO-Welterbes, Madagali, Nigeria","national monument of Nigeria in Madagali","10.74056","13.57167","","NG","0"
"world-heritage:1230","world-heritage","Suleiman-Too","Sulaiman-Too","Berg in Kirgisistan","mountain in Osh city, Kyrgyzstan","40.52944","72.78333","","KG","0"
"world-heritage:798","world-heritage","Sundarbans Reserved Forest","","","part of the Sundarbans in Bangladesh","22.03333","89.51667","","BD","0"
"world-heritage:452","world-heritage","Sundarbans-Nationalpark","Sundarbans National Park","Nationalpark in Indien","National Park, Tiger Reserve, and Biosphere Reserve in West Bengal, India","21.75000","88.75000","","IN","0"
"world-heritage:583","world-heritage","Suomenlinna","","Inselburg von Helsinki","sea fortress by Helsinki, Finland","60.14361","24.98444","","FI","0"
"world-heritage:1267","world-heritage","Surtsey","","Vulkaninsel im Atlantischen Ozean","volcanic island located in the Vestmannaeyjar archipelago off the southern coast of Iceland","63.30403","-20.60471","","IS","0"
"world-heritage:1455","world-heritage","Susa","","antike Stadt im Südwestiran","ancient city in Iran, World Heritage site in Iran","32.18944","48.25611","","IR","0"
"world-heritage:166","world-heritage","Sydney Opera House","","Opernhaus und Wahrzeichen von Sydney, Australien","multi-venue performing arts centre in Sydney, New South Wales, Australia","-33.85706","151.21490","","AU","0"
"world-heritage:1200","world-heritage","Syrakus und die Felsnekropolis von Pantalica","Syracuse and the Rocky Necropolis of Pantalica","Welterbestätte in Italien","world heritage site in Italy","37.05944","15.29306","","IT","0"
"world-heritage:287","world-heritage","Tadrart Acacus","","Gebirgszug im Südwesten von Libyen","mountain range in the desert of the Ghat District in western Libya","24.83343","10.33332","","LY","0"
"world-heritage:1252","world-heritage","Tadschikischer Nationalpark","Pamir National Park","Nationalpark in Tadschikistan","national park in Tajikistan","38.74123","72.11975","","TJ","0"
"world-heritage:437","world-heritage","Tai Shan","Mount Tai","Berg in der Volksrepublik China","mountain in Shandong, China","36.26667","117.10000","","CN","0"
"world-heritage:252","world-heritage","Taj Mahal","","Mausoleum in Indien","marble mausoleum in Agra, India","27.17500","78.04194","","IN","0"
"world-heritage:1663","world-heritage","Takalik Abaj","","archäologischer Fundplatz in Guatemala","pre-Columbian archaeological site in Guatemala","14.64583","-91.73611","","GT","0"
"world-heritage:1077","world-heritage","Takht-i Suleiman","Takht-e Soleyman","antike iranische Stadt","archaeological site in Takab County, Iranian national heritage site","36.60472","47.23417","","IR","0"
"world-heritage:933","world-heritage","Tal der Loire zwischen Sully-sur-Loire und Chalonnes","The Loire Valley between Sully-sur-Loire and Chalonnes","Tal in Frankreich","World Heritage site in France","47.21629","0.06218","","FR","0"
"world-heritage:1145","world-heritage","Tamgaly","","archäologische Stätte in Kasachstan","archaeological site in Kazakhstan","43.80333","75.53500","","KZ","0"
"world-heritage:492","world-heritage","Taos Pueblo","","Siedlung im US-Bundesstaat New Mexico","ancient Tiwa pueblo in Taos County, New Mexico, United States","36.43889","-105.54167","","US","0"
"world-heritage:1766","world-heritage","Taschkents Architektur der Moderne: Moderne und Tradition in Zentralasien","Tashkent Modernist Architecture. Modernity and Tradition in Central Asia","","World Heritage Site in Uzbekistan","41.30860","69.24170","","UZ","0"
"world-heritage:181","world-heritage","Tasmanische Wildnis","Tasmanian Wilderness","UNESCO-Welterbestätte","UNESCO World Heritage Site in Tasmania, Australia","-42.59570","146.17290","","AU","0"
"world-heritage:179","world-heritage","Tassili n’Ajjer","Tassili n'Ajjer","Gebirgszug in Algerien","Sandstone massif in Algeria’s central Sahara Desert","25.66667","9.00000","","DZ","0"
"world-heritage:139","world-heritage","Taxila","","archäologische Stätte in Pakistan","archaeological site of the ancient Indian subcontinent, at Taxila, Punjab, Pakistan","33.74583","72.78750","","PK","0"
"world-heritage:551","world-heritage","Te Wahipounamu","","Nationalpark in Neuseeland","World Heritage Site in the south west corner of the South Island of New Zealand","-45.03600","167.32000","","NZ","0"
"world-heritage:1687","world-heritage","Tell es-Sultan","","archäologische Stätte im Staat Palästina","archaeological site in the West Bank","31.87172","35.44456","","PS","0"
"world-heritage:1749","world-heritage","Tell Umm el-ʿAmr","Tell Umm el-'Amr","archäologische Stätte im Staat Palästina","Christian archeological site in Palestine","31.44722","34.36639","","PS","0"
"world-heritage:240","world-heritage","Tempelbezirk von Khajuraho","Khajuraho Group of Monuments","Gruppe von Tempeln in und an der Stadt Khajuraho im indischen Bundesstaat Madhya Pradesh","historical temples located in India","24.85222","79.92222","","IN","0"
"world-heritage:249","world-heritage","Tempelbezirk von Mahabalipuram","Group of monuments at Mahabalipuram","UNESCO Weltkulturerbe in Mahabalipuram, Tamil Nadu, Indien","UNESCO world heritage site at Mahabalipuram, Tamil Nadu, India","12.61667","80.19167","","IN","0"
"world-heritage:481","world-heritage","Tempelbezirk von Wat Phou und Kulturlandschaft Champasak","Champasak cultural landscape","archäologische Stätte in Laos","UNESCO World heritage site, together with Vat Phou","14.83333","105.80000","","LA","0"
"world-heritage:414","world-heritage","Teotihuacán","Teotihuacan","archäologischer Fundplatz in Mexiko","ancient Mesoamerican city","19.69250","-98.84389","","MX","0"
"world-heritage:758","world-heritage","Territorialabtei Pannonhalma","Pannonhalma Archabbey","römisch-katholische Territorialabtei in Ungarn","Hungarian archabbey built in 996","47.55278","17.76111","","HU","0"
"world-heritage:1732","world-heritage","The Complex of Yen Tu Monuments and Landscape","","","World Heritage Site in Vietnam","21.07680","106.71900","","VN","0"
"world-heritage:1237","world-heritage","The Dolomites","","","World Heritage site in Italy","46.61306","12.16306","","IT","0"
"world-heritage:1449","world-heritage","The Tomioka Silk Mill and Related Industrial Heritage","","","World Heritage site in Japan","36.25530","138.88780","","JP","0"
"world-heritage:1774","world-heritage","Theater Amazoniens","Amazonia Theaters","Welterbe in Brasilien","World Heritage Site in Brazil","-3.13028","-60.02340","","BR","0"
"world-heritage:87","world-heritage","Theben","Thebes","Antike Stadt in Ägypten","ancient Egyptian city","25.72056","32.61028","","EG","0"
"world-heritage:1450","world-heritage","Thimlich Ohinga","","archäologische Stätte in Kenia","National Monument of Kenya","-0.89134","34.32611","","KE","0"
"world-heritage:44","world-heritage","Thrakergrab von Kasanlak","Thracian Tomb of Kazanlak","antikes Grab in Zentral-Bulgarien","vaulted-brickwork tomb in Kazanlak, Bulgaria","42.62556","25.39917","","BG","0"
"world-heritage:359","world-heritage","Thrakergrab von Sweschtari","Thracian Tomb of Sveshtari","","tomb in Bulgaria","43.74496","26.76630","","BG","0"
"world-heritage:591","world-heritage","Thungyai-Huai Kha Khaeng Wildschutzgebiete","Thungyai-Huai Kha Khaeng Wildlife Sanctuaries","","world heritage site in Thailand","15.33333","98.91667","","TH","0"
"world-heritage:1414","world-heritage","Tian-Shan-Gebirge in Xinjiang","Xinjiang Tianshan","","World Heritage site in China","41.96830","80.35420","","CN","0"
"world-heritage:743","world-heritage","Tierradentro Nationalpark","Tierradentro","archäologische Stätte in Kolumbien","archaeological site in Colombia","2.58300","-76.03300","","CO","0"
"world-heritage:1685","world-heritage","Tigrowaja-Balka-Naturreservat","Tigrovaya Balka Nature Reserve","Naturreservat im Süden Tadschikistans","protected area in Tajikistan","37.25000","68.50000","","TJ","0"
"world-heritage:119","world-heritage","Timbuktu","","Oasenstadt im Staat Mali, historisches Handelszentrum am Rand des Sahel","","16.77348","-3.00742","","ML","0"
"world-heritage:194","world-heritage","Timgad","","archäologischer Fundplatz in Algerien","Roman ruins in Algeria","35.48424","6.46867","","DZ","0"
"world-heritage:193","world-heritage","Tipasa","","archäologische Stätte in Algerien","World Heritage Site","36.59510","2.44077","","DZ","0"
"world-heritage:567","world-heritage","Tiwanaku","","Ruinenstätte einer Prä-Inka-Kultur nahe Tiawanacu in Bolivien","archaeological site in Bolivia","-16.55472","-68.67333","","BO","0"
"world-heritage:12","world-heritage","Tiya","Tiya archaeological site","archäologische Stätte in Äthiopien","","8.43492","38.61211","","ET","0"
"world-heritage:862","world-heritage","Tlacotalpan","","Ort im mexikanischen Bundesstaat Veracruz","municipal seat of Tlacotalpan, State of Veracruz, Mexico","18.61303","-95.65627","","MX","0"
"world-heritage:1063","world-heritage","Tokaj Wine Region Historic Cultural Landscape","","","World Heritage site in Hungary","48.15000","21.35000","","HU","0"
"world-heritage:421","world-heritage","Tongariro-Nationalpark","Tongariro National Park","Nationalpark in Neuseeland","national park in New Zealand","-39.20000","175.58333","","NZ","0"
"world-heritage:1348","world-heritage","Tote Städte","Dead Cities","archäologische Stätte in Syrien","group of abandoned settlements in northwest Syria","36.33417","36.84417","","SY","0"
"world-heritage:488","world-heritage","Tower of London","","Burg im Vereinigten Königreich","castle in central London, United Kingdom","51.50820","-0.07620","","GB","0"
"world-heritage:1564","world-heritage","Tr’ondëk-Klondike","Tr'ondëk-Klondike","Welterbestätte in Kanada","World Heritage Site in Canada","64.00000","-139.00000","","CA","0"
"world-heritage:35","world-heritage","Traditionelle Bauten der Aschanti","Asante Traditional Buildings","","group of structures and buildings","6.40111","-1.62583","","GH","0"
"world-heritage:1585","world-heritage","Transiranische Eisenbahn","Trans-Iranian Railway","Eisenbahnstrecke im Iran, Weltkulturerbe","railway in Iran","35.65831","51.39833","","IR","0"
"world-heritage:1380","world-heritage","Trinationales Schutzgebiet am Sangha-Fluss","Sangha Trinational","Wald in Kamerun","UNESCO World Heritage Site","2.66667","16.33333","","CM","0"
"world-heritage:460","world-heritage","Trinidad und Valle de los Ingenios","Trinidad and the Valley de los Ingenios","Welterbestätte in Kuba","UNESCO World Heritage site in Cuba","21.80306","-79.98444","","CU","0"
"world-heritage:849","world-heritage","Troja","Troy","Stadt des Altertums","ancient Homeric-era city in northwest Asia Minor; it is known as the setting for the Greek myth of the Trojan war","39.95750","26.23889","","TR","0"
"world-heritage:1167","world-heritage","Tropischer Regenwald auf Sumatra","Tropical Rainforest Heritage of Sumatra","UNESCO-Welterbe in Indonesien","three Indonesian national parks on the island of Sumatra","-2.50000","101.50000","","ID","0"
"world-heritage:787","world-heritage","Trulli von Alberobello","The Trulli of Alberobello","","","40.78250","17.23694","","IT","0"
"world-heritage:113","world-heritage","Tschoga Zanbil","Chogha Zanbil","mittel-elamitische Residenzstadt","elamite complex in the Khuzestan province of Iran","32.00833","48.52083","","IR","0"
"world-heritage:1021","world-heritage","Tsodilo","","archäologischer Fundplatz in Botswana","archaeological site","-18.77167","21.75417","","BW","0"
"world-heritage:653","world-heritage","Tubbataha-Riff","Tubbataha Reef","","","8.95333","119.86750","","PH","0"
"world-heritage:1474","world-heritage","Tusi-Stätten","Tusi Sites","archäologische Stätte in der Volksrepublik China","UNESCO World Heritage Site in China","28.99861","109.96694","","CN","0"
"world-heritage:1255","world-heritage","Twyfelfontein","","archäologischer Fundplatz in Namibia","rock art in Namibia","-20.59558","14.37258","","NA","0"
"world-heritage:447","world-heritage","Uluṟu-Kata-Tjuṯa-Nationalpark","Uluṟu-Kata Tjuṯa National Park","Nationalpark in Australien","national park in the Northern Territory, Australia and location of a sandstone monolith","-25.32208","130.98573","","AU","0"
"world-heritage:1721","world-heritage","Umm El-Jimal","Umm el-Jimal","Siedlung in Jordanien","human settlement in Jordan","32.32667","36.36972","","JO","0"
"world-heritage:1093","world-heritage","Umm er-Rasas","Umm ar-Rasas","archäologische Stätte in Jordanien","Jordanian archeological site","31.49972","35.91972","","JO","0"
"world-heritage:1387","world-heritage","Universidade de Coimbra – Alta e Sofia","","historischer Stadtkern in Coimbra, Portugal","human settlement in Portugal","40.20781","-8.42577","","PT","0"
"world-heritage:876","world-heritage","Universität und historischer Bezirk von Alcalá de Henares","University and Historic Precinct of Alcalá de Henares","Universitätsstandort und Weltkulturerbe in Spanien","founded by Cardinal Jiménez de Cisneros in 1499, Alcalá de Henares was the world's first planned university city, World Heritage Site","40.48293","-3.36313","","ES","0"
"world-heritage:1250","world-heritage","Universitätscampus der Universidad Nacional Autónoma de México","Ciudad Universitaria","Campus in Mexiko-Stadt","student campus in City of Mexico","19.33222","-99.18806","","MX","0"
"world-heritage:986","world-heritage","University City of Caracas","","","main campus of the Central University of Venezuela in Caracas","10.49083","-66.89056","","VE","0"
"world-heritage:10","world-heritage","Unteres Awash-Tal","Lower Valley of the Awash","Tal in Äthiopien","valley in Afar Region, Ethiopia","11.10000","40.57940","","ET","0"
"world-heritage:719","world-heritage","Urwälder von Komi","Virgin Komi Forests","Wälder im Nördlichen Uralgebirge in der russischen Republik Komi","protected area of Russia","65.06667","60.15000","","RU","0"
"world-heritage:769","world-heritage","Uvs Nuur Basin","","","World Heritage site in Mongolia and Russia","50.27500","92.71972","","MN","0"
"world-heritage:1026","world-heritage","Val d’Orcia","Val d'Orcia","","valley and cultural landscape in central Italy; a World Heritage site","43.06667","11.55000","","IT","0"
"world-heritage:1160","world-heritage","Vall del Madriu-Perafita-Claror","Madriu-Perafita-Claror Valley","","glacial valley in Andorra","42.49215","1.59443","","AD","0"
"world-heritage:261","world-heritage","Vallée de Mai","","Naturreservat auf den Seychellen","","-4.32917","55.73750","","SC","0"
"world-heritage:131","world-heritage","Valletta","","Hauptstadt Maltas","capital of Malta","35.89778","14.51250","","MT","0"
"world-heritage:1548","world-heritage","Valongo-Kai","Valongo Wharf","archäologische Stätte in Brasilien","former wharf in Rio de Janeiro","-22.89711","-43.18739","","BR","0"
"world-heritage:1441","world-heritage","Van-Nelle-Fabrik","Van Nelle Factory","Fabrikanlage in Rotterdam, UNESCO-Welterbe","industrial monument in Rotterdam, the Netherlands","51.92278","4.43361","","NL","0"
"world-heritage:286","world-heritage","Vatikanstadt","Vatican City","Kleinstaat in Südeuropa","Holy See's independent state, an enclave within Rome, Italy","41.90400","12.45300","","VA","0"
"world-heritage:1604","world-heritage","Vatnajökull-Nationalpark","Vatnajökull National Park","Nationalpark in Island","national park in Iceland","64.50000","-17.00000","","IS","0"
"world-heritage:852","world-heritage","Vecrīga","","lettischer Stadtteil","historical center and neighbourhood of Riga, Latvia","56.94850","24.10820","","LV","0"
"world-heritage:1143","world-heritage","Vega-Archipel","Vega Archipelago","norwegische Inselgruppe","archipelago and World Heritage Site in Vega, Norway","65.63333","11.90000","","NO","0"
"world-heritage:394","world-heritage","Venedig und seine Lagune","Venice and its Lagoon","UNESCO-Weltkulturerbe","World Heritage site in Italy","45.43333","12.31667","","IT","0"
"world-heritage:1533","world-heritage","Venezianisches Verteidigungssystem des 16. bis 17. Jahrhunderts: Stato da Terra – westlicher Stato da Mar","The Venetian Works of defence between 15th and 17th centuries","UNESCO-Welterbestätte","UNESCO World Heritage Site","45.70333","9.66361","","ME","0"
"world-heritage:1495","world-heritage","Verborgene christliche Stätten in der Region Nagasaki","Hidden Christian Sites in the Nagasaki Region","Welterbestätte in Japan","a group of UNESCO World Heritage sites","32.80222","128.90389","","JP","0"
"world-heritage:751","world-heritage","Verla","","Fabrik in Finnland","Finnish UNESCO world heritage site","61.06199","26.64002","","FI","0"
"world-heritage:85","world-heritage","Vézère-Tal: Fundorte und Höhlenmalereien","Prehistoric Sites and Decorated Caves of the Vézère Valley","UNESCO-Weltkulturerbe in Frankreich","UNESCO World Heritage Site of prehistoric decorated caves in the Vézère Valley, France","45.05750","1.17000","","FR","0"
"world-heritage:1708","world-heritage","Via Appia","Appian Way","römische Straße, 312 v. Chr. im Bau begonnen","Roman highway from Rome, Italy, to Brundisium 312 BC","41.84139","12.53250","","IT","0"
"world-heritage:872","world-heritage","Vieux Lyon","","Stadtteil von Lyon","renaissance district of Lyon, France","45.76306","4.82806","","FR","0"
"world-heritage:1480","world-heritage","Viktorianische Gotik- und Art-Déco-Ensembles in Mumbai","Victorian Gothic and Art Deco Ensembles of Mumbai","indische Stadtlandschaft","Art Deco & Victorian Architecture in Mumbai, India","18.92981","72.83008","","IN","0"
"world-heritage:907","world-heritage","Villa Adriana","Hadrian's Villa","Villenkomplex des römischen Kaisers Hadrian","archaeological complex in Tivoli, Italy","41.94194","12.77528","","IT","0"
"world-heritage:1025","world-heritage","Villa d’Este","Villa d'Este","Parkanlage mit einem Palast in Tivoli, Region Latium nahe Rom in Italien","villa in Tivoli, near Rome, Italy","41.96250","12.79611","","IT","0"
"world-heritage:832","world-heritage","Villa Romana del Casale","","Spätrömische Villa auf Sizilien","building in Piazza Armerina, Italy","37.36472","14.33455","","IT","0"
"world-heritage:1052","world-heritage","Villa Tugendhat","","Museum und Villa in Brünn in Tschechien, Denkmalschutzobjekt","house in Brno, Czech Republic, designed by Mies van der Rohe","49.20722","16.61583","","CZ","0"
"world-heritage:840","world-heritage","Vinales-Tal","Viñales Valley","Nationalpark in Kuba","","22.61667","-83.71667","","CU","0"
"world-heritage:672","world-heritage","Vịnh Hạ Long","Ha Long Bay","Bucht in Vietnam","UNESCO World Heritage Site in Vietnam","20.90000","107.20000","","VN","0"
"world-heritage:1673","world-heritage","Vjetrenica","","Höhle in Bosnien und Herzegowina","Cave in Bosnia and Herzegovina","42.84583","17.98389","","BA","0"
"world-heritage:622","world-heritage","Vlkolínec","","Dorf in der Slowakei","","49.03970","19.27840","","SK","0"
"world-heritage:687","world-heritage","Völklinger Hütte","Völklingen Ironworks","Industriedenkmal und Weltkulturerbe in der saarländischen Stadt Völklingen","","49.25056","6.84528","","DE","0"
"world-heritage:836","world-heritage","Volubilis","","archäologischer Fundplatz in Marokko","archaeological site in Morocco","34.07250","-5.55480","","MA","0"
"world-heritage:1162","world-heritage","Vredefort-Krater","Vredefort crater","Hügel in Südafrika","largest verified impact crater on earth, dating from the Paleoproterozoic Era","-27.00000","27.50000","","ZA","0"
"world-heritage:1657","world-heritage","Vulkan- und Waldgebiete von Martinique","Volcanoes and Forests of Mount Pelée and the Pitons of Northern Martinique","französische Welterbestätte","World Heritage site in France","14.75820","-61.07310","","FR","0"
"world-heritage:765","world-heritage","Vulkane von Kamtschatka","Volcanoes of Kamchatka","","World Heritage site in Russia","52.00000","157.82990","","RU","0"
"world-heritage:970","world-heritage","Wachau","","Landschaftsregion in Österreich","valley in Austria","48.36444","15.43417","","AT","0"
"world-heritage:1186","world-heritage","Wadi al-Hitan","Wadi Al-Hitan","Ägyptische Landschaft","paleontological site in the Faiyum Governorate of Egypt","29.27083","30.04389","","EG","0"
"world-heritage:1377","world-heritage","Wadi Rum","","Wadi in Jordanien","valley in southern Jordan","29.57650","35.41993","","JO","0"
"world-heritage:1724","world-heritage","Wadi-Wuraya-Schutzgebiet","Wadi Wurayah","Wasserfall in den Vereinigten Arabischen Emiraten","","25.42260","56.36346","","AE","0"
"world-heritage:1700","world-heritage","Wahrzeichen des antiken Königreichs Saba, Marib","Landmarks of the Ancient Kingdom of Saba","Welterbestätte im Jemen","World Heritage Site in Yemen","15.42677","45.33523","","YE","0"
"world-heritage:590","world-heritage","Wald von Dong Phayayen-Khao Yai","Dong Phayayen-Khao Yai Forest Complex","Weltkulturerbe in Thailand","UNESCO World Heritage Site in Thailand","14.33000","102.05000","","TH","0"
"world-heritage:1461","world-heritage","Waldkomplex Kaeng Krachan","Kaeng Krachan Forest Complex","Welterbestätte in Thailand","forest area in western Thailand, World Heritage site","12.86567","99.40017","","TH","0"
"world-heritage:958","world-heritage","Walled City of Baku with the Shirvanshahs' Palace and Maiden Tower","","","UNESCO World Heritage Site","40.36667","49.83333","","AZ","0"
"world-heritage:690","world-heritage","Wallfahrtskirche St. Johann Nepomuk (Zelená Hora)","Pilgrimage Church of Saint John of Nepomuk","Kirchengebäude in Tschechien","church in Žďár nad Sázavou District of Vysočina region","49.58000","15.94194","","CZ","0"
"world-heritage:30","world-heritage","Warschauer Altstadt","Warsaw Old Town","historisches Zentrum Warschaus","old town of Warsaw, Poland","52.24972","21.01222","","PL","0"
"world-heritage:897","world-heritage","Wartburg","","Burg über der Stadt Eisenach in Thüringen, Deutschland","castle in Eisenach, Germany","50.96611","10.30639","","DE","0"
"world-heritage:1761","world-heritage","Wat Phra Mahathat","","","Buddhist temple in Nakhon Si Thammarat, Thailand","8.41139","99.96667","","TH","0"
"world-heritage:354","world-heritage","Waterton-Glacier International Peace Park","","Zusammenschluss Waterton-Lakes-Nationalpark in Kanada mit Glacier-Nationalpark in USA","international park in the United States of America and Canada","48.99606","-113.90417","","US","0"
"world-heritage:1314","world-heritage","Wattenmeer","Wadden Sea","UNESCO-Welterbe in Deutschland, Dänemark und den Niederlanden","World Heritage site in Germany, Denmark, and the Netherlands","53.52861","8.55611","","DE","0"
"world-heritage:1010","world-heritage","Weihrauchland","Land of Frankincense","","cultural landscape","18.25333","53.64759","","OM","0"
"world-heritage:1107","world-heritage","Weihrauchstraße - Wüstenstädte in der Negev-Wüste","Incense Route – Desert Cities in the Negev","","","31.09750","34.65778","","IL","0"
"world-heritage:932","world-heritage","Weinanbaugebiet von Saint-Émilion","Jurisdiction of Saint-Emilion","","","44.89472","0.15528","","FR","0"
"world-heritage:1117","world-heritage","Weinbaukulturlandschaft der Insel Pico","Landscape of the Pico Island Vineyard Culture","","World Heritage site in Portugal","38.51333","-28.54111","","PT","0"
"world-heritage:1465","world-heritage","Weinberge, Weinhäuser und -keller der Champagne","Champagne hillsides, houses and cellars","Welterbestätte in Frankreich","World Heritage site in France","49.07750","3.94611","","FR","0"
"world-heritage:633","world-heritage","Weiße Monumente von Wladimir und Susdal","White Monuments of Vladimir and Suzdal","","group of buildings in Russia","56.15000","40.41670","","RU","0"
"world-heritage:1096","world-heritage","Weiße Stadt","White City","Stadtviertel in Tel Aviv","neighborhood of Tel Aviv, Israel","32.07778","34.77389","","IL","0"
"world-heritage:320","world-heritage","Werke von Antoni Gaudí","Works of Antoni Gaudí","Stätte des Weltkulturerbes in Barcelona, Spanien","World Heritage Site in Barcelona, Spain","41.36383","2.02782","","ES","0"
"world-heritage:1334","world-heritage","West Lake Cultural Landscape of Hangzhou","","","","30.23750","120.14083","","CN","0"
"world-heritage:1195","world-heritage","West Norwegian Fjords – Geirangerfjord and Nærøyfjord","","Fjord in Norwegen","UNESCO designated world heritage area","60.96578","6.97769","","NO","0"
"world-heritage:900","world-heritage","Western Caucasus","","","World Heritage site in Russia","44.00000","40.00000","","RU","0"
"world-heritage:1342","world-heritage","Westghats","Western Ghats","Gebirge in Indien","mountain range along the western coast of India","10.16972","77.06111","","IN","0"
"world-heritage:1490","world-heritage","Westliches Tian-Shan-Gebirge","Western Tian Shan","Welterbestätte in Kasachstan, Kirgistan und Usbekistan","serial World Heritage Site in Kazakhstan, Uzbekistan, and Kyrgyzstan","42.50000","74.58333","","KG","0"
"world-heritage:486","world-heritage","Wet Tropics of Queensland","","","natural world heritage site in Queensland, Australia","-17.20000","145.80000","","AU","0"
"world-heritage:1181","world-heritage","Wiederaufgebautes Zentrum von Le Havre","reconstructed center of Le Havre","UNESCO-Welterbestätte in Frankreich","neighborhood in Le Havre, France","49.48910","0.11522","","FR","0"
"world-heritage:915","world-heritage","Wiege der Menschheit","Cradle of Humankind","Welterbestätte in Südafrika","paleoanthropological site near Johannesburg, South Africa","-25.96723","27.66244","","ZA","0"
"world-heritage:271","world-heritage","Wieskirche","","Kirchengebäude in Wies bei Steingaden, Bayern","Roman Catholic church in the municipality of Steingaden, Bavaria, Germany","47.68060","10.90044","","DE","0"
"world-heritage:1660","world-heritage","Wikingerzeitliche Ringburgen","Viking Age Ring Fortresses","Welterbestätte in Dänemark","World Heritage sites in Denmark","55.39194","10.38917","","DK","0"
"world-heritage:199","world-heritage","Wildreservat von Selous","Selous Game Reserve","Wildreservat in Tansania","game reserve and World Heritage Site in Tanzania","-9.00000","37.40000","","TZ","0"
"world-heritage:167","world-heritage","Willandra-Seenregion","Willandra Lakes Region","UNESCO-Welterbe in Australien","region in New South Wales, Australia","-33.61814","143.10141","","AU","0"
"world-heritage:1693","world-heritage","Winterkalte Wüsten von Turan","Cold Winter Deserts of Turan","Welterbestätte in Zentralasien","World Heritage site in Central Asia","44.02583","79.03417","","TM","0"
"world-heritage:256","world-heritage","Wood-Buffalo-Nationalpark","Wood Buffalo National Park","Nationalpark in Kanada","national park in Canada","59.38330","-112.98300","","CA","0"
"world-heritage:867","world-heritage","Woudagemaal","Ir.D.F. Woudagemaal","Museum in den Niederlanden","steam-powered pumping station and museum in Lemmer, the Netherlands","52.84583","5.67889","","NL","0"
"world-heritage:1597","world-heritage","Writing-on-Stone Provincial Park","","Provinzpark in Kanada","Alberta provincial park","49.08190","-111.61700","","CA","0"
"world-heritage:640","world-heritage","Wulingyuan","","Landschaft in Hunan, China","scenic and historic interest area in Hunan Province, China","29.34556","110.46667","","CN","0"
"world-heritage:169","world-heritage","Würzburger Residenz und Hofgarten","Würzburg Residence with the Court Gardens and Residence Square","UNESCO-Welterbestätte in Deutschland","World Heritage site in Germany","49.79278","9.93889","","DE","0"
"world-heritage:1279","world-heritage","Wutai Shan","Mount Wutai","Berg in der Volksrepublik China","mountain in Shanxi, China","39.08139","113.56694","","CN","0"
"world-heritage:911","world-heritage","Wuyi-Gebirge","Wuyi Mountains","","mountain range in China","27.71667","117.68333","","CN","0"
"world-heritage:484","world-heritage","Xanthos-Letoon","","archäologische Stätte in der Türkei","World Heritage site in Turkey","36.33500","29.32028","","TR","0"
"world-heritage:662","world-heritage","Yakushima","","","island in Kagoshima, Japan","30.35861","130.52861","","JP","0"
"world-heritage:28","world-heritage","Yellowstone-Nationalpark","Yellowstone National Park","Nationalpark in den Vereinigten Staaten","first national park in the world, located in Wyoming, Montana, and Idaho in the United States","44.60000","-110.50000","","US","0"
"world-heritage:1114","world-heritage","Yinxu","","Überreste der Hauptstadt Yin der späteren Shang-Dynastie in Anyang, Provinz Henan, China","archeological site of the last capital of China's Shang dynasty","36.12250","114.31861","","CN","0"
"world-heritage:308","world-heritage","Yosemite-Nationalpark","Yosemite National Park","Nationalpark in den Vereinigten Staaten","national park in California, United States","37.74250","-119.53750","","US","0"
"world-heritage:1039","world-heritage","Yungang-Grotten","Yungang Grottoes","Frühe buddhistische Höhlentempel in der Provinz Shanxi, China","ancient Chinese Buddhist temple grottoes in Shanxi","40.10972","113.12222","","CN","0"
"world-heritage:611","world-heritage","Zabid","","","","14.20000","43.31667","","YE","0"
"world-heritage:1695","world-heritage","Zagori","","Gemeinde in der nordwestgriechischen Region Epirus","historical and geographical region of Epirus, Greece","39.86670","20.70000","","GR","0"
"world-heritage:1023","world-heritage","Zapovednik Wrangel Island","","","","71.23333","179.40000","","RU","0"
"world-heritage:1558","world-heritage","Žatec und die Landschaft des Saazer Hopfens","Žatec and the Landscape of Saaz Hops","Welterbestätte in Tschechien","world heritage site in the Czech republic","50.32496","13.54509","","CZ","0"
"world-heritage:1610","world-heritage","Zeche Ombilin","Ombilin coal mine","Bergwerk in Indonesien","mine in Indonesia","-0.68333","100.76700","","ID","0"
"world-heritage:975","world-heritage","Zeche Zollverein","Zollverein Coal Mine Industrial Complex","von 1851 bis 1986 aktives Steinkohlebergwerk in Essen, heute Welterbe der UNESCO","large former industrial site in the city of Essen, North Rhine-Westphalia, Germany","51.48650","7.04408","","DE","0"
"world-heritage:1017","world-heritage","Zentral-Suriname-Naturschutzgebiet","Central Suriname Nature Reserve","Naturschutzgebiet in Suriname","nature reserve in Suriname","4.00000","-56.50000","","SR","0"
"world-heritage:1203","world-heritage","Zentrales Hochland von Sri Lanka","Central Highlands of Sri Lanka","","geographic region","7.45245","80.80210","","LK","0"
"world-heritage:449","world-heritage","Zhoukoudian","Zhoukoudian site","Siedlung in der Volksrepublik China","archeological site","39.68896","115.92483","","CN","0"
"world-heritage:620","world-heritage","Zipser Burg","Levoča, Spiš Castle and the associated cultural monuments","","world heritage site in Slovakia","48.99944","20.76750","","SK","0"
"world-heritage:546","world-heritage","Zisterzienserabtei Maulbronn","Maulbronn Monastery","ehemalige Zisterzienserabtei in der Ortsmitte von Maulbronn","monastery in Germany","49.00110","8.81290","","DE","0"
"world-heritage:1358","world-heritage","Zitadelle der Hồ-Dynastie","Citadel of the Hồ Dynasty","","UNESCO World Heritage site in Thanh Hóa, Vietnam","20.07806","105.60472","","VN","0"
"world-heritage:1437","world-heritage","Zitadelle von Arbil","Citadel of Erbil","","citadel and archaeological settlement hill in Erbil, Iraqi Kurdistan","36.19100","44.00900","","IQ","0"
"world-heritage:1606","world-heritage","Zugvogelschutzgebiete entlang der Küste des Gelben Meeres – Golf von Bohai (Phase I)","Migratory Bird Sanctuaries along the Coast of Yellow Sea-Bohai Gulf of China (Phase I)","Weltkulturerbe in China","world heritage site in China","32.93190","121.01680","","CN","0"
"world-heritage:1152","world-heritage","Þingvellir","Thingvellir National Park","Nationalpark in Island","national park in Iceland","64.25806","-21.12500","","IS","0"
