id,listKey,name,nameEn,blurb,blurbEn,lat,lon,country,isoCountryCode,sortIdx
"biosphere-reserves:Q16058035","biosphere-reserves","Achanakmar-Amarkantak Biosphere Reserve","","","biosphere reserves in India","22.10860","81.74810","","IN","0"
"biosphere-reserves:Q110122691","biosphere-reserves","Acuerdo de Conservación Suapure","","","natural reserve in Venezuela","7.14201","-65.31579","","VE","0"
"biosphere-reserves:Q110116633","biosphere-reserves","Acuerdo de Conservación Tzazenai","","","natural reserve in Venezuela","7.09135","-65.16609","","VE","0"
"biosphere-reserves:Q3595505","biosphere-reserves","Agasthyamala Biosphere Reserve","","","Indian Biosphere Reserve","8.70300","77.23536","","IN","0"
"biosphere-reserves:Q22200502","biosphere-reserves","Aggtelek Biosphere Reserve and National Park","","","Biosphere reserve in Hungary | designated in 1979","48.30000","20.36000","","HU","0"
"biosphere-reserves:Q6106195","biosphere-reserves","Agua y Paz Biosphere Reserve","","","","10.75000","-84.75000","","CR","0"
"biosphere-reserves:Q22674910","biosphere-reserves","Aïr et Ténéré","","","Biosphere reserve in Niger | designated in 1997","18.85000","9.50000","","NE","0"
"biosphere-reserves:Q22680803","biosphere-reserves","Ak-Zhayik","","","Biosphere reserve in Kazakhstan | designated in 2014","46.91670","51.75000","","KZ","0"
"biosphere-reserves:Q4531397","biosphere-reserves","Al Reem Biosphere Reserve","","","biosphere reserve in Qatar, designated in 2007","25.75000","51.00000","","QA","0"
"biosphere-reserves:Q22680809","biosphere-reserves","Alaköl-Biosphärenreservat","Alakol","Biosphärenreservat nahe der Grenze zur Volksrepublik China im Osten von Kasachstan","Biosphere reserve in Kazakhstan | designated in 2013","46.18330","81.76670","","KZ","0"
"biosphere-reserves:Q24114245","biosphere-reserves","Albay Biosphere Reserve","","","Located at the southern end of the Luzon Island, the biosphere covers some 250,000 hectares","13.20550","123.68747","","PH","0"
"biosphere-reserves:Q12271645","biosphere-reserves","Alibotoush","","","Biosphere reserve in Bulgaria","41.37703","23.62067","","BG","0"
"biosphere-reserves:Q24306501","biosphere-reserves","Altaiskyi Biosphere Reserve","","","Biosphere designated in 2009","51.95139","87.97028","","RU","0"
"biosphere-reserves:Q22674450","biosphere-reserves","Alto Orinoco-Casiquiare","","","Biosphere reserve in Venezuela | designated in 1993","2.35000","-64.39000","","VE","0"
"biosphere-reserves:Q30621737","biosphere-reserves","Alto Orinoco-Casiquiare Biosphere Reserve","","","UNESCO biosphere reserve in Venezuela","3.07000","-65.54600","","VE","0"
"biosphere-reserves:Q483905","biosphere-reserves","Anaga-Gebirge","Macizo de Anaga Biosphere Reserve","Gebirgszug und UNESCO-Biosphärenreservat im Nordosten Teneriffas, Spanien","mountain range in the northeastern part of the island of Tenerife in the Canary Islands","28.53654","-16.26916","","ES","0"
"biosphere-reserves:Q61379028","biosphere-reserves","Ancares-Courel","","","Special Area of Conservation of Ancares-Courel","42.87580","-6.96570","","ES","0"
"biosphere-reserves:Q22678507","biosphere-reserves","And Atoll","","","Biosphere reserve in Federated States Of Micronesia | designated in 2007","6.78300","157.95300","","FM","0"
"biosphere-reserves:Q6106178","biosphere-reserves","Andino Norpatagonica Biosphere Reserve","","","","-41.13333","-71.40000","","AR","0"
"biosphere-reserves:Q22678388","biosphere-reserves","Apaneca-Llamatepec","","","Biosphere reserve in El Salvador | designated in 2007","13.50000","-89.40000","","SV","0"
"biosphere-reserves:Q22806721","biosphere-reserves","Appennino Tosco-Emiliano","","","biosphere reserve in Italy, designated in 2015","44.38330","10.26670","","IT","0"
"biosphere-reserves:Q278021","biosphere-reserves","Arasbaran","","Bergland und Biosphärenreservat im Iran","mountainous area in Iran, biosphere reserve","38.74000","46.70000","","IR","0"
"biosphere-reserves:Q22771827","biosphere-reserves","Araucarias","","","Biosphere reserve in Chile | designated in 1983. Extended in 2010","-38.40000","-70.79000","","CL","0"
"biosphere-reserves:Q22680946","biosphere-reserves","Área de Allariz","","","Biosphere reserve in Spain | designated in 2005","42.80000","-7.49000","","ES","0"
"biosphere-reserves:Q6173835","biosphere-reserves","Área de Protección de la Flora y Fauna Cuatrociénegas","","","","26.91667","-102.06667","","MX","0"
"biosphere-reserves:Q3457148","biosphere-reserves","Arganeraie","","","Biosphere reserve in Morocco | designated in 1998","30.18000","-9.18000","","MA","0"
"biosphere-reserves:Q22695542","biosphere-reserves","Arrecife Alacranes","","","Biosphere reserve in Mexico | designated in 2006","22.27000","-89.42000","","MX","0"
"biosphere-reserves:Q22692991","biosphere-reserves","Arzhan and Parishan Protected Area","","","protected area in Fars Province, Iran","29.58667","51.88139","","IR","0"
"biosphere-reserves:Q24110710","biosphere-reserves","Atlas Cedar Biosphere Reserve","","","biosphere reserve in Morocco","33.01953","-5.30864","","MA","0"
"biosphere-reserves:Q124424786","biosphere-reserves","Avireri-Vraem","","","","-11.85652","-73.56043","","PE","0"
"biosphere-reserves:Q22678692","biosphere-reserves","Aya","","","Native forest and Biosphere reserve in Miyazaki prefecture, Japan","32.05670","131.19060","","JP","0"
"biosphere-reserves:Q22806737","biosphere-reserves","Baa Atoll","","","Biosphere reserve in Maldives | designated in 2011","5.13330","72.95000","","MV","0"
"biosphere-reserves:Q22806734","biosphere-reserves","Badiar","","","protected area in Guinea Conakri","12.36000","-13.21000","","GN","0"
"biosphere-reserves:Q22671207","biosphere-reserves","Baishuijiang","","","Biosphere reserve in China | designated in 2000","32.63000","104.78000","","CN","0"
"biosphere-reserves:Q24109159","biosphere-reserves","Balambangan Biosphere Reserve","","","","-8.20419","114.13631","","ID","0"
"biosphere-reserves:Q22771882","biosphere-reserves","Bamingui-Bangoran","","","Biosphere reserve in Central African Republic | designated in 1979","7.55000","19.39000","","CF","0"
"biosphere-reserves:Q24941546","biosphere-reserves","Bañados del Este Biosphere Reserve","","","","-33.50000","-54.00000","","UY","0"
"biosphere-reserves:Q22771840","biosphere-reserves","Banco Chinchorro","","","Biosphere reserve in Mexico | designated in 2003","18.32000","-87.19000","","MX","0"
"biosphere-reserves:Q3457330","biosphere-reserves","Baotianman National Nature Reserve","","","Biosphere reserve in China | designated in 2001","33.27000","111.73000","","CN","0"
"biosphere-reserves:Q24306595","biosphere-reserves","Barguzinskiy Biosphere Reserve","","","Biosphere designated in 1978","54.00000","109.08333","","RU","0"
"biosphere-reserves:Q22677998","biosphere-reserves","Barkindji","","","Biosphere reserve in Australia | designated in 2005","-34.10000","142.10000","","AU","0"
"biosphere-reserves:Q22670974","biosphere-reserves","Barranca de Metztilán Biosphere Reserve","","","Biosphere reserve in Mexico","20.30000","-98.40000","","MX","0"
"biosphere-reserves:Q4080161","biosphere-reserves","Baschkirski Ural","Bashkir Ural","","","53.03333","57.05000","","RU","0"
"biosphere-reserves:Q22678724","biosphere-reserves","Bashkirskiyi Ural","","","Biosphere reserve in Russian Federation | designated in 2012","53.00220","56.75000","","RU","0"
"biosphere-reserves:Q22674868","biosphere-reserves","Basse-Lobaye","","Biosphärenreservat in der Zentralafrikanischen Republik","biosphere reserve in the Central African Republic","3.40000","17.50000","","CF","0"
"biosphere-reserves:Q22806728","biosphere-reserves","Bassin de la Dordogne","","","Biosphere reserve in France | designated in 2012","45.18390","0.70380","","FR","0"
"biosphere-reserves:Q22695555","biosphere-reserves","Belezma","","","Biosphere reserve in Algeria | designated in 2015","35.36080","6.06580","","DZ","0"
"biosphere-reserves:Q24110251","biosphere-reserves","Belo-sur-Mer - Kirindy-Mitea Biosphere Reserve","","","Situated on the western coast of the island, the site includes watershed upstream and marine and coastal ecosystems downstream","-20.84097","44.02931","","MG","0"
"biosphere-reserves:Q4887894","biosphere-reserves","Beni Biological Station Biosphere Reserve","","","protected area in Bolivia","-14.38000","-66.18000","","BO","0"
"biosphere-reserves:Q22806714","biosphere-reserves","Benoué","","","Biosphere reserve in Cameroon | designated in 1981","8.28330","13.78330","","CM","0"
"biosphere-reserves:Q80344","biosphere-reserves","Berg Olymp","Mount Olympus","Gebirge und Nationalpark in Griechenland","mountain in Elassona municipality, Greece","40.08333","22.35000","","GR","0"
"biosphere-reserves:Q22771851","biosphere-reserves","Berlengas","","","protected area in Portugal","39.41360","-9.51050","","PT","0"
"biosphere-reserves:Q22674907","biosphere-reserves","Bia","","","Biosphere reserve in Ghana | designated in 1983","6.60000","-3.10000","","GH","0"
"biosphere-reserves:Q855195","biosphere-reserves","Bia-Tawaya-Nationalpark","Bia National Park","Nationalpark in Ghana","national park in the Bia District, Western Region of Ghana","6.08333","-3.10000","","GH","0"
"biosphere-reserves:Q192666","biosphere-reserves","Białowieża-Urwald","Białowieża Forest","Naturschutzgebiet auf beiden Seiten der polnisch-belarussischen Grenze","old forest in Poland and Belarus","52.75000","23.95000","","PL","0"
"biosphere-reserves:Q134699375","biosphere-reserves","Bicentenario-Ayacucho","","","","-13.56142","-73.99387","","PE","0"
"biosphere-reserves:Q859338","biosphere-reserves","Big Thicket National Preserve","","","","30.19910","-94.11601","","US","0"
"biosphere-reserves:Q1427197","biosphere-reserves","Big-Bend-Nationalpark","Big Bend National Park","Nationalpark in den Vereinigten Staaten","U.S. national park located in Southern Texas, bordering Mexico","29.25000","-103.25000","","US","0"
"biosphere-reserves:Q63353195","biosphere-reserves","Bijagos Archipelago Biosphere Reserve","","","protected area in Guinea-Bissau","11.25000","-16.08333","","GW","0"
"biosphere-reserves:Q8465260","biosphere-reserves","Bílé Karpaty Protected Landscape Area","","","Biosphere reserve in Czech Republic | designated in 1996","49.00754","17.87915","","CZ","0"
"biosphere-reserves:Q22673925","biosphere-reserves","Bioma Pampa-Quebradas del Norte","","Biosphärenreservat in Uruguay","Biosphere reserve in Uruguay | designated in 2014","-32.01070","-55.66900","","UY","0"
"biosphere-reserves:Q6461496","biosphere-reserves","Bioshärenreservat La Campana-Peñuelas","La Campana-Peñuelas","UNESCO-Bioshärenreservat in der Región de Valparaíso, Chile","biosphere reserve in Chile","-33.05003","-71.27700","","CL","0"
"biosphere-reserves:Q864720","biosphere-reserves","Biosphärengebiet Schwäbische Alb","Schwäbische Alb","Biosphärenreservat in Baden-Württemberg, Deutschland","biosphere reserve in Baden-Württemberg, Germany","48.43450","9.47870","","DE","0"
"biosphere-reserves:Q26271338","biosphere-reserves","Biosphärengebiet Schwarzwald","Black Forest Biosphere Reserve","Biosphärenreservat in Baden-Württemberg, Deutschland","biosphere reserve in Baden-Württemberg, Germany","47.78917","7.95750","","DE","0"
"biosphere-reserves:Q22678488","biosphere-reserves","Biosphärenpark Wienerwald","Wienerwald Biosphere Reserve","Biosphärenreservat in den österreichischen Bundesländern Wien und Niederösterreich","Biosphere reserve in Austria","48.13330","16.06670","","AT","0"
"biosphere-reserves:Q3384333","biosphere-reserves","Biosphärenreservat  Las Dehesas de Sierra Morena","Las Dehesas de Sierra Morena Biosphere Reserve","UNESCO-Biosphärenreservat in Spanien","Biosphere Reserve ind Spain","37.88000","-5.59000","","ES","0"
"biosphere-reserves:Q6106222","biosphere-reserves","Biosphärenreservat Alto de Bernesga","Alto de Bernesga Biosphere Reserve","UNESCO-Biosphärenreservat in Spanien","Biosphere Reserve in Spain","42.85000","-5.66667","","ES","0"
"biosphere-reserves:Q132167210","biosphere-reserves","Biosphärenreservat Alto Turia","Alto Turia Biosphere Reserve","UNESCO-Biosphärenreservat in Spanien","Biosphere Reserve in Comunitat Valenciana, Spain","39.83000","-1.09000","","ES","0"
"biosphere-reserves:Q4784459","biosphere-reserves","Biosphärenreservat Araucarias","Araucarias Biosphere Reserve","Biosphärenreservat in den südlichen Anden in Chile","biosphere reserve in the Andes range in south-central Chile","-38.66667","-71.33333","","CL","0"
"biosphere-reserves:Q12398950","biosphere-reserves","Biosphärenreservat Área de Allariz","Área de Allariz Biosphere Reserve","UNESCO-Biosphärenreservat in Spanien","Biosphere Reserve of Galicia, Spain","42.19028","-7.80139","","ES","0"
"biosphere-reserves:Q4878089","biosphere-reserves","Biosphärenreservat Beaver Hills","Beaver Hills","Biosphärenreservat in Alberta, Kanada","Biosphere Reserve in Alberta, Canada","53.46667","-112.96667","","CA","0"
"biosphere-reserves:Q864725","biosphere-reserves","Biosphärenreservat Berchtesgadener Land","Berchtesgaden Alps Biosphere Reserve","Biosphärenreservat in Bayern, Deutschland","biosphere reserve in Bavaria, Germany","47.60000","13.00000","","DE","0"
"biosphere-reserves:Q864729","biosphere-reserves","Biosphärenreservat Bliesgau","Bliesgau Biosphere Reserve","Biosphärenreservat im Saarland, Deutschland","biosphere reserve in Saarland, Germany","49.29340","7.21080","","DE","0"
"biosphere-reserves:Q22771899","biosphere-reserves","Biosphärenreservat Bras d’Or Lake","Bras d'Or Lake Biosphere Reserve","Biosphärenreservat in Nova Scotia, Kanada","Biosphere Reserve in Nova Scotia, Canada","45.88690","-60.70380","","CA","0"
"biosphere-reserves:Q283428","biosphere-reserves","Biosphärenreservat Charlevoix","Charlevoix Biosphere Reserve","","Biosphere Reserve in Quebec, Canada","47.45000","-70.58000","","CA","0"
"biosphere-reserves:Q864750","biosphere-reserves","Biosphärenreservat Dana","Dana Biosphere Reserve","größtes Naturreservat in Jordanien","","30.68750","35.57528","","JO","0"
"biosphere-reserves:Q17310548","biosphere-reserves","Biosphärenreservat Engiadina Val Mustair","Biosfera Val Müstair","UNESCO-Biosphärenreservat in der Schweiz","Biosphere reserve of Switzerland","46.61080","10.36520","","CH","0"
"biosphere-reserves:Q864732","biosphere-reserves","Biosphärenreservat Flusslandschaft Elbe","Flusslandschaft Elbe Biosphere Reserve","Biosphärenreservat in mehreren deutschen Bundesländern","","52.33000","11.34000","","DE","0"
"biosphere-reserves:Q864739","biosphere-reserves","Biosphärenreservat Flusslandschaft Elbe –Mecklenburg-Vorpommern","Biosphärenreservat Flusslandschaft Elbe – Mecklenburg-Vorpommern","Biosphärenreservat in Mecklenburg-Vorpommern, Deutschland","biosphere reserve in Mecklenburg-Vorpommern, Germany","53.30229","11.05844","","DE","0"
"biosphere-reserves:Q864738","biosphere-reserves","Biosphärenreservat Flusslandschaft Elbe-Brandenburg","Biosphärenreservat Elbe-Brandenburg","Biosphärenreservat in Brandenburg, Deutschland","biosphere reserve in Brandenburg, Germany","52.99497","11.79419","","DE","0"
"biosphere-reserves:Q3457142","biosphere-reserves","Biosphärenreservat Fundy","Fundy Biosphere Reserve","Biosphärenreservat in New Brunswick, Kanada","Biosphere Reserve in New Brunswick, Canada","45.61000","-65.03000","","CA","0"
"biosphere-reserves:Q14875152","biosphere-reserves","Biosphärenreservat Georgian Bay","Georgian Bay Littoral","Biosphärenreservat in Ontario, Kanada","Biosphere Reserve in Ontario, Canada","45.26000","-80.18000","","CA","0"
"biosphere-reserves:Q22678720","biosphere-reserves","Biosphärenreservat Gran Canaria","Gran Canaria Biosphere Reserve","UNESCO-Biosphärenreservat in Spanien","biosphere reserve in Spain, designated in 2005","27.95000","-15.63000","","ES","0"
"biosphere-reserves:Q21199010","biosphere-reserves","Biosphärenreservat Hamburgisches Wattenmeer","Waddensea of Hamburg Biosphere Reserve","Biosphärenreservat in Deutschland","biosphere reserve in Germany","53.93533","8.47269","","DE","0"
"biosphere-reserves:Q132169097","biosphere-reserves","Biosphärenreservat Irati","Irati Biosphere Reserve","UNESCO-Biosphärenreservat in Spanien","Biosphere Reserve in Navarre, Spain","42.98833","-1.10556","","ES","0"
"biosphere-reserves:Q864741","biosphere-reserves","Biosphärenreservat Karpaten","Carpathian Biosphere Reserve","Biosphärenreservat in der Ukraine","biosphere reserve in Zakarpattia Oblast, Ukraine","48.03000","24.12000","","UA","0"
"biosphere-reserves:Q13642199","biosphere-reserves","Biosphärenreservat Krkonoše/Karkonosze","Krkonose/Karkonosze","","transboundary biosphere reserve in the Czech Republic and Poland","50.75000","15.75000","","CZ","0"
"biosphere-reserves:Q6106208","biosphere-reserves","Biosphärenreservat La Palma","La Palma Biosphere reserve","Schutzgebiet der kanarischen Insel La Palma und Bereichen des umgebenden Meeres","","28.66667","-17.86667","","ES","0"
"biosphere-reserves:Q132166804","biosphere-reserves","Biosphärenreservat La Siberia","La Siberia Biosphere Reserve","UNESCO-Biosphärenreservat in Spanien","Biosphere Reserve in Extremadura, Spain","39.15000","-5.02000","","ES","0"
"biosphere-reserves:Q22678674","biosphere-reserves","Biosphärenreservat Lanzarote","Lanzarote Biosphere reserve","UNESCO-Biosphärenreservat auf den Kanaren","Biosphere reserve in Spain | designated in 1993","29.02000","-13.64000","","ES","0"
"biosphere-reserves:Q22680858","biosphere-reserves","Biosphärenreservat Las Sierras de Béjar y Francia","Las Sierras de Béjar y Francia Biosphere Reserve","UNESCO-Biosphärenreservat in Spanien","Biosphere reserve in Spain | designated in 2006","40.23000","-5.46000","","ES","0"
"biosphere-reserves:Q22680871","biosphere-reserves","Biosphärenreservat Las Sierras de Cazorla y Segura","Las Sierras de Cazorla y Segura Biosphere Reserve","UNESCO-Biosphärenreservat in Spanien","Biosphere reserve in Spain | designated in 1983","38.15000","-2.70000","","ES","0"
"biosphere-reserves:Q22680839","biosphere-reserves","Biosphärenreservat Ledroalpen und Judikarien","Ledro Alps and Judicaria","UNESCO-Biosphärenreservat im Trentino, Italien","Biosphere reserve in Italy | designated in 2015","46.03100","10.86700","","IT","0"
"biosphere-reserves:Q25047665","biosphere-reserves","Biosphärenreservat Long Point","Long Point Biosphere Reserve","Biosphärenreservat  in Ontario, Kanada","Biosphere Reserve in Ontario, Canada","42.58333","-80.38333","","CA","0"
"biosphere-reserves:Q6106215","biosphere-reserves","Biosphärenreservat Los Ancares Leoneses","Los Ancares Leoneses Biosphere Reserve","UNESCO-Biosphärenreservat in Spanien","","42.86640","-6.57940","","ES","0"
"biosphere-reserves:Q6106210","biosphere-reserves","Biosphärenreservat Los Argüellos","Los Argüellos Biosphere Reserve","UNESCO-Biosphärenreservat in Spanien","Biosphere Reserve in Spain","42.96806","-5.49500","","ES","0"
"biosphere-reserves:Q6106218","biosphere-reserves","Biosphärenreservat Los Valles de Omaña y Luna","Los Valles de Omaña y Luna Biosphere Reserve","UNESCO-Biosphärenreservat in Spanien","Biosphere Reserve in Spain","42.90000","-5.95000","","ES","0"
"biosphere-reserves:Q960695","biosphere-reserves","Biosphärenreservat Mancha Húmeda","Mancha Húmeda Biosphere Reserve","UNESCO-Biosphärenreservat in Spanien","Biosphere Reserve in Spain","39.30000","-2.98000","","ES","0"
"biosphere-reserves:Q25508371","biosphere-reserves","Biosphärenreservat Mariñas Coruñesas e Terras do Mandeo","Mariñas Coruñesas e Terras do Mandeo Biosphere Reserve","UNESCO-Biosphärenreservat in Spanien","Biosphere Reserve of Galicia, Spain","43.22750","-8.28833","","ES","0"
"biosphere-reserves:Q20101665","biosphere-reserves","Biosphärenreservat Menorca","Menorca Biosphere Reserve","UNESCO-Biosphärenreservat in Spanien","Biosphere reserve in Spain | designated in 1993 (Change in zonation 2004)","39.97000","4.05000","","ES","0"
"biosphere-reserves:Q20064557","biosphere-reserves","Biosphärenreservat Meseta Ibérica","Meseta Iberica Transboundary Biosphere Reserve","grenzüberschreitendes UNESCO-Biosphärenreservat in Portugal und Spanien","Spanish and Portuguese biosphere reserve","41.51670","-6.66670","","PT","0"
"biosphere-reserves:Q322715","biosphere-reserves","Biosphärenreservat Mittelelbe","Middle Elbe Biosphere Reserve","Biosphärenreservat in Sachsen-Anhalt","Biosphere Reserve in Saxony-Anhalt","52.38180","11.92620","","DE","0"
"biosphere-reserves:Q24638787","biosphere-reserves","Biosphärenreservat Mont Saint-Hilaire","Mont-Saint-Hilaire Biosphere Reserve","Biosphärenreservat in Quebec, Kanada","biosphere reserve in Canada","45.55000","-73.16667","","CA","0"
"biosphere-reserves:Q104862482","biosphere-reserves","Biosphärenreservat Mount Arrowsmith","Mount Arrowsmith Biosphere Region","UNESCO Biosphärenreservat in British Columbia, Kanada","Biosphere reserve of Canada","49.18333","-124.25000","","CA","0"
"biosphere-reserves:Q864745","biosphere-reserves","Biosphärenreservat Niedersächsische Elbtalaue","","Biosphärenreservat im deutschen Bundesland Niedersachsen","","53.23601","10.96079","","DE","0"
"biosphere-reserves:Q864749","biosphere-reserves","Biosphärenreservat Niedersächsisches Wattenmeer","Waddensea of Lower Saxony Biosphere Reserve","Biosphärenreservat in Deutschland","biosphere reserve in Germany","53.54000","8.25000","","DE","0"
"biosphere-reserves:Q160949","biosphere-reserves","Biosphärenreservat Oberlausitzer Heide- und Teichlandschaft","Oberlausitzer Heide - und Teichlandschaft Biosphere Reserve","Biosphärenreservat in Sachsen, Deutschland","biosphere reserve in Saxony, Germany","51.18000","14.32000","","DE","0"
"biosphere-reserves:Q22771816","biosphere-reserves","Biosphärenreservat Ordesa-Viñamala","Ordesa-Viñamala Biosphere Reserve","UNESCO-Biosphärenreservat in Spanien","Biosphere reserve in Spain | designated in 1977 (Extended in 2013)","42.67000","-0.14000","","ES","0"
"biosphere-reserves:Q16913071","biosphere-reserves","Biosphärenreservat Os Ancares Lucenses e Montes de Cervantes, Navia e Becerrea","Os Ancares Lucenses e Montes de Cervantes, Navia e Becerrea Biosphere Reserve","UNESCO-Biosphärenreservat in Spanien","Biosphere Reserve in Spain","42.89833","-6.97833","","ES","0"
"biosphere-reserves:Q115656880","biosphere-reserves","Biosphärenreservat Pfälzerwald-Nordvogesen","biosphere reserve Pfälzerwald","deutscher Teil des Deutsch-Französischen Biosphärenreservats","German part of biosphere reserve Pfälzerwald-Vosges du Nord","49.27997","7.87441","","DE","0"
"biosphere-reserves:Q54833387","biosphere-reserves","Biosphärenreservat Picos de Europa","Picos de Europa Biosphere Reserve","UNESCO-Biosphärenreservat in Spanien","Biosphere Reserve in Spain","43.21920","-4.90130","","ES","0"
"biosphere-reserves:Q108066076","biosphere-reserves","Biosphärenreservat Ponga","Ponga Biosphere Reserve","UNESCO-Biosphärenreservat in Spanien","Biosphere Reserve in Spain","43.18472","-5.17083","","ES","0"
"biosphere-reserves:Q22680876","biosphere-reserves","Biosphärenreservat Real Sitio de San Ildefonso-El Espinar","Real Sitio de San Ildefonso-El Espinar Biosphere Reserve","UNESCO-Biosphärenreservat in Spanien","Biosphere reserve in Spain | designated in 2013","40.79030","-4.09850","","ES","0"
"biosphere-reserves:Q22771892","biosphere-reserves","Biosphärenreservat Redberry Lake","Redberry Lake Biosphere Reserve","Biosphärenreservat in Saskatchewan, Kanada","Biosphere Reserve in Saskatchewan, Canada","52.42000","-107.10000","","CA","0"
"biosphere-reserves:Q864755","biosphere-reserves","Biosphärenreservat Rhön","Rhön Biosphere Reserve","Biosphärenreservat in Deutschland","Biosphere Reserve in Germany","50.35000","10.05000","","DE","0"
"biosphere-reserves:Q121267903","biosphere-reserves","Biosphärenreservat Ribeira Sacra E Serras Do Oribio E Courel","Ribeira Sacra E Serras Do Oribio E Courel Biosphere Reserve","UNESCO-Biosphärenreservat in Spanien","Biosphere Reserve in Spain","42.58640","-7.49308","","ES","0"
"biosphere-reserves:Q21188765","biosphere-reserves","Biosphärenreservat Riding Mountain","Riding Mountain Biosphere Reserve","Biosphärenreservat in Manitoba, Canada","Biosphere Reserve in Manitoba, Canada","50.45000","-100.19000","","CA","0"
"biosphere-reserves:Q22680879","biosphere-reserves","Biosphärenreservat Río Eo, Oscos y Terras de Buron","Río Eo, Oscos y Terras de Buron Biosphere Reserve","UNESCO-Biosphärenreservat in Spanien","Biosphere reserve in Spain | designated in 2007","43.42500","-7.15100","","ES","0"
"biosphere-reserves:Q752181","biosphere-reserves","Biosphärenreservat Río Plátano","Río Plátano Biosphere Reserve","Nationalpark in Honduras","biosphere reserve in Honduras","15.25000","-84.73000","","HN","0"
"biosphere-reserves:Q4408855","biosphere-reserves","Biosphärenreservat Sary-Tschelek","Sary-Chelek Nature Reserve","Biosphärenreservat in Kirgisistan","biosphere reserve in Kyrgyzstan","41.85730","71.97930","","KG","0"
"biosphere-reserves:Q864765","biosphere-reserves","Biosphärenreservat Schaalsee","Schaalsee Biosphere Reserve","Biosphärenreservat in Mecklenburg-Vorpommern, Deutschland","biosphere reserve in Mecklenburg-Vorpommern, Germany","53.63330","10.96670","","DE","0"
"biosphere-reserves:Q864760","biosphere-reserves","Biosphärenreservat Schleswig-Holsteinisches Wattenmeer und Halligen","Wadden Sea and Hallig Islands of Schleswig-Holstein Biosphere Reserve","Biosphärenreservat in Deutschland","Biosphere reserve in Germany | designated in 1990 (Waddensea of Schleswig-Holstein extended and renamed in 2004)","53.59000","8.16000","","DE","0"
"biosphere-reserves:Q314279","biosphere-reserves","Biosphärenreservat Schorfheide-Chorin","Schorfheide-Chorin Biosphere Reserve","Biosphärenreservat in Brandenburg, Deutschland","biosphere reserve in Brandenburg, Germany","53.00000","13.40000","","DE","0"
"biosphere-reserves:Q864774","biosphere-reserves","Biosphärenreservat Schwarzes Meer","Black Sea Biosphere Reserve","ukrainisches Biosphärenreservat","biosphere reserve in Kherson Oblast, Ukraine","46.29649","31.91856","","UA","0"
"biosphere-reserves:Q3457144","biosphere-reserves","Biosphärenreservat Southwest Nova","Southwest Nova Biosphere Reserve","Biosphärenreservat in Nova Scotia, Kanada","Biosphere Reserve in Nova Scotia, Canada","44.13000","-65.50000","","CA","0"
"biosphere-reserves:Q864768","biosphere-reserves","Biosphärenreservat Spreewald","Spreewald Biosphere Reserve","Biosphärenreservat in Brandenburg, Deutschland","biosphere reserve in Brandenburg, Germany","52.46667","14.35000","","DE","0"
"biosphere-reserves:Q864769","biosphere-reserves","Biosphärenreservat Südost-Rügen","Southeast Rügen Biosphere Reserve","Biosphärenreservat in Mecklenburg-Vorpommern, Deutschland","biosphere reserve in Mecklenburg-Vorpommern, Germany","54.20000","13.39000","","DE","0"
"biosphere-reserves:Q5853681","biosphere-reserves","Biosphärenreservat Tehuacán-Cuicatlán","Tehuacán-Cuicatlán Biosphere Reserve","mexikanisches Naturreservat","biosphere reserve in Mexico","18.21140","-97.39940","","MX","0"
"biosphere-reserves:Q20102034","biosphere-reserves","Biosphärenreservat Terras do Miño","Terras do Miño Biosphere Reserve","UNESCO-Biosphärenreservat in Spanien","UNESCO Biosphere Reserve in Spain","43.17000","-7.60000","","ES","0"
"biosphere-reserves:Q22680880","biosphere-reserves","Biosphärenreservat Terres de l’Ebre, Catalonia","Terres de l’Ebre, Catalonia Biosphere Reserve","UNESCO-Biosphärenreservat in Spanien","Biosphere reserve in Spain | designated in 2013","40.70880","0.57690","","ES","0"
"biosphere-reserves:Q864772","biosphere-reserves","Biosphärenreservat Thüringer Wald","Thüringer Wald Biosphere Reserve","Biosphärenreservat in Thüringen, Deutschland","biosphere reserve in Thuringia, Germany","50.36000","10.48000","","DE","0"
"biosphere-reserves:Q24103317","biosphere-reserves","Biosphärenreservat Tsá Tué","Tsá Tué Biosphere Reserve","Biosphärenreservat in den Nordwest-Territorien, Kanada","Biosphere Reserve in the Northwest Territories of Canada","66.36833","-120.58806","","CA","0"
"biosphere-reserves:Q609380","biosphere-reserves","Biosphärenreservat Tschatkal","Chatkal biosphere reserve","UNESCO Biosphärenreservat in Usbekistan","UNESCO biosphere Reserve in Uzbekistan","41.29535","70.29739","","UZ","0"
"biosphere-reserves:Q864781","biosphere-reserves","Biosphärenreservat Ulla Ulla","Ulla Ulla National Reserve","","protected area in Bolivia","-15.00000","-69.00000","","BO","0"
"biosphere-reserves:Q3118982","biosphere-reserves","Biosphärenreservat Urdaibai","Urdaibai","UNESCO-Biosphärenreservat in Spanien","Biosphere reserve in Biscay, Basque Country, Spain","43.35000","-2.68000","","ES","0"
"biosphere-reserves:Q130314812","biosphere-reserves","Biosphärenreservat Val d'Aran","Val d'Aran Biosphere Reserve","UNESCO-Biosphärenreservat in Spanien","Biosphere reserve in Catalonia, Spain | designated in 2024","42.72583","0.82806","","ES","0"
"biosphere-reserves:Q22806751","biosphere-reserves","Biosphärenreservat Valle de Laciana","Valle de Laciana Biosphere Reserve","UNESCO-Biosphärenreservat in Spanien","Biosphere reserve in Spain | designated in 2003. Elemento de la RB Gran Cant","42.98000","-6.36000","","ES","0"
"biosphere-reserves:Q102419578","biosphere-reserves","Biosphärenreservat Valle del Cabriel","Valle del Cabriel Biosphere Reserve","UNESCO-Biosphärenreservat in Spanien","","39.33524","-1.33914","","ES","0"
"biosphere-reserves:Q6159300","biosphere-reserves","Biosphärenreservat Valles del Jubera, Leza, Cidacos y Alhama","Valles del Leza, Jubera, Cidacos and Alhama Biosphere Reserve","UNESCO-Biosphärenreservat in Spanien","Biosphere Reserve in Spain","42.16000","-2.18000","","ES","0"
"biosphere-reserves:Q22771881","biosphere-reserves","Biosphärenreservat Waterton","Waterton Biosphere Region","Biosphärenreservat in Alberta, Kanada","Biosphere Region in Alberta, Canada","49.75139","-113.81750","","CA","0"
"biosphere-reserves:Q1186384","biosphere-reserves","Biosphärenreservat Yssykköl","Issyk-Kul State Nature Reserve","Biosphärenreservat in Kirgisistan","","42.41940","77.26410","","KG","0"
"biosphere-reserves:Q141086099","biosphere-reserves","Biosphere Reserve Banco Chinchorro","","","","18.58306","-87.33306","","MX","0"
"biosphere-reserves:Q20829827","biosphere-reserves","Biosphere Reserve Barranca de Metztitlán","","","","20.51616","-98.72609","","MX","0"
"biosphere-reserves:Q4915292","biosphere-reserves","Biosphere Reserve of Ñacuñan","","Siedlung in Argentinien","human settlement in Argentina","-34.02000","-67.54000","","AR","0"
"biosphere-reserves:Q29680313","biosphere-reserves","biotope of Malga Laghetto","","","natural area in Lavarone, Italy","45.95750","11.29580","","IT","0"
"biosphere-reserves:Q2904841","biosphere-reserves","Bistrishko Branishte","","","Biosphere reserve in Bulgaria","42.56194","23.31444","","BG","0"
"biosphere-reserves:Q22806736","biosphere-reserves","Blekinge Archipelago","","","Biosphere reserve in Sweden | designated in 2011","56.11500","15.58380","","SE","0"
"biosphere-reserves:Q1305810","biosphere-reserves","Blyde River Canyon Nature Reserve","","","Biosphere reserve in South Africa | designated in 2001","-24.49140","30.75970","","ZA","0"
"biosphere-reserves:Q8248962","biosphere-reserves","Boatin Biosphere Reserve","","","Biosphere Reserve in Bulgaria","42.80278","24.26917","","BG","0"
"biosphere-reserves:Q22132166","biosphere-reserves","Bogd Khan Uul Biosphere Reserve","","","nature reserve in Mongolia, situated to the south of Ulan-Bator","47.81846","106.95037","","MN","0"
"biosphere-reserves:Q22674940","biosphere-reserves","Bogeda","","","Biosphere reserve in China | designated in 1990","43.88000","87.75000","","CN","0"
"biosphere-reserves:Q22671202","biosphere-reserves","Boghd Khan Uul","","","Biosphere reserve in Mongolia | designated in 1996","47.48000","106.78000","","MN","0"
"biosphere-reserves:Q22674909","biosphere-reserves","Boloma Bijagós","","","Biosphere reserve in Guinea-Bissau | designated in 1996","12.91000","-16.10000","","GW","0"
"biosphere-reserves:Q8251051","biosphere-reserves","Bosque de la Primavera","La Primavera Biosphere Reserve","","Biosphere reserve in Mexico | designated in 2006","20.63528","-103.56889","","MX","0"
"biosphere-reserves:Q22806725","biosphere-reserves","Bosque Seco","","","Biosphere reserve in Ecuador","-4.07000","-80.01000","","EC","0"
"biosphere-reserves:Q124424788","biosphere-reserves","Bosques de Neblina - Selva Central","","","","-11.05044","-75.47258","","PE","0"
"biosphere-reserves:Q3753060","biosphere-reserves","Bosques Templados Lluviosos de los Andes Australes","","","","-41.20300","-72.13400","","CL","0"
"biosphere-reserves:Q7055111","biosphere-reserves","Braunton Burrows North Devon Biosphere Reserve","","","UNESCO biosphere reserve in North Devon, England","51.00000","-4.13330","","GB","0"
"biosphere-reserves:Q22680892","biosphere-reserves","Brighton and Lewes Downs","","","Biosphere reserve in United Kingdom | designated in 2014","50.84900","-0.10780","","GB","0"
"biosphere-reserves:Q22222846","biosphere-reserves","Buenavista Biosphere Reserve","","","Biosphere reserve in Cuba | designated in 2000","22.35000","-78.57000","","CU","0"
"biosphere-reserves:Q22678686","biosphere-reserves","Bura'a","","","Biosphere reserve in Yemen | designated in 2011","15.11000","43.31000","","YE","0"
"biosphere-reserves:Q22806733","biosphere-reserves","Caatinga","","","Biosphere reserve in Brazil | designated in 2001","-9.50000","-39.65000","","BR","0"
"biosphere-reserves:Q548667","biosphere-reserves","Cabo de Gata","Cabo de Gata-Níjar Natural Park","Park in Spanien","nature park in Almería Province, Spain","36.90000","-2.03000","","ES","0"
"biosphere-reserves:Q22680977","biosphere-reserves","Cacique Lempira, Señor de las Montañas","","","Biosphere reserve in Honduras | designated in 2015","14.54194","-88.71389","","HN","0"
"biosphere-reserves:Q3457136","biosphere-reserves","Calakmul Biosphere Reserve","","","reserve in Yucatan, Mexico","18.61200","-89.54800","","MX","0"
"biosphere-reserves:Q22680889","biosphere-reserves","Camili Biosphere Reserve","","","Biosphere reserve in Turkey | designated in 2005","41.26000","41.77000","","TR","0"
"biosphere-reserves:Q5029050","biosphere-reserves","Can Gio Mangrove Forest","","Feuchtgebiet in Vietnam","wetland in Vietnam","10.31000","106.74000","","VN","0"
"biosphere-reserves:Q11102863","biosphere-reserves","Cape Horn Biosphere Reserve","","","","-55.15000","-69.30000","","CL","0"
"biosphere-reserves:Q22671019","biosphere-reserves","Cape West Coast","","","Biosphere reserve in South Africa | designated in 2000","-33.50000","18.15000","","ZA","0"
"biosphere-reserves:Q22260868","biosphere-reserves","Cape Winelands Biosphere Reserve","","","Biosphere reserve in South Africa | designated in 2007","-33.75000","19.00000","","ZA","0"
"biosphere-reserves:Q54828077","biosphere-reserves","Castro Verde","","","protected area in Portugal","37.74530","-8.00900","","PT","0"
"biosphere-reserves:Q22215275","biosphere-reserves","Central Amazon Biosphere Reserve","","","Biosphere reserve in Brazil | designated in 2001","-3.12000","-63.12000","","BR","0"
"biosphere-reserves:Q22671009","biosphere-reserves","Central Gulf Coast Plain","","","Biosphere reserve in United States Of America | designated in 1983","29.44000","-84.58000","","US","0"
"biosphere-reserves:Q10359767","biosphere-reserves","Cerrado Biosphere Reserve","","","","-7.35000","-43.50000","","BR","0"
"biosphere-reserves:Q3457139","biosphere-reserves","Chamela-Cuixmala Biosphere Reserve","","","biosphere reserve in Jalisco, Mexico","19.48806","-104.99556","","MX","0"
"biosphere-reserves:Q22674427","biosphere-reserves","Champlain-Adirondak","","","Biosphere reserve in United States Of America | designated in 1986","44.00000","-73.22000","","US","0"
"biosphere-reserves:Q22806712","biosphere-reserves","Changbaishan","","","Biosphere reserve in China | designated in 1979","41.96000","127.80000","","CN","0"
"biosphere-reserves:Q306193","biosphere-reserves","Channel-Islands-Nationalpark","Channel Islands National Park","Nationalpark in den Vereinigten Staaten","national park of the United States","33.66000","-119.64000","","US","0"
"biosphere-reserves:Q3457335","biosphere-reserves","Chebaling Biosphere Reserve","","","natural reserve in China","24.72780","114.21670","","CN","0"
"biosphere-reserves:Q22678135","biosphere-reserves","Chilwa Sumpfgebiet","Lake Chilwa Wetland","Biosphären Reservat in Malawi","Biosphere reserve in Malawi | designated in 2006","-15.15000","35.45000","","MW","0"
"biosphere-reserves:Q8465595","biosphere-reserves","CHKO Třeboňsko","Třeboňsko Protected Landscape Area","","Biosphere reserve in Czech Republic | designated in 1977","49.00020","14.83550","","CZ","0"
"biosphere-reserves:Q22771837","biosphere-reserves","Chrea Biosphere Reserve","","","Biosphere reserve in Algeria | designated in 2002","36.24000","2.70000","","DZ","0"
"biosphere-reserves:Q22678368","biosphere-reserves","Cibodas","","","Biosphere reserve in Indonesia | designated in 1977","-6.45000","106.77000","","ID","0"
"biosphere-reserves:Q126126454","biosphere-reserves","Cibodas Biosphere Reserve","","","biosphere reserve in Riau Province, Sumatra, Indonesia","-6.73757","107.00539","","ID","0"
"biosphere-reserves:Q22771888","biosphere-reserves","Ciénaga de Zapata","","","Biosphere reserve in Cuba | designated in 2000","22.40000","-81.56667","","CU","0"
"biosphere-reserves:Q22199654","biosphere-reserves","Cinturón Andino","","","Biosphere reserve in Colombia | designated in 1979","2.73000","-76.19000","","CO","0"
"biosphere-reserves:Q22222711","biosphere-reserves","Circeo Biosphere Reserve","","","Biosphere reserve in Italy | designated in 1977","41.20000","13.35000","","IT","0"
"biosphere-reserves:Q22222719","biosphere-reserves","Collemeluccio-Montedimezzo Biosphere Reserve","","","Biosphere reserve in Italy | designated in 1977","41.44000","14.15000","","IT","0"
"biosphere-reserves:Q24109680","biosphere-reserves","Collina Po Biosphere Reserve","","","biosphere reserve is located in the north Italian Piedmont Region and covers the whole Turin stretch of the River Po","45.05342","7.81439","","IT","0"
"biosphere-reserves:Q22218138","biosphere-reserves","Cordillera Volcánica Central Biosphere Reserve","","","Biosphere reserve in Costa Rica | designated in 1988. Extended in 2010","9.94000","-83.71000","","CR","0"
"biosphere-reserves:Q22680955","biosphere-reserves","Corredor Biológico Nevados de Chillán - Laguna del Laja","","","Biosphere reserve in Chile | designated in 2011","-37.36660","-71.26660","","CL","0"
"biosphere-reserves:Q22695546","biosphere-reserves","Corvo Island Biosphere Reserve","","","protected area in Portugal","39.70200","-31.10800","","PT","0"
"biosphere-reserves:Q22771855","biosphere-reserves","Crocker Range","","","Biosphere reserve in Malaysia | designated in 2014","5.72690","115.53280","","MY","0"
"biosphere-reserves:Q54828079","biosphere-reserves","Crown of the Continent","","","","48.95670","-113.99853","","US","0"
"biosphere-reserves:Q2683771","biosphere-reserves","Cuchillas del Toa","","Gebirgs- und Meeresregion von Kuba","biosphere reserve in Cuba","20.26000","-74.69000","","CU","0"
"biosphere-reserves:Q3383761","biosphere-reserves","Cuenca Alta del Río Manzanares","","","Biosphere reserve in Spain | designated in 1992","40.67000","-3.89000","","ES","0"
"biosphere-reserves:Q122181731","biosphere-reserves","Cuencas Altas de los Ríos Manzanares, Lozoya y Guadarrama","","","Cuenca Alta del Río Manzanares","40.70939","-3.95703","","ES","0"
"biosphere-reserves:Q22674916","biosphere-reserves","Dalai Lake","","","Biosphere reserve in China | designated in 2002","48.33000","117.30000","","CN","0"
"biosphere-reserves:Q1158034","biosphere-reserves","Dallol Bosso","","","","12.41056","2.82778","","NE","0"
"biosphere-reserves:Q22343266","biosphere-reserves","Danube Delta Biosphere Reserve","","","","45.21667","29.76667","","RO","0"
"biosphere-reserves:Q22674859","biosphere-reserves","Darién","","","biosphere reserve in Panama | designated in 1983","7.50000","-77.53000","","PA","0"
"biosphere-reserves:Q109922217","biosphere-reserves","Delta del Orinoco Biosphere Reserve","","","natural reserve in Venezuela","8.81587","-61.05733","","VE","0"
"biosphere-reserves:Q22771832","biosphere-reserves","Delta del Paraná","","","Biosphere reserve in Argentina | designated in 2000","-34.15000","-59.58000","","AR","0"
"biosphere-reserves:Q22678371","biosphere-reserves","Delta du Fleuve Sénégal Transboundary Biosphere Reserve (Mauritania/Senegal)","","","Transboundary Biosphere reserve in Mauritania and Senegal | designated in 2005","16.29000","-16.11000","","MR","0"
"biosphere-reserves:Q22678655","biosphere-reserves","Dena","","","Biosphere reserve in Islamic Republic Of Iran | designated in 2010","30.92514","51.41946","","IR","0"
"biosphere-reserves:Q217136","biosphere-reserves","Denali-Nationalpark","Denali National Park and Preserve","Nationalpark in Zentralalaska","national park and preserve in Alaska, USA","63.20000","-150.30000","","US","0"
"biosphere-reserves:Q114664523","biosphere-reserves","Desnianskyi Biosphere Reserve","","","Biosphere reserve in middle stream of the Desna River in Sumy Region, Ukraine","52.27220","33.37110","","UA","0"
"biosphere-reserves:Q5276394","biosphere-reserves","Dihang-Dibang Biosphere Reserve","","","Biosphere Reserve in Arunachal Pradesh, India","27.98333","94.50000","","IN","0"
"biosphere-reserves:Q3457337","biosphere-reserves","Dinghushan Biosphere Reserve","","","","23.11000","112.33000","","CN","0"
"biosphere-reserves:Q24404926","biosphere-reserves","Dja Biopshere Reserve","","","Biosphere Reserve designated in 1981","3.05000","13.00000","","CM","0"
"biosphere-reserves:Q843147","biosphere-reserves","Dja-Wildtierreservat","Dja Faunal Reserve","Naturschutzgebiet in Kamerun","reserve in Cameroon","3.01670","12.98330","","CM","0"
"biosphere-reserves:Q22771815","biosphere-reserves","Djebel Chambi","","","Biosphere reserve in Tunisia | designated in 1977","35.21670","8.71670","","TN","0"
"biosphere-reserves:Q5319674","biosphere-reserves","Djendema","","","Biosphere Reserve in Bulgaria","42.78333","24.75000","","BG","0"
"biosphere-reserves:Q10779439","biosphere-reserves","Đồng Nai Biosphere reserve","","","Biosphere reserve in Vietnam","11.44261","107.23185","","VN","0"
"biosphere-reserves:Q22678003","biosphere-reserves","Dornod Mongol","","","Biosphere reserve in Mongolia | designated in 2005","46.29000","117.19000","","MN","0"
"biosphere-reserves:Q5813917","biosphere-reserves","Doupki-Djindjiritza Biosphere reserve","","","Biosphere reserve in Bulgaria","42.02139","23.40806","","BG","0"
"biosphere-reserves:Q22806718","biosphere-reserves","Dublin Bay Biosphere Reserve","","","Biosphere reserve in Ireland, designated in 1981 (former North Bull Island, extended and renamed in 2015)","53.17000","-6.05000","","IE","0"
"biosphere-reserves:Q5639817","biosphere-reserves","Dupkata","","","nature reserve in Bulgaria","41.77556","24.26667","","BG","0"
"biosphere-reserves:Q13126019","biosphere-reserves","Dyfi Biosphere","","","biosphere reserve representative of salt marshes and estuarine systems","52.32000","-4.00000","","GB","0"
"biosphere-reserves:Q24306154","biosphere-reserves","East Usambara Biosphere Reserve","","","Biosphere designated in 2000","-5.01667","38.70000","","TZ","0"
"biosphere-reserves:Q10728476","biosphere-reserves","East Vättern Scarp landscape","","UNESCO Biosphärenreservat in Schweden","Biosphere reserve in Sweden | designated in 2012","57.80000","14.31000","","SE","0"
"biosphere-reserves:Q19601171","biosphere-reserves","El Cielo Biosphere","","","natural reserve in Mexico","22.90000","-99.16000","","MX","0"
"biosphere-reserves:Q22771829","biosphere-reserves","El Kala","","","Biosphere reserve in Algeria | designated in 1990","36.81689","8.41369","","DZ","0"
"biosphere-reserves:Q3821829","biosphere-reserves","El Pinacate y Gran Desierto de Altar","El Pinacate y Gran Desierto de Altar Biosphere Reserve","Biosphärenreservat in Mexiko","biosphere reserve in Mexico","32.00000","-113.91667","","MX","0"
"biosphere-reserves:Q22680903","biosphere-reserves","El Triunfo","","","Biosphere reserve in Mexico | designated in 1993","15.33000","-92.73000","","MX","0"
"biosphere-reserves:Q22680905","biosphere-reserves","El Vizcaíno","","","biosphere reserve in Mexico | designated in 1993","27.11000","-113.65000","","MX","0"
"biosphere-reserves:Q432483","biosphere-reserves","El Vizcaíno","El Vizcaíno Biosphere Reserve","Biosphärenreservat","","27.79222","-114.22778","","MX","0"
"biosphere-reserves:Q22677999","biosphere-reserves","Espinhaço Range","","","Biosphere reserve in Brazil | designated in 2005","-18.59000","-43.74000","","BR","0"
"biosphere-reserves:Q22673883","biosphere-reserves","Everglades & Dry Tortugas","","","Biosphere reserve in United States of America | designated in 1976","25.03000","-80.75000","","US","0"
"biosphere-reserves:Q24434043","biosphere-reserves","Fanjingshan","","chinesisches Biosphärenreservat","Biosphere Reserve","27.88333","108.76667","","CN","0"
"biosphere-reserves:Q3457339","biosphere-reserves","Fenglin Biosphere Reserve","","","Biosphere reserve in China | designated in 1997","48.05000","128.77000","","CN","0"
"biosphere-reserves:Q29869","biosphere-reserves","Ferlo","Ferlo Desert","ökogeographischer Naturraum in Senegal","desert in Senegal","15.88089","-15.25040","","SN","0"
"biosphere-reserves:Q54828080","biosphere-reserves","Fitzgerald Biosphere Reserve","","","","-33.89900","119.53200","","AU","0"
"biosphere-reserves:Q5455612","biosphere-reserves","Fitzgerald River","","Fluss in Australien","river in Western Australia, Australia","-34.08333","119.63333","","AU","0"
"biosphere-reserves:Q106397622","biosphere-reserves","Fontainebleau et du Gâtinais","","","","48.36667","2.55000","","FR","0"
"biosphere-reserves:Q22695541","biosphere-reserves","Foping","","","Biosphere reserve in China | designated in 2004","33.35000","107.49000","","CN","0"
"biosphere-reserves:Q3078749","biosphere-reserves","Forêt classée de Samba Dia","Samba Dia Biosphere Reserve","geschützter Wald in Senegal","Biosphere reserve in Senegal","14.11667","-16.70000","","SN","0"
"biosphere-reserves:Q22673882","biosphere-reserves","Fraser Experimental Forest","","Park in den Vereinigten Staaten","biosphere reserve in Colorado, USA","39.54000","-105.53000","","US","0"
"biosphere-reserves:Q22678588","biosphere-reserves","Frontenac Arch Biosphere Reserve","","","Biosphere Reserve in Ontario, Canada","44.37009","-75.98564","","CA","0"
"biosphere-reserves:Q22678723","biosphere-reserves","Fuerteventura","Fuerteventura Biosphere reserve","UNESCO Biosphärenreservat","Biosphere reserve in Canary Islands, Spain | designated in 2009","28.45000","-13.85000","","ES","0"
"biosphere-reserves:Q1490800","biosphere-reserves","Gadabédji-Reservat","Gadabedji Reserve","Wildreservat in Niger","wildlife reserve in Niger","15.15000","7.18333","","NE","0"
"biosphere-reserves:Q110564497","biosphere-reserves","Galapagos Biosphere Reserve","","","UNESCO biosphere reserve in Ecuador","-0.54140","-90.92490","","EC","0"
"biosphere-reserves:Q22680894","biosphere-reserves","Galloway and southern Ayrshire","","","Biosphere reserve in United Kingdom | designated in 2012 (formerly Cairnsmore of Fleet and Silver Flowe Merrick Kells)","54.58000","-4.17000","","GB","0"
"biosphere-reserves:Q24297927","biosphere-reserves","Gaoligong Mountain Biosphere Reserve","","","Biosphere Reserve designated in 200","24.41667","98.70000","","CN","0"
"biosphere-reserves:Q5533410","biosphere-reserves","Geno Biosphere Reserve","","","biosphere reserve in Bandar Abbas County, Iran","27.40111","56.18611","","IR","0"
"biosphere-reserves:Q5557981","biosphere-reserves","Giam Siak Kecil-Bukit Batu","","","biosphere reserve in Riau Province, Sumatra, Indonesia","1.25000","101.71667","","ID","0"
"biosphere-reserves:Q261577","biosphere-reserves","Glacier-Bay-Nationalpark","Glacier Bay National Park and Preserve","Nationalpark in den Vereinigten Staaten","national park of the United States","58.70000","-137.00000","","US","0"
"biosphere-reserves:Q373567","biosphere-reserves","Glacier-Nationalpark","Glacier National Park","Nationalpark in Montana, USA","national park in Flathead and Glacier counties in Montana, United States","48.75500","-113.80000","","US","0"
"biosphere-reserves:Q22680818","biosphere-reserves","Gochang","","","Biosphere reserve in Republic Of Korea | designated in 2013","35.48333","126.70000","","KR","0"
"biosphere-reserves:Q5579432","biosphere-reserves","Golden Gate Biosphere Reserve","","","nature reserve in northern California, USA","37.50000","-122.00000","","US","0"
"biosphere-reserves:Q22771836","biosphere-reserves","Golija-Studenica","","","Biosphere reserve in Serbia | designated in 2001","43.33780","20.22670","","RS","0"
"biosphere-reserves:Q22680733","biosphere-reserves","Gouritz Cluster","","","Biosphere reserve in South Africa | designated in 2015","-33.86810","21.67530","","ZA","0"
"biosphere-reserves:Q22695545","biosphere-reserves","Graciosa Island","","","protected area in Portugal","39.05200","-28.00700","","PT","0"
"biosphere-reserves:Q24114235","biosphere-reserves","Gran Pajatén Biosphere Reserve","","","the biosphere reserve is characterized by high altitudes and a pristine ecosystem","-7.46211","-77.28411","","PE","0"
"biosphere-reserves:Q5599625","biosphere-reserves","Great Nicobar Biosphere Reserve","","","Reserve on the island of Great Nicobar","7.05000","93.77500","","IN","0"
"biosphere-reserves:Q22678406","biosphere-reserves","Great Sandy","","","Biosphere reserve in Australia | designated in 2009","-25.38300","152.82770","","AU","0"
"biosphere-reserves:Q22680843","biosphere-reserves","Grenzüberschreitendes Biosphärenreservat Gerês-Xurés","Gerês-Xurés Transboundary Biosphere Reserve","UNESCO-Biosphärenreservat in Portugal und Spanien","protected area in Portugal and Spain","41.95000","-8.25000","","PT","0"
"biosphere-reserves:Q332721","biosphere-reserves","Grenzüberschreitendes Biosphärenreservat Ostkarpaten","East Carpathian Transboundary Biosphere Reserve","UNESCO-Biosphärenreservat in Polen, der Ukraine und der Slowakei","transboundary protected area of global importance under UNESCO's Programme on Man and the Biosphere","49.00000","22.50000","","PL","0"
"biosphere-reserves:Q22771887","biosphere-reserves","Großes Walsertal","","","Biosphere reserve in Austria | designated in 2000","47.13000","9.55000","","AT","0"
"biosphere-reserves:Q137927274","biosphere-reserves","Guanahacabibes","","","","21.95710","-84.59200","","CU","0"
"biosphere-reserves:Q22806717","biosphere-reserves","Guanica","","","Biosphere reserve in United States Of America | designated in 1981","17.55000","-67.05000","","US","0"
"biosphere-reserves:Q22771835","biosphere-reserves","Gulf of Mannar Biosphere Reserve","","","biosphere reserve in India","8.81000","78.63000","","IN","0"
"biosphere-reserves:Q24109330","biosphere-reserves","Hamoun Biosphere Reserve","","","Located in the southeast of Iran, the biosphere reserve includes terrestrial and wetland ecosystems with a total of seven habitat types","31.15947","61.42419","","IR","0"
"biosphere-reserves:Q22680737","biosphere-reserves","Hanma","","","Biosphere reserve in China | designated in 2015","51.59000","122.67920","","CN","0"
"biosphere-reserves:Q913037","biosphere-reserves","Hara-Mangrovenwälder von Qeschm","Mangrove forests of Qeshm","Mangrovenwälder in der Nähe von und auf der Insel Qeschm im Persischen Golf, Iran","mangrove forests near and on the island of Qeshm in the Persian Gulf, Iran","26.52000","55.40000","","IR","0"
"biosphere-reserves:Q22674935","biosphere-reserves","Hattah-Kulkyne & Murray-Kulkybe","","","Biosphere reserve in Australia | designated in 1981","-34.35000","142.33000","","AU","0"
"biosphere-reserves:Q22674920","biosphere-reserves","Haut Niger","","","protected area in Guinea Conakri","10.50000","-9.50000","","GN","0"
"biosphere-reserves:Q61757","biosphere-reserves","Hortobágyi-Nationalpark","Hortobágy National Park","größter Nationalpark von Ungarn, Steppengebiet","national park of Hungary","47.59458","21.15678","","HU","0"
"biosphere-reserves:Q24297985","biosphere-reserves","Huanglong Biosphere Reserve","","","Biosphere Reserve designated in 2000","32.70000","104.25000","","CN","0"
"biosphere-reserves:Q117260912","biosphere-reserves","Huascarán Biosphere Reserve","","","protected natural area in Peru","-9.26467","-77.43033","","PE","0"
"biosphere-reserves:Q22674871","biosphere-reserves","Huatulco","","","Biosphere reserve in Mexico | designated in 2006","15.43000","-96.11000","","MX","0"
"biosphere-reserves:Q16559676","biosphere-reserves","Inagua","","","protected area in Spain","27.94375","-15.69851","","ES","0"
"biosphere-reserves:Q22680812","biosphere-reserves","Inlay Lake","","","Biosphere reserve in Myanmar | designated in 2015","20.45000","96.83330","","MM","0"
"biosphere-reserves:Q16624947","biosphere-reserves","Internationales Biosphärenreservat des Mittelmeers","Intercontinental Biosphere Reserve of the Mediterranean","UNESCO-Biosphärenreservat in Spanien und Marokko","Biosphere reserve in Morocco and Spain","35.93000","-5.59000","","ES","0"
"biosphere-reserves:Q4202965","biosphere-reserves","Ipassa Makokou Biosphere Reserve","","","protected area of Gabon","0.51670","12.80000","","GA","0"
"biosphere-reserves:Q24110421","biosphere-reserves","Isla Cozumel Biosphere Reserve","","","Situated off the south-eastern coast of the country, Cozumel Island encompasses diverse marine and terrestrial ecosystems rich in amphibian and reptile species","20.50214","-86.85211","","MX","0"
"biosphere-reserves:Q22806732","biosphere-reserves","Isla de El Hierro","","","Biosphere reserve in Spain | designated in 2000","27.74000","-18.04000","","ES","0"
"biosphere-reserves:Q22678696","biosphere-reserves","Island of Príncipe Biosphere Reserve","","","Biosphere reserve in Sao Tome And Principe | designated in 2012","1.58333","7.38333","","ST","0"
"biosphere-reserves:Q22680908","biosphere-reserves","Islas del Golfo de California","","","Biosphere reserve in Mexico | designated in 1995","27.50000","-110.50000","","MX","0"
"biosphere-reserves:Q22680914","biosphere-reserves","Islas Marías Biosphere Reserve","","","Biosphere reserve in Mexico | designated in 2010","21.70000","-107.05000","","MX","0"
"biosphere-reserves:Q22771847","biosphere-reserves","Islas Marietas","","","Biosphere reserve in Mexico | designated in 2008","20.70000","-105.58300","","MX","0"
"biosphere-reserves:Q163515","biosphere-reserves","Isle-Royale-Nationalpark","Isle Royale National Park","Nationalpark in den Vereinigten Staaten","United States National Park on Isle Royale in the Upper Peninsula of Michigan","47.99587","-88.90929","","US","0"
"biosphere-reserves:Q22678393","biosphere-reserves","Jabal Al Rihane Biosphere Reserve","","","Biosphere reserve in Lebanon | designated in 2007","33.45000","35.56000","","LB","0"
"biosphere-reserves:Q22771849","biosphere-reserves","Jabal Moussa","","","Biosphere reserve in Lebanon | designated in 2009","34.06220","35.76940","","LB","0"
"biosphere-reserves:Q22948575","biosphere-reserves","Jabal Moussa Biosphere Reserve","","","","34.06220","35.76940","","LB","0"
"biosphere-reserves:Q6106147","biosphere-reserves","Jaragua-Bahoruco-Enriquillo","","","Biosphere reserve in Dominican Republic | designated in 2002","18.01000","-71.34000","","DO","0"
"biosphere-reserves:Q124974583","biosphere-reserves","Jeungdo Tidal Flat","","","UNESCO biosphere reserve","34.95000","126.18333","","KR","0"
"biosphere-reserves:Q22670985","biosphere-reserves","Jornada Biosphere Reserve","","","Biosphere reserve in United States Of America | designated in 1976","32.37000","-106.45000","","US","0"
"biosphere-reserves:Q1155306","biosphere-reserves","Jōshin’etsu-Kōgen-Nationalpark","Jōshin'etsu-kōgen National Park","Nationalpark in Japan","national park of Japan","36.62500","138.62500","","JP","0"
"biosphere-reserves:Q22680963","biosphere-reserves","Juan Fernández","","","Biosphere reserve in Chile | designated in 1977","-33.41000","-79.47000","","CL","0"
"biosphere-reserves:Q22771842","biosphere-reserves","Julian Alps","","","Biosphere reserve in Slovenia | designated in 2003","46.33333","13.76667","","SI","0"
"biosphere-reserves:Q22678610","biosphere-reserves","Kafa","","","Biosphere reserve in Ethiopia | designated in 2010","7.37047","36.05625","","ET","0"
"biosphere-reserves:Q6364032","biosphere-reserves","Kanneliya-Dediyagala-Nakiyadeniya","","","Biosphere reserve in Sri Lanka | designated in 2004","6.13000","81.23000","","LK","0"
"biosphere-reserves:Q22680810","biosphere-reserves","Katon-Karagay","","","Biosphere reserve in Kazakhstan | designated in 2014","49.35140","86.73610","","KZ","0"
"biosphere-reserves:Q54828086","biosphere-reserves","Katon-Karagay (part of Transboundary Great Altay Biosphere Reserve: Kazakhstan, Russian Federation)","","","","49.19051","85.56821","","KZ","0"
"biosphere-reserves:Q54828087","biosphere-reserves","Katunsky (part of Transboundary Great Altay Biosphere Reserve: Kazakhstan, Russian Federation)","","","","49.68899","86.07956","","KZ","0"
"biosphere-reserves:Q1551511","biosphere-reserves","Kaukasus-Naturreservat","Caucasus Biosphere Reserve","","","43.67000","39.95000","","RU","0"
"biosphere-reserves:Q22678446","biosphere-reserves","Kien Giang","","","Biosphere reserve in Vietnam | designated in 2006","9.53000","104.03000","","VN","0"
"biosphere-reserves:Q1573866","biosphere-reserves","Killarney-Nationalpark","Killarney National Park","Nationalpark in Irland","national park in Killarney, Co Kerry, Ireland","52.02099","-9.50664","","IE","0"
"biosphere-reserves:Q922898","biosphere-reserves","Kiskunság-Nationalpark","Kiskunság National Park","Nationalpark mit inkludierten Ramsar-Schutzgebieten im Komitat Bács-Kiskun, Ungarn","national park of Hungary","46.74000","19.22000","","HU","0"
"biosphere-reserves:Q6418728","biosphere-reserves","Kiunga-Marine-Nationalreservat","Kiunga Marine National Reserve","","protected area in Kenya established 1979; designated as Biosphere reserve in 1980","-1.92200","41.35400","","KE","0"
"biosphere-reserves:Q54828102","biosphere-reserves","Kizlyar Bay","","","","44.58010","46.99944","","RU","0"
"biosphere-reserves:Q85882484","biosphere-reserves","Kobushi","","","biosphere reserve in Japan","35.85000","138.81667","","JP","0"
"biosphere-reserves:Q22771886","biosphere-reserves","Kogelberg Biosphere Reserve","","","Biosphere reserve in South Africa | designated in 1998","-34.23361","18.99972","","ZA","0"
"biosphere-reserves:Q22678366","biosphere-reserves","Komodo","","","Biosphere reserve in Indonesia | designated in 1977","-8.37000","129.35000","","ID","0"
"biosphere-reserves:Q105605791","biosphere-reserves","Kopet Dag Biosphere Reserve","","","A Biosphere Reserve in Iran","37.46000","58.04000","","IR","0"
"biosphere-reserves:Q6431670","biosphere-reserves","Korea National Arboretum","","Arboretum in Pocheon nördlich von Seoul","Biosphere reserve in Republic Of Korea | designated in 2010","37.75419","127.16528","","KR","0"
"biosphere-reserves:Q22806727","biosphere-reserves","Korgalzhyn","","","Biosphere reserve in Kazakhstan | designated in 2012","50.09470","69.20250","","KZ","0"
"biosphere-reserves:Q22674933","biosphere-reserves","Kosciuszko","","","Biosphere reserve in Australia | designated in 1977","-36.16670","148.45000","","AU","0"
"biosphere-reserves:Q5960614","biosphere-reserves","Kozjansko and Obsotelje Biosphere Reserve","","","","46.07000","15.48720","","SI","0"
"biosphere-reserves:Q1525232","biosphere-reserves","Kristianstads Vattenrike","Kristianstads Vattenrike Biosphere Reserve","geschütztes Feuchtgebiet in Svhweden","protected swamp area in Scania, Sweden","56.02000","14.09000","","SE","0"
"biosphere-reserves:Q1429234","biosphere-reserves","Křivoklátsko","Křivoklátsko Protected Landscape Area","","protected landscape area of the Czech Republic","49.95889","13.88056","","CZ","0"
"biosphere-reserves:Q4243086","biosphere-reserves","Kruger to Canyons Biosphere Reserve","","","protected area in the northeastern part of South Africa","-23.57000","30.51000","","ZA","0"
"biosphere-reserves:Q16302404","biosphere-reserves","La Encrucijada","","","Biosphere reserve in Mexico | designated in 2006","14.93000","-92.73000","","MX","0"
"biosphere-reserves:Q6462787","biosphere-reserves","La Gomera","","ein spanisches Weinbaugebiet","La Gomera is a Spanish Denominación de Origen Protegida (DOP) for wines that covers the entire island of La Gomera (Canary Islands, Spain)","28.11740","-17.23250","","ES","0"
"biosphere-reserves:Q24107904","biosphere-reserves","La Hotte Biosphere Reserve","","","Located in the south-east of the country the biosphere reserve encompasses both terrestrial and marine areas","18.37511","-73.85506","","HT","0"
"biosphere-reserves:Q24307671","biosphere-reserves","La Michilía Biosphere Reserve","","","Biosphere Reserve of Durango, Mexico","23.27000","-104.18000","","MX","0"
"biosphere-reserves:Q22678670","biosphere-reserves","La Palma","","","Biosphere reserve in Spain | designated in 1983 (Extended and renamed in 1997 and 2002)","28.68000","-17.86000","","ES","0"
"biosphere-reserves:Q22771852","biosphere-reserves","La Selle","","","Biosphere reserve in Haiti | designated in 2012","18.35280","-72.04860","","HT","0"
"biosphere-reserves:Q22806743","biosphere-reserves","La Sepultura","","","Biosphere reserve in Mexico | designated in 2006","16.15000","-93.66000","","MX","0"
"biosphere-reserves:Q23426","biosphere-reserves","Lac du Bourget","","See in Frankreich","","45.73333","5.86667","","FR","0"
"biosphere-reserves:Q3457176","biosphere-reserves","Lac-Saint-Pierre Biosphere Reserve","","","biosphere reserve in Centre-du-Québec, Quebec, Canada","46.15611","-72.91111","","CA","0"
"biosphere-reserves:Q25409410","biosphere-reserves","Lacan-Tun biosphere reserve","","","protected area in Mexico","16.56500","-91.11800","","MX","0"
"biosphere-reserves:Q22680948","biosphere-reserves","Laguna de Pozuelos","","","Biosphere reserve in Argentina | designated in 1990","-22.21000","-65.80000","","AR","0"
"biosphere-reserves:Q22680918","biosphere-reserves","Laguna Madre y Delta Río Bravo","","","Biosphere reserve in Mexico | designated in 2006","24.42000","-97.57000","","MX","0"
"biosphere-reserves:Q5969118","biosphere-reserves","Laguna Oca del Rio Paraguay","","","oxbow lake and biosphere reserve in Argentina","-26.23333","-58.16667","","AR","0"
"biosphere-reserves:Q22222851","biosphere-reserves","Laguna Oca y Herraduras del Río Paraguay Biosphere Reserve","","","Biosphere reserve in Argentina | designated in 2001","-26.15000","-58.11000","","AR","0"
"biosphere-reserves:Q22680966","biosphere-reserves","Laguna San Rafael","","","Biosphere reserve in Chile | designated in 1979","-46.80000","-73.92000","","CL","0"
"biosphere-reserves:Q22806741","biosphere-reserves","Lagunas de Montebello","","","Biosphere reserve in Mexico | designated in 2009","16.07770","-91.62770","","MX","0"
"biosphere-reserves:Q22806740","biosphere-reserves","Lajat","","","Biosphere reserve in Syrian Arab Republic | designated in 2009","32.99480","36.50630","","SY","0"
"biosphere-reserves:Q24107760","biosphere-reserves","Lake Bosomtwe Biosphere Reserve","","","Situated in the Ashanti region of Ghana, it includes one of six meteoritic lakes in the world","6.50294","-1.40872","","GH","0"
"biosphere-reserves:Q22222739","biosphere-reserves","Lake Fertö Biosphere Reserve","","","Biosphere reserve in Hungary | designated in 1979","47.00000","16.71667","","HU","0"
"biosphere-reserves:Q22806716","biosphere-reserves","Lake Manyara Biosphere Reserve","","","UNESCO biosphere reserve in Tanzania","-3.50000","36.00000","","TZ","0"
"biosphere-reserves:Q22680883","biosphere-reserves","Lake Vänern Archipelago","","UNESCO Biosphärenreservat in Schweden","biosphere reserve in Sweden | designated in 2010","58.72890","13.32110","","SE","0"
"biosphere-reserves:Q22678414","biosphere-reserves","Lal Suhanra","","","Biosphere reserve in Pakistan | designated in 1977","29.20000","71.78000","","PK","0"
"biosphere-reserves:Q6483875","biosphere-reserves","Land Between the Lakes National Recreation Area","","","recreation area and former biosphere reserve (1991-2017) in the United States of America","36.85690","-88.07470","","US","0"
"biosphere-reserves:Q22680821","biosphere-reserves","Langbiang","","","Biosphere reserve in Vietnam | designated in 2015","12.01670","108.45000","","VN","0"
"biosphere-reserves:Q22674912","biosphere-reserves","Las Yungas","","","Biosphere reserve in Argentina | designated in 2002","-23.00000","-66.00000","","AR","0"
"biosphere-reserves:Q131580798","biosphere-reserves","Likouala-aux-Herbes","","","nature reserve in Republic of the Congo","1.29839","17.24454","","CG","0"
"biosphere-reserves:Q22674963","biosphere-reserves","Littoral de Toliara","","","Biosphere reserve in Madagascar | designated in 2003","-23.02000","44.85000","","MG","0"
"biosphere-reserves:Q263630","biosphere-reserves","Lobau","","Naturschutzgebiet in Wien","","48.18330","16.51670","","AT","0"
"biosphere-reserves:Q22674438","biosphere-reserves","Loch Druidibeg","","","Biosphere reserve in United Kingdom - designated in 1976. Withdrawn in 2013","57.33333","-7.33333","","GB","0"
"biosphere-reserves:Q22678544","biosphere-reserves","Long Point","","","Biosphere reserve in Canada | designated in 1986","42.35000","-80.23000","","CA","0"
"biosphere-reserves:Q22771845","biosphere-reserves","Los Ancares Leoneses","","","Biosphere reserve in Spain | designated in 2006. Elemento de la RB Gran Cant","42.47000","-6.44000","","ES","0"
"biosphere-reserves:Q22806745","biosphere-reserves","Los Argüellos","","","Biosphere reserve in Spain | designated in 2005. Elemento de la RB Gran Cant","42.98000","-5.49000","","ES","0"
"biosphere-reserves:Q22680920","biosphere-reserves","Los Tuxtlas","","","biosphere reserve in Mexico, designated in 2006","18.25000","-94.83000","","MX","0"
"biosphere-reserves:Q6683327","biosphere-reserves","Los Tuxtlas Biosphere Reserve","","","Mexican protected nature area","18.48400","-95.01000","","MX","0"
"biosphere-reserves:Q22806739","biosphere-reserves","Los Volcanes Biosphere Reserve","","","Biosphere reserve in Mexico | designated in 2010","19.55970","-98.65910","","MX","0"
"biosphere-reserves:Q120867117","biosphere-reserves","Lower Amudarya State Biosphere Reserve","","","biosphere reserve in Uzbekistan","41.99867","60.31261","","UZ","0"
"biosphere-reserves:Q22678591","biosphere-reserves","Lower Morava","","","""Biosphere reserve in Czech Republic | designated in 2003 (former Palava, 1986 - extended and renamed in 2003""","48.75546","16.80518","","CZ","0"
"biosphere-reserves:Q5243549","biosphere-reserves","Lower Prut","","","scientific reserve of Moldova","45.70000","28.18333","","MD","0"
"biosphere-reserves:Q22678649","biosphere-reserves","Luberon-Lure","","","""Biosphere reserve in France | designated in 1997 (former Luberon, extended and renamed in 2010)""","43.77000","5.06000","","FR","0"
"biosphere-reserves:Q22597154","biosphere-reserves","Lufira","","","Biosphere reserve in Democratic Rep.Of Congo | designated in 1982","-10.95000","26.91670","","CD","0"
"biosphere-reserves:Q22674929","biosphere-reserves","Luki","","","Biosphere reserve in Democratic Rep.Of Congo | designated in 1976","-5.63330","13.18330","","CD","0"
"biosphere-reserves:Q22670983","biosphere-reserves","Luquillo","","","Biosphere reserve in United States Of America | designated in 1976","18.21000","-65.45000","","US","0"
"biosphere-reserves:Q22205370","biosphere-reserves","Macchabee/Bel Ombre Biosphere Reserve","","","Biosphere reserve in Mauritius","-20.41670","57.43330","","MU","0"
"biosphere-reserves:Q22680975","biosphere-reserves","Macizo del Cajas","","","Biosphere reserve in Ecuador | designated in 2013","-2.89500","-79.23200","","EC","0"
"biosphere-reserves:Q22771817","biosphere-reserves","Macquarie Island","","","Biosphere reserve in Australia | designated in 1977. Withdrawn in 2011","-55.41667","158.88333","","AU","0"
"biosphere-reserves:Q27803916","biosphere-reserves","Maderas del Carmen","Parque Nacional Maderas del Carmen","","national park in Coahuila, Mexico","29.14924","-102.67350","","MX","0"
"biosphere-reserves:Q22692995","biosphere-reserves","Mae Sa - Huai Khok Ma Biosphere Reserve","","","Biosphere reserve in Thailand | designated in 1977","18.52000","98.53000","","TH","0"
"biosphere-reserves:Q22771856","biosphere-reserves","Magaliesberg Biosphere Reserve","","","Biosphere reserve in South Africa | designated in 2015","-25.83330","27.60000","","ZA","0"
"biosphere-reserves:Q54828108","biosphere-reserves","Majang Forest","","","","7.42639","35.13056","","ET","0"
"biosphere-reserves:Q16673752","biosphere-reserves","Malindi-Watamu Biosphere Reserve","","","Biosphere reserve in Kenya | designated in 1979","-3.19000","39.84000","","KE","0"
"biosphere-reserves:Q22674433","biosphere-reserves","Mammoth Cave Area","","","Biosphere reserve in United States Of America | designated in 1990. Extention 1996","37.12000","-86.08000","","US","0"
"biosphere-reserves:Q242681","biosphere-reserves","Mammoth-Cave-Nationalpark","Mammoth Cave National Park","Nationalpark und Mammut-Höhle in Kentucky, USA","U.S. national park in Kentucky","37.18694","-86.10111","","US","0"
"biosphere-reserves:Q2059944","biosphere-reserves","Mancomunidad intermunicipal La Sierra del Rincón","","","","41.06000","-3.54528","","ES","0"
"biosphere-reserves:Q3457173","biosphere-reserves","Manicouagan Uapishka Biosphere Reserve","","","Biosphere Reserve in Quebec, Canada","49.24000","-68.14000","","CA","0"
"biosphere-reserves:Q5478534","biosphere-reserves","Mantaritza Biosphere Reserve","","","Biosphere Reserve in Bulgaria","41.96667","24.03333","","BG","0"
"biosphere-reserves:Q22678663","biosphere-reserves","Mao'er Mountain","","","Biosphere reserve in China | designated in 2011","25.73330","110.31660","","CN","0"
"biosphere-reserves:Q22671200","biosphere-reserves","Maolan","","","Biosphere reserve in China | designated in 1996","25.15000","107.79000","","CN","0"
"biosphere-reserves:Q22680926","biosphere-reserves","Mapimí","","","Biosphere reserve in Mexico | designated in 1979","26.71860","-103.72060","","MX","0"
"biosphere-reserves:Q3216247","biosphere-reserves","Mar Chiquita","","See in Argentinien","lake in Argentina","-37.62470","-57.30440","","AR","0"
"biosphere-reserves:Q3287367","biosphere-reserves","Marais Audomarois biosphere reserve","","","French biosphere reserve","50.78528","2.23222","","FR","0"
"biosphere-reserves:Q22678400","biosphere-reserves","Marawah","","","Biosphere reserve in United Arab Emirates | designated in 2007","24.50000","53.40000","","AE","0"
"biosphere-reserves:Q1778136","biosphere-reserves","Mare aux Hippopotames","","Nationalpark in Burkina Faso","Biosphere reserve and national park in Burkina Faso","11.61670","-4.13330","","BF","0"
"biosphere-reserves:Q117312189","biosphere-reserves","Marico Biosphere Reserve","","","Biosphere reserve in South Africa","-25.80971","26.36199","","ZA","0"
"biosphere-reserves:Q22680872","biosphere-reserves","Mariñas Coruñesas e Terras do Mandeo","","","Biosphere reserve in Galicia, Spain | designated in 2013","43.22690","-8.28840","","ES","0"
"biosphere-reserves:Q852546","biosphere-reserves","Mariposa Monarca","Monarch Butterfly Biosphere Reserve","","","19.60639","-100.24167","","MX","0"
"biosphere-reserves:Q10359769","biosphere-reserves","Mata Atlântica Biosphere Reserve","","","protected area in Brazil","-24.16667","-48.00000","","BR","0"
"biosphere-reserves:Q1573483","biosphere-reserves","Maya-Biosphärenreservat","Maya Biosphere Reserve","Naturschutzgebiet in Guatemala","nature reservation in Guatemala","17.49000","-89.09000","","GT","0"
"biosphere-reserves:Q3936840","biosphere-reserves","Meeresschutzgebiet Miramare","Marine Nature Reserve of Miramare","","Biosphere reserve in Italy, designated in 1979","45.70150","13.71400","","IT","0"
"biosphere-reserves:Q22678661","biosphere-reserves","Middle Zambezi","","","Biosphere reserve in Zimbabwe | designated in 2010","-15.92000","29.45000","","ZW","0"
"biosphere-reserves:Q48757512","biosphere-reserves","Minakami Biosphere Reserve","","","biosphere reserve in Japan","36.85000","138.98333","","JP","0"
"biosphere-reserves:Q22771854","biosphere-reserves","Minami-Alps Biosphere Reserve","","","Biosphere reserve in Japan | designated in 2014","35.47390","138.17470","","JP","0"
"biosphere-reserves:Q2653976","biosphere-reserves","Miyānkāle","Miankaleh","Halbinsel in Provinz Māzandarān, Iran","peninsula, wildlife sanctuary, biosphere reserve and international wetland in Iran","36.50000","53.65000","","IR","0"
"biosphere-reserves:Q6895015","biosphere-reserves","Mojave and Colorado Deserts Biosphere Reserve","","","American biosphere reserve","33.35000","-116.20000","","US","0"
"biosphere-reserves:Q666502","biosphere-reserves","Møn","","Insel in Dänemark","island in south-eastern Denmark","55.00000","12.33333","","DK","0"
"biosphere-reserves:Q86661874","biosphere-reserves","Mono Transboundary Biosphere Reserve","","","","6.45296","1.54435","","BJ","0"
"biosphere-reserves:Q22806713","biosphere-reserves","Mont Nimba","","","Biosphere reserve in Guinea | designated in 1980","7.62259","-8.40806","","GN","0"
"biosphere-reserves:Q22771884","biosphere-reserves","Mont Ventoux","","","Biosphere reserve in France | designated in 1990","44.10000","5.17000","","FR","0"
"biosphere-reserves:Q22680838","biosphere-reserves","Mont-Viso / Area della Biosfera del Monviso Transboundary Biosphere Reserve (France/Italy)","","","Transboundary Biosphere reserve in France and Italy | designated in 2013","44.62000","7.42111","","IT","0"
"biosphere-reserves:Q22680930","biosphere-reserves","Montes Azules","","","biosphere reserve in Mexico","16.39527","-90.99838","","MX","0"
"biosphere-reserves:Q1401508","biosphere-reserves","Montseny Natural Park","","","natural park in Catalonia","41.78000","2.40000","","ES","0"
"biosphere-reserves:Q24639606","biosphere-reserves","Moor House Nature Reserve","","","UK national nature reserve","54.67931","-2.24944","","GB","0"
"biosphere-reserves:Q22674913","biosphere-reserves","Mornington Peninsula and Western Port","","","Biosphere reserve in Australia | designated in 2002","-38.20000","145.20000","","AU","0"
"biosphere-reserves:Q22678642","biosphere-reserves","Mount Carmel","","","Biosphere reserve in Israel | designated in 1996","32.40000","35.00000","","IL","0"
"biosphere-reserves:Q22680742","biosphere-reserves","Mount Chilbo","","","Biosphere reserve in Democratic People'S Republic Of Korea | designated in 2014","41.43330","129.57360","","KP","0"
"biosphere-reserves:Q22678352","biosphere-reserves","Mount Elgon","","","Biosphere reserve in Uganda | designated in 2005 | Biosphere reserve in Kenya | designated in 2003","0.72000","32.75000","","UG","0"
"biosphere-reserves:Q24115982","biosphere-reserves","Mount Hakusan Biosphere Reserve","","","designated as a biosphere reserve in 1980 and comprises alpine, subalpine, and montane zones around the 2,700 metre-high Mount Hakusan. The extended reserve now includes the Historic Villages of Shirakawa-go and Gokayama World Heritage site","36.16667","136.83333","","JP","0"
"biosphere-reserves:Q22771820","biosphere-reserves","Mount Kulal","","","Biosphere reserve in Kenya | designated in 1978","2.75000","36.80000","","KE","0"
"biosphere-reserves:Q22677992","biosphere-reserves","Mount Kuwol","","","Biosphere reserve in Democratic People'S Republic Of Korea | designated in 2004","38.20000","125.17000","","KP","0"
"biosphere-reserves:Q24237704","biosphere-reserves","Mount Mulanje Biosphere Reserve","","","Biosphere Reserve designated in the year 2000","-15.77000","35.38000","","MW","0"
"biosphere-reserves:Q22678410","biosphere-reserves","Mount Myohyang","","","Biosphere reserve in Democratic People'S Republic Of Korea | designated in 2009","39.80000","126.00000","","KP","0"
"biosphere-reserves:Q21601261","biosphere-reserves","Mount Odaigahara, Mount Omine and Osugidani Biosphere Reserve","","","Biosphere Reserve in Nara and Mie prefecture, Japan","34.10000","136.00000","","JP","0"
"biosphere-reserves:Q22678421","biosphere-reserves","Mount Paekdu","","","Biosphere reserve in Democratic People'S Republic Of Korea | designated in 1989","41.56000","128.10000","","KP","0"
"biosphere-reserves:Q22678416","biosphere-reserves","Mount Sorak","","","Biosphere reserve in Republic Of Korea | designated in 1982, expanded in 2016","38.06000","128.26000","","KR","0"
"biosphere-reserves:Q22678607","biosphere-reserves","Mui Ca Mau","","","Biosphere reserve in Vietnam | designated in 2009","8.55000","104.48000","","VN","0"
"biosphere-reserves:Q22678667","biosphere-reserves","Mujib Biosphere Reserve","","","biosphere reserve in Jordan, designated in 2011","31.45548","35.59385","","JO","0"
"biosphere-reserves:Q3457636","biosphere-reserves","Muniellos","","historische Stätte in Spanien","cultural property in Ibias, Cangas del Narcea y Degaña, Spain","43.03561","-6.68168","","ES","0"
"biosphere-reserves:Q22680826","biosphere-reserves","Mura Drava Danube Transboundary Biosphere Reserve (Croatia/Hungary)","","","Transboundary Biosphere reserve in Croatia and Hungary | designated in 2012","45.61000","18.56000","","HR","0"
"biosphere-reserves:Q22680931","biosphere-reserves","Nahá-Metzabok Biosphere Reserve","","","biosphere reserve in Mexico","16.94470","-91.54780","","MX","0"
"biosphere-reserves:Q1648266","biosphere-reserves","Nanda-Devi-Nationalpark","Nanda Devi National Park","Nationalpark in Indien","national park in India","30.41861","79.84972","","IN","0"
"biosphere-reserves:Q22218836","biosphere-reserves","Nanji Islands","","","Biosphere reserve in China | designated in 1998","27.27000","120.82000","","CN","0"
"biosphere-reserves:Q3329986","biosphere-reserves","Nationalpark „Smolensker Seenland“","Национальный парк ""Смоленское Поозерье""","","national park in Russia","55.54180","31.96200","","RU","0"
"biosphere-reserves:Q1702865","biosphere-reserves","Nationalpark Archipiélago de Juan Fernández","Archipiélago de Juan Fernández National Park","Nationalpark in Chile","national park of Chile","-33.72970","-79.86920","","CL","0"
"biosphere-reserves:Q173837","biosphere-reserves","Nationalpark Arly","Arli National Park","Nationalpark in Burkina Faso","national park in Burkina Faso","11.58361","1.46833","","BF","0"
"biosphere-reserves:Q1135025","biosphere-reserves","Nationalpark Bromo-Tengger-Semeru","Bromo Tengger Semeru National Park","Nationalpark in Indonesien","national park on Java island, Indonesia","-8.02520","112.96070","","ID","0"
"biosphere-reserves:Q2003663","biosphere-reserves","Nationalpark Bundala","Bundala National Park","Schutzgebiet in Sri Lanka","national park in Sri Lanka","6.21389","81.22500","","LK","0"
"biosphere-reserves:Q1537215","biosphere-reserves","Nationalpark Cát Bà","Cat Ba National Park","Nationalpark in Vietnam","","20.79500","107.01056","","VN","0"
"biosphere-reserves:Q1421202","biosphere-reserves","Nationalpark Cát Tiên","Cát Tiên National Park","Nationalpark in Vietnam","national park in Vietnam","11.34722","107.15139","","VN","0"
"biosphere-reserves:Q867361","biosphere-reserves","Nationalpark Cilento, Vallo di Diano und Alburni","Cilento, Vallo di Diano and Alburni National Park","Nationalpark in Italien","Italian national park","40.20000","15.20000","","IT","0"
"biosphere-reserves:Q2738134","biosphere-reserves","Nationalpark Circeo","Circeo National Park","Nationalpark am Tyrrhenischem Meer in der Region Latium in Italien","national park in Italy","41.23500","13.06400","","IT","0"
"biosphere-reserves:Q501344","biosphere-reserves","Nationalpark Comoé","Comoé National Park","Nationalpark in der Elfenbeinküste","protected areas of Côte d'Ivoire","8.82250","-3.59056","","CI","0"
"biosphere-reserves:Q4847102","biosphere-reserves","Nationalpark Cumbres de Monterrey","Parque Nacional Cumbres de Monterrey","Nationalpark in Mexiko","national park in Nuevo Leon, Mexico","25.23000","-100.18000","","MX","0"
"biosphere-reserves:Q463141","biosphere-reserves","Nationalpark Doñana","Doñana National Park","Nationalpark und Weltnaturerbe in Spanien","national park located in Spain","37.02000","-6.44000","","ES","0"
"biosphere-reserves:Q650992","biosphere-reserves","Nationalpark El Kala","El Kala National Park","Nationalpark in Algerien","national park in Algeria","36.81667","8.41667","","DZ","0"
"biosphere-reserves:Q1255386","biosphere-reserves","Nationalpark Golestan","Golestan National Park","Nationalpark im Iran","national park of Iran","37.23000","55.81000","","IR","0"
"biosphere-reserves:Q1028479","biosphere-reserves","Nationalpark Guadeloupe","Guadeloupe National Park","Nationalpark gelegen in den französischen Antillen in Guadeloupe","national park located in the French Antillas, in Guadeloupe","16.08333","-61.68333","","FR","0"
"biosphere-reserves:Q13220079","biosphere-reserves","Nationalpark Ichkeul","Ichkeul National Park","Nationalpark in Tunesien","national park in Tunisia","37.12344","9.65544","","TN","0"
"biosphere-reserves:Q2090073","biosphere-reserves","Nationalpark Inseln Zembra und Zembretta","Zembra and Zembretta Islands National Park","Nationalpark in Tunesien","","37.10000","10.80000","","TN","0"
"biosphere-reserves:Q1518527","biosphere-reserves","Nationalpark Kawir","Kavir National Park","Nationalpark im Iran","national park of Iran","34.65000","52.14000","","IR","0"
"biosphere-reserves:Q559054","biosphere-reserves","Nationalpark Khar Touran","Khar Turan National Park","Nationalpark im Iran","national park of Iran","35.61000","56.01000","","IR","0"
"biosphere-reserves:Q1968860","biosphere-reserves","Nationalpark Lagunas de Montebello","Lagunas de Montebello National Park","Nationalpark in Mexiko","national park in Chiapas, Mexico","16.07750","-91.68056","","MX","0"
"biosphere-reserves:Q935435","biosphere-reserves","Nationalpark Lauca","Lauca National Park","Nationalpark in der Región de Arica y Parinacota im Norden Chiles","national park in Chile","-18.24444","-69.35389","","CL","0"
"biosphere-reserves:Q3364462","biosphere-reserves","Nationalpark Mananara Nord","Mananara Nord National Park","Nationalpark in Madagaskar","National Park in Madagascar","-16.23000","49.42000","","MG","0"
"biosphere-reserves:Q1968939","biosphere-reserves","Nationalpark Monfragüe","Monfragüe National Park","Nationalpark in Spanien","protected area in Spain","39.82000","-5.97000","","ES","0"
"biosphere-reserves:Q679891","biosphere-reserves","Nationalpark Niokolo-Koba","Niokolo-Koba National Park","Nationalpark in Senegal","national park of Senegal and UNESCO World Heritage Site","13.07417","-12.72222","","SN","0"
"biosphere-reserves:Q591878","biosphere-reserves","Nationalpark Nördlicher Velebit","Northern Velebit National Park","Nationalpark in Kroatien","national park in Croatia","44.69306","15.00694","","HR","0"
"biosphere-reserves:Q1474363","biosphere-reserves","Nationalpark Pendjari","Pendjari National Park","Nationalpark in Benin","","11.05000","1.51667","","BJ","0"
"biosphere-reserves:Q48567","biosphere-reserves","Nationalpark Picos de Europa","Picos de Europa National Park","Nationalpark in Spanien","UNESCO Biosphere Reserve and National Park in the Picos de Europa mountain range, in northern Spain. It is shared by the autonomous communities of Asturias, Cantabria and Castile and León","43.21000","-4.84000","","ES","0"
"biosphere-reserves:Q204931","biosphere-reserves","Nationalpark Retezat","Retezat National Park","Nationalpark in Rumänien","national park of Romania, Biosphere reserve in Romania","45.33333","22.83333","","RO","0"
"biosphere-reserves:Q112032100","biosphere-reserves","Nationalpark Samaria","Samaria National Park","Nationalpark auf der Insel Kreta in Griechenland","national park in Greece","35.27111","23.96139","","GR","0"
"biosphere-reserves:Q829745","biosphere-reserves","Nationalpark San Guillermo","San Guillermo National Park","Nationalpark in Argentinien","Argentine National Park","-29.24242","-69.35371","","AR","0"
"biosphere-reserves:Q1420336","biosphere-reserves","Nationalpark Sierra de las Nieves","Sierra de las Nieves National Park","Nationalpark in der Provinz Málaga, Spanien","protected area in Andalusia, Spain","36.73000","-4.98000","","ES","0"
"biosphere-reserves:Q328577","biosphere-reserves","Nationalpark Taï","Taï National Park","Nationalpark in der Elfenbeinküste","protected areas of Côte d'Ivoire","5.75000","-7.12000","","CI","0"
"biosphere-reserves:Q5940996","biosphere-reserves","Nationalpark Urmiasee","Urmia Lake National Park","Nationalpark im Iran","national park in Iran","37.49348","45.64707","","IR","0"
"biosphere-reserves:Q1517562","biosphere-reserves","Nationalpark Wakatobi","Wakatobi National Park","Mariner Nationalpark in Indonesien","Indonesian national park","-5.70000","124.00000","","ID","0"
"biosphere-reserves:Q1765261","biosphere-reserves","Naturreservat Aksu-Jabagly","Aksu-Zhabagly Nature Reserve","Naturschutzgebiet und Biosphärenreservat im Süden von Kasachstan","Biosphere reserve in Kazakhstan | designated in 2015","42.24479","70.67207","","KZ","0"
"biosphere-reserves:Q3373690","biosphere-reserves","Nedre Dalälven River Landscape","","","biosphere reserve in Sweden | designated in 2011","60.23330","16.78330","","SE","0"
"biosphere-reserves:Q22678442","biosphere-reserves","Ngaremeduu","","","Biosphere reserve in Palau | designated in 2005","7.32000","134.27000","","PW","0"
"biosphere-reserves:Q3457145","biosphere-reserves","Niagara Escarpment Biosphere Reserve","","","Biosphere Reserve in Ontario, Canada","43.78000","-80.61000","","CA","0"
"biosphere-reserves:Q22674921","biosphere-reserves","Nijegorodskoe Zavolje","","","Biosphere reserve in Russian Federation | designated in 2002","56.30000","45.00000","","RU","0"
"biosphere-reserves:Q3530830","biosphere-reserves","Nilgiri Biosphere Reserve","","","International biosphere reserve of India","11.67000","76.54000","","IN","0"
"biosphere-reserves:Q22678688","biosphere-reserves","Niubeiliang","","","Biosphere reserve in China | designated in 2012","33.85580","108.91500","","CN","0"
"biosphere-reserves:Q22670997","biosphere-reserves","Niwot Ridge","","","Biosphere reserve in United States Of America | designated in 1979","40.00000","-105.30000","","US","0"
"biosphere-reserves:Q22806742","biosphere-reserves","Nokrek Biosphere Reserve","","","Biosphere reserve in India | designated in 2009","25.48550","90.33800","","IN","0"
"biosphere-reserves:Q15262453","biosphere-reserves","Noosa Biosphere Reserve","","","protected area in Queensland, Australia","-26.33050","152.95200","","AU","0"
"biosphere-reserves:Q176828","biosphere-reserves","Nordhordland","","","district of Vestland, Norway","60.65000","5.26667","","NO","0"
"biosphere-reserves:Q309276","biosphere-reserves","Nordost-Grönland-Nationalpark","Northeast Greenland National Park","Nationalpark in Grönland","national park in Greenland","77.00000","-31.00000","","GL","0"
"biosphere-reserves:Q22216717","biosphere-reserves","Noroeste Biosphere Reserve","","","biosphere reserve in Peru","-3.88000","-80.64000","","PE","0"
"biosphere-reserves:Q5749107","biosphere-reserves","North Karelian Biosphere Reserve","","","Biosphere reserve in Finland | designated in 1992","62.48000","29.80000","","FI","0"
"biosphere-reserves:Q125542575","biosphere-reserves","North-East Tobago Biosphere Reserve","","","Biosphere reserve in Trinidad and Tobago | designated in 2022","11.28333","-60.58333","","TT","0"
"biosphere-reserves:Q3457151","biosphere-reserves","Oasis du Sud Marocain Biosphere Reserve","","","biosphere reserve of Morocco","30.68000","-5.39000","","MA","0"
"biosphere-reserves:Q22771814","biosphere-reserves","Odzala","","","biosphere reserve in Congo | designated in 1977","0.70000","14.73000","","CG","0"
"biosphere-reserves:Q22680822","biosphere-reserves","Ohrid-Prespa Transboundary Biosphere Reserve (Republic of Albania / North Macedonia)","","","Transboundary Biosphere reserve in Albania and North Macedonia | designated in 2014","41.01000","20.70000","","AL","0"
"biosphere-reserves:Q12241361","biosphere-reserves","Omayed","","","Biosphere reserve in Egypt | designated in 1981. Extension 1998","29.09000","30.45000","","EG","0"
"biosphere-reserves:Q22674903","biosphere-reserves","Omo","","","Biosphere reserve in Nigeria | designated in 1977","6.83330","4.48330","","NG","0"
"biosphere-reserves:Q108907996","biosphere-reserves","Omo forest reserve","","","Tourist & Conservation area in Nigeria that houses some of the few remaining Forest Elephants in the country, and other Endangered plant and animal species.","6.98787","4.34901","","NG","0"
"biosphere-reserves:Q1276829","biosphere-reserves","Organ Pipe Cactus National Monument","","Park im südlichen Teil des US-Bundesstaates Arizona","United States National Monument In Arizona","31.95400","-112.80095","","US","0"
"biosphere-reserves:Q22771844","biosphere-reserves","Os Ancares Lucenses y Montes de Cervantes, Navia y Becerrea","","","Biosphere reserve in Spain | designated in 2006. Elemento de la RB Gran Cant","43.34000","-6.39000","","ES","0"
"biosphere-reserves:Q22678657","biosphere-reserves","Oxapampa-Ashaninka-Yanesha","","","biosphere reserve in Peru","-10.58300","-75.16600","","PE","0"
"biosphere-reserves:Q7122045","biosphere-reserves","Pachmarhi Biosphere Reserve","","","Biosphere reserve in India | designated in 2009","22.18300","77.78300","","IN","0"
"biosphere-reserves:Q22678429","biosphere-reserves","Palawan","","","Biosphere reserve in Philippines | designated in 1990","10.38000","119.38000","","PH","0"
"biosphere-reserves:Q10359766","biosphere-reserves","Pantanal Biosphere Reserve","","","","-17.83330","-56.66670","","BR","0"
"biosphere-reserves:Q22806744","biosphere-reserves","Pantanos de Centla","","","Biosphere reserve in Mexico | designated in 2006","18.11111","-92.50778","","MX","0"
"biosphere-reserves:Q14217415","biosphere-reserves","Paraje Natural Marismas del Odiel","Marismas del Odiel","Sumpf in Spanien","marsh in Andalusia & UNESCO Biosphere Reserve , Spain","37.23000","-6.99000","","ES","0"
"biosphere-reserves:Q12289933","biosphere-reserves","Parangalitza","","","Biosphere Reserve in Bulgaria","42.17917","23.58528","","BG","0"
"biosphere-reserves:Q22198572","biosphere-reserves","Parangalitza","","","Biosphere reserve in Bulgaria | designated in 1977","42.25000","23.25000","","BG","0"
"biosphere-reserves:Q140776048","biosphere-reserves","parc national urbain de Canapé-Vert","","","","18.53050","-72.30470","","HT","0"
"biosphere-reserves:Q140775977","biosphere-reserves","parc national urbain de Martissant","","","","18.52556","-72.36167","","HT","0"
"biosphere-reserves:Q5838648","biosphere-reserves","Parque Natural de Las Ubiñas-La Mesa","Las Ubiñas - La Mesa Natural Park","Park in Spanien","protected area in Asturias, Spain","43.03678","-5.95493","","ES","0"
"biosphere-reserves:Q1466711","biosphere-reserves","Parque Natural de Somiedo","Somiedo Natural Park","","UNESCO Biosphere Reserve","43.07000","-6.22000","","ES","0"
"biosphere-reserves:Q22680951","biosphere-reserves","Patagonia Azul","","","Biosphere reserve in Argentina | designated in 2015","-44.66670","-65.83330","","AR","0"
"biosphere-reserves:Q22695543","biosphere-reserves","Pereyra Iraola","","","Biosphere reserve in Argentina | designated in 2007","-34.82000","-58.25000","","AR","0"
"biosphere-reserves:Q22771822","biosphere-reserves","Pietrosul Mare","","","Biosphere reserve in Romania | designated in 1979","47.40000","23.00000","","RO","0"
"biosphere-reserves:Q3457152","biosphere-reserves","Pilis Biosphere Reserve","","","","47.45000","18.49000","","HU","0"
"biosphere-reserves:Q599051","biosphere-reserves","Pilón Lajas Biosphere Reserve and Communal Lands","","","protected area in Bolivia","-15.00000","-67.20000","","BO","0"
"biosphere-reserves:Q22806722","biosphere-reserves","Po Delta","","","Biosphere reserve in Italy | designated in 2015","44.85000","12.21670","","IT","0"
"biosphere-reserves:Q22215551","biosphere-reserves","Podocarpus - El Condor Biosphere Reserve","","","Biosphere reserve in Ecuador | designated in 2007","-4.19500","-78.98000","","EC","0"
"biosphere-reserves:Q139393838","biosphere-reserves","Podocarpus-El Cóndor","","","","-4.31392","-78.97217","","EC","0"
"biosphere-reserves:Q22806710","biosphere-reserves","Puerto Galera","","","Biosphere reserve in Philippines | designated in 1977","13.28000","120.75000","","PH","0"
"biosphere-reserves:Q22806730","biosphere-reserves","Puszcza Kampinoska","","","Biosphere reserve in Poland | designated in 2000","52.20000","20.34000","","PL","0"
"biosphere-reserves:Q22695540","biosphere-reserves","Qomolangma","","","Biosphere reserve in China | designated in 2004","26.84000","86.19000","","CN","0"
"biosphere-reserves:Q22771900","biosphere-reserves","Ramat Menashe","","","Biosphere reserve in Israel | designated in 2011","32.60410","35.11300","","IL","0"
"biosphere-reserves:Q22671017","biosphere-reserves","Ranong Biosphere Reserve","","","Biosphere reserve in Thailand | designated in 1997","9.50000","98.34000","","TH","0"
"biosphere-reserves:Q22771895","biosphere-reserves","Red River Delta Biosphere Reserve","","","Biosphere reserve in Vietnam | designated in 2004","20.47000","107.00000","","VN","0"
"biosphere-reserves:Q22680933","biosphere-reserves","Región de Calakmul","","","""Biosphere reserve in Mexico | designated in 1993. Calakmul, extended and renamed in 2006""","18.30000","-89.63000","","MX","0"
"biosphere-reserves:Q16624945","biosphere-reserves","Reserva de biosfera Delta del Río Paraná","","","","-34.15000","-58.58000","","AR","0"
"biosphere-reserves:Q12201147","biosphere-reserves","Reserva de Biósfera Isla de Ometepe","","","","11.49105","-85.55447","","NI","0"
"biosphere-reserves:Q50826020","biosphere-reserves","Reserva de Biosfera Patagonia Azul","","","","-45.00000","-65.58333","","AR","0"
"biosphere-reserves:Q49178578","biosphere-reserves","Reserva de la Biósfera Arrecifes de Sian Ka'an","","","","19.85611","-87.39111","","MX","0"
"biosphere-reserves:Q3018368","biosphere-reserves","Reserva de la Biosfera Bosawás","","","nature reserve in Nicaragua","14.00000","-85.00000","","NI","0"
"biosphere-reserves:Q141099517","biosphere-reserves","Reserva de la Biósfera Complejo Lagunar Ojo de Liebre","","","","27.75000","-114.08306","","MX","0"
"biosphere-reserves:Q137997410","biosphere-reserves","Reserva de la biosfera de las Tierras del Miño","","","","43.07501","-7.63563","","ES","0"
"biosphere-reserves:Q117260911","biosphere-reserves","Reserva de la Biósfera del Manu","","","protected natural area in Peru","-12.06778","-71.72036","","PE","0"
"biosphere-reserves:Q6106213","biosphere-reserves","Reserva de la Biosfera Río San Juan","","Biosphärenreservat in Nicaragua","biosphere reserve in Nicaragua","11.16185","-84.08488","","NI","0"
"biosphere-reserves:Q106947268","biosphere-reserves","Réserve de biosphère de l'archipel de la Guadeloupe","","","","16.14000","-61.38000","","FR","0"
"biosphere-reserves:Q140471219","biosphere-reserves","Réserve de biosphère de la Ribeira Sacra, Sierras del Oribio et Courel","","","","42.38444","-7.61944","","ES","0"
"biosphere-reserves:Q113571984","biosphere-reserves","Réserve de biosphère de Martinique","","","","14.64307","-61.02439","","FR","0"
"biosphere-reserves:Q93973837","biosphere-reserves","réserve de biosphère des îles et mer d'Iroise","","","","48.21603","-4.91575","","FR","0"
"biosphere-reserves:Q94697713","biosphere-reserves","Réserve de biosphère du bassin de la Dordogne","","","","45.20664","1.15617","","FR","0"
"biosphere-reserves:Q108340717","biosphere-reserves","Réserve de biosphère du Luberon-Lure","","","","43.81667","5.43333","","FR","0"
"biosphere-reserves:Q130314372","biosphere-reserves","Réserve de biosphère du Minett","","","","49.52530","5.97528","","LU","0"
"biosphere-reserves:Q3457174","biosphere-reserves","Réserve de la biosphère de Dimonika","Dimonika Biosphere Reserve","Biosphärenreservat in der Republik Kongo","UNESCO biosphere reserve | declared 1988","-4.16670","12.41670","","CG","0"
"biosphere-reserves:Q15117024","biosphere-reserves","Ría Celestún Biosphere Reserve","","","Biosphere reserve in Mexico | designated in 2004","20.72139","-90.38222","","MX","0"
"biosphere-reserves:Q3329979","biosphere-reserves","Ría de Ribadeo","","Fließgewässer in Spanien","watercourse in Spain","43.53194","-7.02917","","ES","0"
"biosphere-reserves:Q7386342","biosphere-reserves","Ría Lagartos","","","UNESCO biosphere reserve | established 2004","20.45000","-90.22000","","MX","0"
"biosphere-reserves:Q25248246","biosphere-reserves","Ría Lagartos Biosphere Reserve","","","Biosphere Reserve in the state of Yucatán, Mexico, established 2004","21.55944","-87.83583","","MX","0"
"biosphere-reserves:Q22671206","biosphere-reserves","Riacho Teuquito","","","Biosphere reserve in Argentina | designated in 2000","-24.10000","-61.32000","","AR","0"
"biosphere-reserves:Q22674966","biosphere-reserves","Río San Juan","","","Biosphere reserve in Nicaragua | designated in 2003","11.29000","-84.22000","","NI","0"
"biosphere-reserves:Q109831056","biosphere-reserves","Riserva della biosfera dell'Engadina-Val Müstair","","","","46.65000","10.26400","","CH","0"
"biosphere-reserves:Q3936684","biosphere-reserves","Riserva Naturale Pian di Spagna e Lago di Mezzola","Pian di Spagna Nature Reserve","Naturschutzgebiet in den Provinzen Como und Sondrio in Italien","nature reserve in the provinces of Como and Sondrio, Lombardy, Italy","46.18000","9.43000","","IT","0"
"biosphere-reserves:Q4394351","biosphere-reserves","Riverland Biosphere Reserve","","","nature reserve in Australia","-33.19000","140.50000","","AU","0"
"biosphere-reserves:Q4390628","biosphere-reserves","Roztochya Biosphere Reserve","","","nature reserve in Lviv Oblast, Ukraine","49.95833","23.65000","","UA","0"
"biosphere-reserves:Q16586357","biosphere-reserves","Sahamalaza-Iles Radama","","","","-14.10000","47.42000","","MG","0"
"biosphere-reserves:Q3457357","biosphere-reserves","Saihan Wula Biosphere Reserve","","","","43.93000","118.36000","","CN","0"
"biosphere-reserves:Q22692998","biosphere-reserves","Sakaerat","","","Biosphere reserve in Thailand | designated in 1976","14.29000","101.54000","","TH","0"
"biosphere-reserves:Q128304420","biosphere-reserves","Sakaerat Biosphere Reserve","","","biosphere reserve in Nakhon Ratchasima province, Thailand","14.48750","101.91000","","TH","0"
"biosphere-reserves:Q559363","biosphere-reserves","Saloum-Delta","Saloum Delta","Flussdelta in Senegal","river delta in Senegal","13.83528","-16.49861","","SN","0"
"biosphere-reserves:Q133933908","biosphere-reserves","Salto del Gitano","","","","39.82848","-6.05783","","ES","0"
"biosphere-reserves:Q700204","biosphere-reserves","Salzburger Lungau und Kärntner Nockberge","Salzburger Lungau and Kärntner Nockberge","Biosphärenpark in Kärnten und Salzburg","biosphere reserve in Austria","46.96920","13.72560","","AT","0"
"biosphere-reserves:Q1128366","biosphere-reserves","Samaria-Schlucht","Samariá Gorge National Park","Schlucht in Griechenland","national park in Crete, Greece","35.27111","23.96139","","GR","0"
"biosphere-reserves:Q22670981","biosphere-reserves","San Dimas Experimental Forest","","Wald in den Vereinigten Staaten","experimental forest and former biosphere reserve in United States of America (designated in 1976, withdrawn 2018)","34.12000","-117.46000","","US","0"
"biosphere-reserves:Q20059428","biosphere-reserves","Santana Madeira","","","protected area in Portugal","32.76660","-16.90000","","PT","0"
"biosphere-reserves:Q1039","biosphere-reserves","São Tomé und Príncipe","São Tomé and Príncipe","Inselstaat vor der Küste Afrikas","island sovereign state in Africa","0.31667","6.60000","","ST","0"
"biosphere-reserves:Q22680973","biosphere-reserves","Seaflower","","","Biosphere reserve in Colombia | designated in 2000","13.21000","-81.22000","","CO","0"
"biosphere-reserves:Q22673914","biosphere-reserves","Selva El Ocote","","","Biosphere reserve in Mexico | designated in 2006","16.77000","-92.88000","","MX","0"
"biosphere-reserves:Q22670977","biosphere-reserves","Sequoia-Kings Canyon","","","Biosphere reserve in United States Of America | designated in 1976","36.45000","-118.30000","","US","0"
"biosphere-reserves:Q22671002","biosphere-reserves","Serengeti-Ngorongoro Biosphere Reserve","","","UNESCO biosphere reserve in Tanzania","-2.25000","34.58000","","TZ","0"
"biosphere-reserves:Q22695554","biosphere-reserves","Sheka","","","Biosphere reserve in Ethiopia | designated in 2012","7.56390","35.40350","","ET","0"
"biosphere-reserves:Q3457361","biosphere-reserves","Shennongjia in Hubei","Hubei Shennongjia","UNESCO Biosphärenreservat und Welterbestätte","Biosphere reserve in China, designated in 1990","31.29000","110.19000","","CN","0"
"biosphere-reserves:Q122947467","biosphere-reserves","Shiga Highland Biosphere Reserve","","","Biosphere Reserve in Nagano and Gunma prefecture, Japan","36.70000","138.48333","","JP","0"
"biosphere-reserves:Q22678601","biosphere-reserves","Shinan Dadohae","","","Biosphere reserve in Republic Of Korea | designated in 2009, expanded in the 2016","34.68300","125.41600","","KR","0"
"biosphere-reserves:Q22678001","biosphere-reserves","Shouf","","","Biosphere reserve in Lebanon | designated in 2005","33.39000","35.43000","","LB","0"
"biosphere-reserves:Q559789","biosphere-reserves","Sian Ka'an","","archäologischer Fundplatz in Mexiko","biosphere reserve","19.38333","-87.79167","","MX","0"
"biosphere-reserves:Q22806715","biosphere-reserves","Siberut","","","Biosphere reserve in Indonesia | designated in 1981","-1.88000","99.36000","","ID","0"
"biosphere-reserves:Q22673923","biosphere-reserves","Sierra de Alamos - Río Cuchujaqui","","","Biosphere reserve in Mexico | designated in 2007","27.02750","-108.94000","","MX","0"
"biosphere-reserves:Q1754073","biosphere-reserves","Sierra de Aracena","Sierra de Aracena and Picos de Aroche Natural Park","","protected area in Andalusia, Spain","37.95972","-6.58528","","ES","0"
"biosphere-reserves:Q23993696","biosphere-reserves","Sierra de Francia","","Berg in Spanien","mountain in Spain","40.55000","-6.10000","","ES","0"
"biosphere-reserves:Q1755037","biosphere-reserves","Sierra de Grazalema","Sierra de Grazalema Natural Park","Gebirgszug, Naturpark in den Provinzen Cádiz und Málaga, Spanien","protected area in Andalusia, Spain","36.73340","-5.38600","","ES","0"
"biosphere-reserves:Q22695536","biosphere-reserves","Sierra de las Minas biosphere reserve","","","biosphere reserve in Guatemala | designated in 1992","15.13000","-89.26000","","GT","0"
"biosphere-reserves:Q20021863","biosphere-reserves","Sierra de Manantlán Biosphere Reserve","","","Biosphere reserve in Mexico | designated in 1988","19.32000","-103.88000","","MX","0"
"biosphere-reserves:Q6128044","biosphere-reserves","Sierra del Rincón Biosphere Reserve","","","","41.13487","-3.54724","","ES","0"
"biosphere-reserves:Q6106198","biosphere-reserves","Sierra Gorda Biosphere Reserve","","","","21.33333","-99.66667","","MX","0"
"biosphere-reserves:Q22674965","biosphere-reserves","Sierra La Laguna","","","Biosphere reserve in Mexico | designated in 2003","23.31000","-109.78000","","MX","0"
"biosphere-reserves:Q1313342","biosphere-reserves","Sierra Mazateca","","Gebirge in Mexiko","","18.38000","-99.10000","","MX","0"
"biosphere-reserves:Q108516215","biosphere-reserves","Sierra Nevada Biosphere Reserve","","","","37.10000","-3.09000","","ES","0"
"biosphere-reserves:Q22695534","biosphere-reserves","Sierra Nevada de Santa Marta","","","Biosphere reserve in Colombia | designated in 1979","10.60000","-73.24000","","CO","0"
"biosphere-reserves:Q1755523","biosphere-reserves","Sierras de Cazorla, Segura y Las Villas","Sierras de Cazorla, Segura y Las Villas Natural Park","Gebirgszug in Andalusien","natural park in Spain","38.08333","-2.75000","","ES","0"
"biosphere-reserves:Q22680841","biosphere-reserves","Sila","","","Biosphere reserve in Italy, designated in 2014","39.34060","16.44170","","IT","0"
"biosphere-reserves:Q22693000","biosphere-reserves","Silver Flowe-Merrick Kells","","","Biosphere reserve in the United Kingdom, designated in 1976","55.10000","-4.50000","","GB","0"
"biosphere-reserves:Q10670983","biosphere-reserves","Skärgårdshavets biosfärområde","","","","60.00000","22.00000","","FI","0"
"biosphere-reserves:Q22680741","biosphere-reserves","Snake Island, Laotie Mountain","","","Biosphere reserve in China | designated in 2013","38.83940","121.11080","","CN","0"
"biosphere-reserves:Q54828144","biosphere-reserves","Sobo, Katamuki and Okue Biosphere Reserve","","","Biosphere Reserve in Oita and Myazaki prefecture, Japan","32.78333","131.48333","","JP","0"
"biosphere-reserves:Q2860218","biosphere-reserves","Sokotra","Socotra Archipelago","","Yemeni Archipelago in the Indian Ocean","12.50000","53.40000","","YE","0"
"biosphere-reserves:Q22222595","biosphere-reserves","Somma-Vesuvio and Miglio d'Oro Biosphere Reserve","","","Biosphere reserve in Italy | designated in 1997","40.49000","14.26000","","IT","0"
"biosphere-reserves:Q22678665","biosphere-reserves","Songor","","","Biosphere reserve in Ghana | designated in 2011","5.81673","0.45486","","GH","0"
"biosphere-reserves:Q22671006","biosphere-reserves","South Atlantic Coastal Plain","","","Biosphere reserve in United States Of America | designated in 1983","36.45000","-80.46000","","US","0"
"biosphere-reserves:Q110831783","biosphere-reserves","South Moselle biosphere reserve","","","","48.72224","7.04270","","FR","0"
"biosphere-reserves:Q22674431","biosphere-reserves","Southern Appalachian","","","Biosphere reserve in United States Of America | designated in 1988","35.50000","-83.50000","","US","0"
"biosphere-reserves:Q122082","biosphere-reserves","Srebarna","Srebarna Nature Reserve","UNESCO-Biosphärenreservat und -Welterbestätte in Bulgarien","nature reserve and biosphere reserve in Bulgaria","44.11112","27.07221","","BG","0"
"biosphere-reserves:Q22673935","biosphere-reserves","St. Mary’s Biosphere Reserve","","","Biosphere reserve in Saint Kitts And Nevis | designated in 2011","17.33910","-62.71650","","KN","0"
"biosphere-reserves:Q9079796","biosphere-reserves","Steneto Biosphere Reserve","","","Biosphere Reserve in Bulgaria","42.80000","24.66667","","BG","0"
"biosphere-reserves:Q13018267","biosphere-reserves","Suan Sak - Huai Thak Biosphere Reserve","","","Biosphere reserve in Thailand | designated in 1977","18.63000","99.95000","","TH","0"
"biosphere-reserves:Q22771834","biosphere-reserves","Sumaco","","","Biosphere reserve in Ecuador | designated in 2000. Extended in 2002","-0.32000","-77.28000","","EC","0"
"biosphere-reserves:Q24405063","biosphere-reserves","Sumava Biosphere Reserve","","","Biosphere Reserve designated in 1990","49.01667","13.56667","","CZ","0"
"biosphere-reserves:Q124974588","biosphere-reserves","Sumeunmulbaengdui","","","","33.35000","126.43333","","KR","0"
"biosphere-reserves:Q22680798","biosphere-reserves","Tadami Biosphere Reserve","","","Biosphere reserve in Fukushima prefecture, Japan","37.28720","139.25530","","JP","0"
"biosphere-reserves:Q22680792","biosphere-reserves","Taka Bonerate-Kepulauan Selayar","","","Biosphere reserve in Indonesia | designated in 2015","-6.64310","121.37280","","ID","0"
"biosphere-reserves:Q22695556","biosphere-reserves","Tanasee-Biosphärenreservat","Lake Tana","Biosphärenreservat in Äthiopien","Biosphere reserve in Ethiopia | designated in 2015","11.90000","37.33330","","ET","0"
"biosphere-reserves:Q22680795","biosphere-reserves","Tang-e-Sayad & Sabzkuh","","","Biosphere reserve in Islamic Republic Of Iran | designated in 2015","31.54000","50.20000","","IR","0"
"biosphere-reserves:Q22693002","biosphere-reserves","Tara River Basin","","","Biosphere reserve in Montenegro | designated in 1976","42.32000","18.50000","","ME","0"
"biosphere-reserves:Q22771898","biosphere-reserves","Tasik Chini","","","Biosphere reserve in Malaysia | designated in 2009","3.46660","102.85830","","MY","0"
"biosphere-reserves:Q22771828","biosphere-reserves","Tassili N'Ajjer","","","Biosphere reserve in Algeria | designated in 1986","24.75000","8.60000","","DZ","0"
"biosphere-reserves:Q22674435","biosphere-reserves","Tatra Transboundary Biosphere Reserve (Poland/Slovakia)","","","Transboundary Biosphere reserve in Poland and Slovakia | designated in 1992","49.17000","19.47000","","PL","0"
"biosphere-reserves:Q22674440","biosphere-reserves","Taynish","","","Biosphere reserve in United Kingdom | designated in 1977. Withdrawn in 2010","56.00000","-5.63333","","GB","0"
"biosphere-reserves:Q12299072","biosphere-reserves","Tchervenata stena Biosphere Reserve","","","Biosphere reserve in Bulgaria","41.95000","24.86700","","BG","0"
"biosphere-reserves:Q4518121","biosphere-reserves","Tchouprene Biosphere Reserve","","","Biosphere reserve in Bulgaria","43.51700","22.66700","","BG","0"
"biosphere-reserves:Q6106234","biosphere-reserves","The Bosque Mbaracayú Biosphere Reserve","","","","-24.14083","-55.35361","","PY","0"
"biosphere-reserves:Q22678716","biosphere-reserves","The Karst","","","Biosphere reserve in Slovenia | designated in 2004","45.40000","13.79000","","SI","0"
"biosphere-reserves:Q24297644","biosphere-reserves","Tianmushan Biosphere Reserve","","","Biosphere Reserve designated in 1996","30.38333","119.43333","","CN","0"
"biosphere-reserves:Q15710698","biosphere-reserves","Tonlé Sap Biosphere Reserve","","","UNESCO Biosphere Reserve in Cambodia","12.75000","103.83000","","KH","0"
"biosphere-reserves:Q22680971","biosphere-reserves","Torres de Paine","","","biosphere reserve in Chile | designated in 1978","-50.45000","-72.31000","","CL","0"
"biosphere-reserves:Q22677996","biosphere-reserves","Toscana","","","Biosphere reserve in Italy | designated in 2004 as Selve Pisana Biosphere Reserve, expanded and renamed in 2016","43.43000","10.17000","","IT","0"
"biosphere-reserves:Q134304425","biosphere-reserves","Tsá Tué Biosphere Reserve","","","Biosphere Reserve in Canada","66.03500","-120.58806","","CA","0"
"biosphere-reserves:Q9068219","biosphere-reserves","Tsaritchina Biosphere Reserve","","","Biosphere reserve in Bulgaria","42.50000","24.30000","","BG","0"
"biosphere-reserves:Q9307811","biosphere-reserves","Tuchola Forest","","","Biosphere reserve in Poland | designated in 2010","53.79050","17.98550","","PL","0"
"biosphere-reserves:Q22674923","biosphere-reserves","Tuscan Islands","","","Biosphere reserve in Italy | designated in 2003","42.69000","10.31000","","IT","0"
"biosphere-reserves:Q1997495","biosphere-reserves","Ubsunur Hollow Biosphere Reserve","","","Biosphere reserve in Mongolia and Russia | designated in 1997","49.87000","94.79000","","MN","0"
"biosphere-reserves:Q4469149","biosphere-reserves","Ugra National Park","","","national park in Russia","54.02000","35.34000","","RU","0"
"biosphere-reserves:Q22674931","biosphere-reserves","Uluru (Ayers Rock-Mount Olga)","","","Biosphere reserve in Australia | designated in 1977","-24.25000","130.80000","","AU","0"
"biosphere-reserves:Q22678598","biosphere-reserves","UNESCO-MAB Biosphere Reserve of Flores Island","","","protected area in Portugal","39.40000","-31.18300","","PT","0"
"biosphere-reserves:Q24293515","biosphere-reserves","Unnamed Biosphere Reserve","","","Unnamed Biosphere Reserve, designated in 1977, includes Mamungari Conservation Park","-29.15000","130.00000","","AU","0"
"biosphere-reserves:Q5671143","biosphere-reserves","Upper Gulf of California and Colorado River Delta biosphere reserve","","","Biosphere reserve in Mexico | designated in 1993. Extended in 1995","31.73722","-114.54250","","MX","0"
"biosphere-reserves:Q199551","biosphere-reserves","Urmiasee","Urmia Lake","Salzsee in Iran","salt lake in Iran","37.66200","45.40500","","IR","0"
"biosphere-reserves:Q22806747","biosphere-reserves","Utwe","","","Biosphere reserve in Federated States Of Micronesia | designated in 2005","5.16000","162.57000","","FM","0"
"biosphere-reserves:Q81150","biosphere-reserves","Uws Nuur","Uvs Lake","Salzsee in der Mongolei","","50.30000","92.70000","","RU","0"
"biosphere-reserves:Q12297191","biosphere-reserves","Uzunbodzhak Reserve","","","Biosphere Reserve in Bulgaria","41.97611","27.80167","","BG","0"
"biosphere-reserves:Q45749538","biosphere-reserves","Uzunbucak (biyosfer parkı)","","","","41.97583","27.80222","","BG","0"
"biosphere-reserves:Q1400803","biosphere-reserves","Vadálló-kövek","","","","47.73968","18.91205","","HU","0"
"biosphere-reserves:Q22680952","biosphere-reserves","Valdés","","","Biosphere reserve in Argentina | designated in 2014","-42.57400","-64.32680","","AR","0"
"biosphere-reserves:Q22771838","biosphere-reserves","Valle del Ticino","","","Biosphere reserve in Italy | designated in 2002","45.28000","8.53000","","IT","0"
"biosphere-reserves:Q22693004","biosphere-reserves","Vallée du Fango","","","Biosphere reserve in France | designated in 1977 (Extended in 1990)","42.46667","8.66667","","FR","0"
"biosphere-reserves:Q605897","biosphere-reserves","Valley-of-Flowers-Nationalpark","Valley of Flowers National Park","Schutzgebiet in Indien","national park in Uttarakhand, India","30.73000","79.61750","","IN","0"
"biosphere-reserves:Q22678517","biosphere-reserves","Velebit Mountain","","","Biosphere reserve in Croatia | designated in 1977","44.30000","15.23000","","HR","0"
"biosphere-reserves:Q22695549","biosphere-reserves","Vhembe Biosphere Reserve","","","Biosphere reserve in Limpopo, South Africa | designated in 2009","-24.00000","31.66600","","ZA","0"
"biosphere-reserves:Q85493403","biosphere-reserves","Vindelälven-Juhttátahkka Biosphere Reserve","","UNESCO Biosphärenreservat in Schweden","biosphere reserve in Sweden","64.20195","19.71887","","SE","0"
"biosphere-reserves:Q6727157","biosphere-reserves","Volcán Maderas","","Naturschutzgebiet in Nicaragua","nature reserve in Nicaragua","11.44525","-85.50785","","NI","0"
"biosphere-reserves:Q22771843","biosphere-reserves","Volcán Tacaná Biosphere Reserve","","","Biosphere reserve in Mexico | designated in 2006","15.07000","-92.08000","","MX","0"
"biosphere-reserves:Q22671193","biosphere-reserves","Voronezhskiy","","","Biosphere reserve in Russian Federation | designated in 1984","51.77000","39.34000","","RU","0"
"biosphere-reserves:Q86189513","biosphere-reserves","Voxnadalen","","UNESCO Biosphärenreservat in Schweden","","61.52444","15.46167","","SE","0"
"biosphere-reserves:Q932736","biosphere-reserves","Vulkan-Nationalpark","Volcanoes National Park","Nationalpark in Ruanda","national park in Rwanda","-1.46750","29.49250","","RW","0"
"biosphere-reserves:Q22674865","biosphere-reserves","W' Region Transboundary Biosphere Reserve","","","transboundary Biosphere reserve in Benin, Burkina Faso and Niger","12.24000","2.61000","","BJ","0"
"biosphere-reserves:Q22678672","biosphere-reserves","Waddensea Area","","","biosphere reserve in Netherlands","52.92000","5.79000","","NL","0"
"biosphere-reserves:Q12241412","biosphere-reserves","Wadi Al Allaqi","","Biosphären-Reservat in Ägypten","biosphere reserve in Egypt","22.50800","34.00300","","EG","0"
"biosphere-reserves:Q2670965","biosphere-reserves","Waterberg","Waterberg Biosphere","Bergmassiv in der Provinz Limpopo in Südafrika","Biosphere reserve in South Africa | designated in 2001","-23.75000","27.85000","","ZA","0"
"biosphere-reserves:Q12369196","biosphere-reserves","West Estonian Archipelago Biosphere Reserve","","","biosphere reserve in Estonia","58.30000","22.50000","","EE","0"
"biosphere-reserves:Q24115437","biosphere-reserves","Wester Ross Biosphere Reserve","","","formerly known as Beinn Eighe, the site, situated in the northwest of Scotland, was designated in 1976","57.59370","-5.42940","","GB","0"
"biosphere-reserves:Q7988111","biosphere-reserves","Western Nghe An Biosphere Reserve","","","protected area in Vietnam","19.24000","104.92000","","VN","0"
"biosphere-reserves:Q22771823","biosphere-reserves","Wilson's Promontory","","","Biosphere reserve in Australia | designated in 1981","-38.85000","146.38000","","AU","0"
"biosphere-reserves:Q1464658","biosphere-reserves","Wolong-Naturreservat","Wolong National Nature Reserve","Naturschutzgebiet in Sichuan","","30.85000","102.89000","","CN","0"
"biosphere-reserves:Q22674922","biosphere-reserves","Wudalianchi","","","Biosphere reserve in China | designated in 2003","48.41000","126.13000","","CN","0"
"biosphere-reserves:Q22202623","biosphere-reserves","Wuyishan biosphere reserve","","","Biosphere reserve in China | designated in 1987","27.71667","117.65000","","CN","0"
"biosphere-reserves:Q22695535","biosphere-reserves","Xilin Gol","","","Biosphere reserve in China | designated in 1987","44.36667","115.73333","","CN","0"
"biosphere-reserves:Q4420354","biosphere-reserves","Xingkai Lake reserve","","","Biosphere reserve in China | designated in 2007","45.01660","131.97500","","CN","0"
"biosphere-reserves:Q22678386","biosphere-reserves","Xiriualtique Jiquitizco","","","Biosphere reserve in El Salvador | designated in 2007","13.26700","-88.50000","","SV","0"
"biosphere-reserves:Q22218420","biosphere-reserves","Yabotí","","","Biosphere reserve in Argentina | designated in 1995","-26.75000","-53.79000","","AR","0"
"biosphere-reserves:Q24116229","biosphere-reserves","Yakushima and Kuchinoerabu Jima Biosphere Reserve","","","Biosphere Reserve in Kagoshima prefecture, Japan","30.33333","130.50000","","JP","0"
"biosphere-reserves:Q1738800","biosphere-reserves","Yancheng-Naturreservat","Yancheng Coastal Wetlands","","nature reserve in Jiangsu, China","33.28000","120.14000","","CN","0"
"biosphere-reserves:Q4537903","biosphere-reserves","Yangambi","","Schutzgebiet in Natur- und Landschaftsschutz in der Demokratischen Republik Kongo","biosphere reserve in the Democratic Republic of Congo","0.33330","24.50000","","CD","0"
"biosphere-reserves:Q16723536","biosphere-reserves","Yathong Biosphere Reserve","","","protected area in New South Wales, Australia","-32.44000","145.35000","","AU","0"
"biosphere-reserves:Q22695553","biosphere-reserves","Yayu","","","Biosphere reserve in Ethiopia | designated in 2010","8.33739","35.81736","","ET","0"
"biosphere-reserves:Q351","biosphere-reserves","Yellowstone-Nationalpark","Yellowstone National Park","Nationalpark in den Vereinigten Staaten","first national park in the world, located in Wyoming, Montana, and Idaho in the United States","44.60000","-110.50000","","US","0"
"biosphere-reserves:Q8071340","biosphere-reserves","Ziama Strict Nature Reserve","","","mountain range in Guinea","8.28340","-9.35830","","GN","0"
"biosphere-reserves:Q22680817","biosphere-reserves","Ziarat Juniper Forest","","","biosphere reserve in Pakistan, designated in 2013","30.39830","67.73330","","PK","0"
"biosphere-reserves:Q4181215","biosphere-reserves","Žuvintas Biosphärenreservat","Žuvintas","UNESCO-Biosphärenreservat in Litauen","biosphere reserve in Lithuania","54.48330","23.55000","","LT","0"
